generation,size,female_size,fertile_female_size,rate_dr,rate_has_drive,drive_efficiency,drop_ratio,low_density_growth_rate,density_growth_curve
1,78234,49005,1,0.0,0.0,0.0,27.0,3.0,linear
2,78464,49244,1,0.0,0.0,0.0,27.0,3.0,linear
3,78701,49849,1,0.0,0.0,0.0,27.0,3.0,linear
4,79002,50227,1,0.0,0.0,0.0,27.0,3.0,linear
5,78568,50037,1,0.0,0.0,0.0,27.0,3.0,linear
6,78548,50117,1,0.0,0.0,0.0,27.0,3.0,linear
7,78680,50214,1,0.0,0.0,0.0,27.0,3.0,linear
8,78631,50043,1,0.0,0.0,0.0,27.0,3.0,linear
9,78230,49662,1,0.0,0.0,0.0,27.0,3.0,linear
10,78598,50027,1,0.0,0.0,0.0,27.0,3.0,linear
11,240653,50097,1,0.600791,0.600791,0.0,27.0,3.0,linear
12,322333,50642,1,0.688098,0.688098,0.0,27.0,3.0,linear
13,325174,51923,1,0.691648,0.691648,0.0,27.0,3.0,linear
14,322579,50686,1,0.708776,0.708776,0.0,27.0,3.0,linear
15,314063,46567,1,0.738157,0.738157,0.0,27.0,3.0,linear
16,303374,40386,1,0.781273,0.781273,0.0,27.0,3.0,linear
17,288744,32172,1,0.827079,0.827079,0.0,27.0,3.0,linear
18,276079,24079,1,0.869384,0.869384,0.0,27.0,3.0,linear
19,266651,17160,1,0.905531,0.905531,0.0,27.0,3.0,linear
20,258663,11682,1,0.934492,0.934492,0.0,27.0,3.0,linear
21,253420,7662,1,0.956911,0.956911,0.0,27.0,3.0,linear
22,249673,4824,1,0.973514,0.973514,0.0,27.0,3.0,linear
23,247131,3016,1,0.984144,0.984144,0.0,27.0,3.0,linear
24,245957,1782,1,0.991094,0.991094,0.0,27.0,3.0,linear
25,245030,944,1,0.995389,0.995389,0.0,27.0,3.0,linear
26,244127,514,1,0.997653,0.997653,0.0,27.0,3.0,linear
27,243679,226,1,0.998962,0.998962,0.0,27.0,3.0,linear
28,244024,83,1,0.999611,0.999611,0.0,27.0,3.0,linear
29,243892,35,1,0.999848,0.999848,0.0,27.0,3.0,linear
30,243728,17,1,0.999922,0.999922,0.0,27.0,3.0,linear
31,244058,7,1,0.999971,0.999971,0.0,27.0,3.0,linear
32,243422,5,1,0.999979,0.999979,0.0,27.0,3.0,linear
33,243549,2,1,0.999992,0.999992,0.0,27.0,3.0,linear
34,244007,2,1,0.999992,0.999992,0.0,27.0,3.0,linear
35,243355,0,1,1.0,1.0,0.0,27.0,3.0,linear

