generation,size,female_size,fertile_female_size,rate_dr,rate_has_drive,drive_efficiency,drop_ratio,low_density_growth_rate,density_growth_curve
1,78224,48977,1,0.0,0.0,0.0,27.0,7.0,linear
2,78281,49137,1,0.0,0.0,0.0,27.0,7.0,linear
3,79597,49950,1,0.0,0.0,0.0,27.0,7.0,linear
4,81203,51027,1,0.0,0.0,0.0,27.0,7.0,linear
5,79742,50678,1,0.0,0.0,0.0,27.0,7.0,linear
6,76708,49374,1,0.0,0.0,0.0,27.0,7.0,linear
7,77429,49794,1,0.0,0.0,0.0,27.0,7.0,linear
8,79340,50375,1,0.0,0.0,0.0,27.0,7.0,linear
9,79472,50320,1,0.0,0.0,0.0,27.0,7.0,linear
10,78221,49759,1,0.0,0.0,0.0,27.0,7.0,linear
11,240477,49815,1,0.600964,0.600964,0.0,27.0,7.0,linear
12,323268,50244,1,0.652555,0.652555,0.0,27.0,7.0,linear
13,344934,61305,1,0.623587,0.623587,0.0,27.0,7.0,linear
14,356639,68122,1,0.611115,0.611115,0.0,27.0,7.0,linear
15,360374,71631,1,0.613944,0.613944,0.0,27.0,7.0,linear
16,355766,71566,1,0.629226,0.629226,0.0,27.0,7.0,linear
17,347465,68052,1,0.647159,0.647159,0.0,27.0,7.0,linear
18,338348,63203,1,0.665935,0.665935,0.0,27.0,7.0,linear
19,330259,57066,1,0.687154,0.687154,0.0,27.0,7.0,linear
20,322302,51677,1,0.710114,0.710114,0.0,27.0,7.0,linear
21,313526,46231,1,0.733194,0.733194,0.0,27.0,7.0,linear
22,305249,41287,1,0.759083,0.759083,0.0,27.0,7.0,linear
23,297093,35976,1,0.784799,0.784799,0.0,27.0,7.0,linear
24,290146,31263,1,0.812466,0.812466,0.0,27.0,7.0,linear
25,281873,26259,1,0.839484,0.839484,0.0,27.0,7.0,linear
26,274399,21787,1,0.866258,0.866258,0.0,27.0,7.0,linear
27,268682,17540,1,0.892156,0.892156,0.0,27.0,7.0,linear
28,262930,13593,1,0.915951,0.915951,0.0,27.0,7.0,linear
29,257793,10364,1,0.937125,0.937125,0.0,27.0,7.0,linear
30,253363,7592,1,0.954304,0.954304,0.0,27.0,7.0,linear
31,251131,5374,1,0.968743,0.968743,0.0,27.0,7.0,linear
32,248833,3592,1,0.97908,0.97908,0.0,27.0,7.0,linear
33,246890,2405,1,0.98646,0.98646,0.0,27.0,7.0,linear
34,245248,1523,1,0.991528,0.991528,0.0,27.0,7.0,linear
35,244851,914,1,0.995117,0.995117,0.0,27.0,7.0,linear
36,244256,537,1,0.997257,0.997257,0.0,27.0,7.0,linear
37,243822,288,1,0.998585,0.998585,0.0,27.0,7.0,linear
38,243534,137,1,0.999376,0.999376,0.0,27.0,7.0,linear
39,243549,59,1,0.999745,0.999745,0.0,27.0,7.0,linear
40,243010,22,1,0.999905,0.999905,0.0,27.0,7.0,linear
41,243993,7,1,0.999971,0.999971,0.0,27.0,7.0,linear
42,243417,0,1,1.0,1.0,0.0,27.0,7.0,linear

