generation,size,female_size,fertile_female_size,rate_dr,rate_has_drive,drive_efficiency,drop_ratio,low_density_growth_rate,density_growth_curve
1,78695,49639,1,0.0,0.0,0.0,51.0,7.0,linear
2,78460,49591,1,0.0,0.0,0.0,51.0,7.0,linear
3,77992,49474,1,0.0,0.0,0.0,51.0,7.0,linear
4,78665,50039,1,0.0,0.0,0.0,51.0,7.0,linear
5,79111,50184,1,0.0,0.0,0.0,51.0,7.0,linear
6,78743,50025,1,0.0,0.0,0.0,51.0,7.0,linear
7,78450,50040,1,0.0,0.0,0.0,51.0,7.0,linear
8,78275,50029,1,0.0,0.0,0.0,51.0,7.0,linear
9,78727,50112,1,0.0,0.0,0.0,51.0,7.0,linear
10,78724,49961,1,0.0,0.0,0.0,51.0,7.0,linear
11,384993,49766,1,0.740546,0.740546,0.0,51.0,7.0,linear
12,539103,50089,1,0.778484,0.778484,0.0,51.0,7.0,linear
13,562448,61847,1,0.757895,0.757895,0.0,51.0,7.0,linear
14,571726,67880,1,0.75183,0.75183,0.0,51.0,7.0,linear
15,573259,70096,1,0.762715,0.762715,0.0,51.0,7.0,linear
16,562432,66596,1,0.786503,0.786503,0.0,51.0,7.0,linear
17,548004,59611,1,0.81507,0.81507,0.0,51.0,7.0,linear
18,531160,49635,1,0.843759,0.843759,0.0,51.0,7.0,linear
19,516132,39733,1,0.872057,0.872057,0.0,51.0,7.0,linear
20,504477,31088,1,0.897483,0.897483,0.0,51.0,7.0,linear
21,494149,23987,1,0.920431,0.920431,0.0,51.0,7.0,linear
22,485240,18060,1,0.941077,0.941077,0.0,51.0,7.0,linear
23,477819,13187,1,0.958089,0.958089,0.0,51.0,7.0,linear
24,472579,9232,1,0.971738,0.971738,0.0,51.0,7.0,linear
25,467512,6074,1,0.981897,0.981897,0.0,51.0,7.0,linear
26,464550,3845,1,0.988873,0.988873,0.0,51.0,7.0,linear
27,463687,2335,1,0.993384,0.993384,0.0,51.0,7.0,linear
28,461776,1377,1,0.996306,0.996306,0.0,51.0,7.0,linear
29,461899,738,1,0.998108,0.998108,0.0,51.0,7.0,linear
30,460271,376,1,0.999079,0.999079,0.0,51.0,7.0,linear
31,460030,192,1,0.99955,0.99955,0.0,51.0,7.0,linear
32,459779,96,1,0.99978,0.99978,0.0,51.0,7.0,linear
33,460008,32,1,0.99993,0.99993,0.0,51.0,7.0,linear
34,460061,5,1,0.999989,0.999989,0.0,51.0,7.0,linear
35,459956,1,1,0.999998,0.999998,0.0,51.0,7.0,linear
36,460404,0,1,1.0,1.0,0.0,51.0,7.0,linear

