generation,size,female_size,fertile_female_size,rate_dr,rate_has_drive,drive_efficiency,drop_ratio,low_density_growth_rate,density_growth_curve
1,78244,49562,1,0.0,0.0,0.0,33.0,6.0,linear
2,78282,49410,1,0.0,0.0,0.0,33.0,6.0,linear
3,79478,50148,1,0.0,0.0,0.0,33.0,6.0,linear
4,79057,50102,1,0.0,0.0,0.0,33.0,6.0,linear
5,78439,49825,1,0.0,0.0,0.0,33.0,6.0,linear
6,78461,49952,1,0.0,0.0,0.0,33.0,6.0,linear
7,78754,50228,1,0.0,0.0,0.0,33.0,6.0,linear
8,78574,50088,1,0.0,0.0,0.0,33.0,6.0,linear
9,77366,49362,1,0.0,0.0,0.0,33.0,6.0,linear
10,77065,49280,1,0.0,0.0,0.0,33.0,6.0,linear
11,277874,50096,1,0.646915,0.646915,0.0,33.0,6.0,linear
12,377724,50609,1,0.702135,0.702135,0.0,33.0,6.0,linear
13,395022,59686,1,0.681666,0.681666,0.0,33.0,6.0,linear
14,403321,64268,1,0.677118,0.677118,0.0,33.0,6.0,linear
15,403672,65548,1,0.689276,0.689276,0.0,33.0,6.0,linear
16,393708,62132,1,0.714626,0.714626,0.0,33.0,6.0,linear
17,381494,56048,1,0.745226,0.745226,0.0,33.0,6.0,linear
18,367550,48142,1,0.775972,0.775972,0.0,33.0,6.0,linear
19,355273,40150,1,0.806917,0.806917,0.0,33.0,6.0,linear
20,345806,32965,1,0.838858,0.838858,0.0,33.0,6.0,linear
21,336002,26434,1,0.869094,0.869094,0.0,33.0,6.0,linear
22,326905,20477,1,0.897672,0.897672,0.0,33.0,6.0,linear
23,319777,15600,1,0.923122,0.923122,0.0,33.0,6.0,linear
24,313739,11407,1,0.944933,0.944933,0.0,33.0,6.0,linear
25,309160,7906,1,0.962461,0.962461,0.0,33.0,6.0,linear
26,304578,5227,1,0.975431,0.975431,0.0,33.0,6.0,linear
27,301854,3392,1,0.984498,0.984498,0.0,33.0,6.0,linear
28,300237,2070,1,0.990801,0.990801,0.0,33.0,6.0,linear
29,298476,1185,1,0.994945,0.994945,0.0,33.0,6.0,linear
30,298443,648,1,0.997363,0.997363,0.0,33.0,6.0,linear
31,298423,335,1,0.998676,0.998676,0.0,33.0,6.0,linear
32,297930,144,1,0.999439,0.999439,0.0,33.0,6.0,linear
33,297791,57,1,0.999782,0.999782,0.0,33.0,6.0,linear
34,298024,21,1,0.999919,0.999919,0.0,33.0,6.0,linear
35,297098,9,1,0.99997,0.99997,0.0,33.0,6.0,linear
36,297772,4,1,0.999987,0.999987,0.0,33.0,6.0,linear
37,297801,1,1,0.999997,0.999997,0.0,33.0,6.0,linear
38,298312,0,1,1.0,1.0,0.0,33.0,6.0,linear

