generation,size,female_size,fertile_female_size,rate_dr,rate_has_drive,drive_efficiency,drop_ratio,low_density_growth_rate,density_growth_curve
1,78372,49156,1,0.0,0.0,0.0,57.0,6.0,linear
2,78317,49220,1,0.0,0.0,0.0,57.0,6.0,linear
3,80132,50296,1,0.0,0.0,0.0,57.0,6.0,linear
4,79347,50182,1,0.0,0.0,0.0,57.0,6.0,linear
5,78875,50121,1,0.0,0.0,0.0,57.0,6.0,linear
6,78987,50315,1,0.0,0.0,0.0,57.0,6.0,linear
7,78629,50006,1,0.0,0.0,0.0,57.0,6.0,linear
8,78347,49735,1,0.0,0.0,0.0,57.0,6.0,linear
9,78387,49694,1,0.0,0.0,0.0,57.0,6.0,linear
10,79187,50256,1,0.0,0.0,0.0,57.0,6.0,linear
11,422382,50240,1,0.763028,0.763028,0.0,57.0,6.0,linear
12,592711,49855,1,0.804693,0.804693,0.0,57.0,6.0,linear
13,611235,59226,1,0.788877,0.788877,0.0,57.0,6.0,linear
14,618815,63868,1,0.786926,0.786926,0.0,57.0,6.0,linear
15,617426,64373,1,0.800179,0.800179,0.0,57.0,6.0,linear
16,604900,59476,1,0.827012,0.827012,0.0,57.0,6.0,linear
17,588104,50875,1,0.858206,0.858206,0.0,57.0,6.0,linear
18,570278,40663,1,0.887281,0.887281,0.0,57.0,6.0,linear
19,556008,30491,1,0.913927,0.913927,0.0,57.0,6.0,linear
20,545476,22460,1,0.936583,0.936583,0.0,57.0,6.0,linear
21,535855,15868,1,0.955429,0.955429,0.0,57.0,6.0,linear
22,528638,10913,1,0.969886,0.969886,0.0,57.0,6.0,linear
23,523396,7320,1,0.981048,0.981048,0.0,57.0,6.0,linear
24,519490,4514,1,0.988543,0.988543,0.0,57.0,6.0,linear
25,517731,2674,1,0.993459,0.993459,0.0,57.0,6.0,linear
26,515960,1389,1,0.996597,0.996597,0.0,57.0,6.0,linear
27,513884,724,1,0.998268,0.998268,0.0,57.0,6.0,linear
28,514406,355,1,0.999174,0.999174,0.0,57.0,6.0,linear
29,514192,179,1,0.999607,0.999607,0.0,57.0,6.0,linear
30,514321,87,1,0.999817,0.999817,0.0,57.0,6.0,linear
31,513934,35,1,0.999932,0.999932,0.0,57.0,6.0,linear
32,514150,16,1,0.999969,0.999969,0.0,57.0,6.0,linear
33,514273,2,1,0.999996,0.999996,0.0,57.0,6.0,linear
34,514190,0,1,1.0,1.0,0.0,57.0,6.0,linear

