generation,size,female_size,fertile_female_size,rate_dr,rate_has_drive,drive_efficiency,drop_ratio,low_density_growth_rate,density_growth_curve
1,77971,48989,1,0.0,0.0,0.0,45.0,10.0,linear
2,78156,49205,1,0.0,0.0,0.0,45.0,10.0,linear
3,84140,52485,1,0.0,0.0,0.0,45.0,10.0,linear
4,80632,51115,1,0.0,0.0,0.0,45.0,10.0,linear
5,71476,46765,1,0.0,0.0,0.0,45.0,10.0,linear
6,76806,49477,1,0.0,0.0,0.0,45.0,10.0,linear
7,87648,54282,1,0.0,0.0,0.0,45.0,10.0,linear
8,80588,50792,1,0.0,0.0,0.0,45.0,10.0,linear
9,65715,44026,1,0.0,0.0,0.0,45.0,10.0,linear
10,76780,49321,1,0.0,0.0,0.0,45.0,10.0,linear
11,363218,56367,1,0.708956,0.708956,0.0,45.0,10.0,linear
12,486365,50217,1,0.726636,0.726636,0.0,45.0,10.0,linear
13,527084,71994,1,0.700247,0.700247,0.0,45.0,10.0,linear
14,539093,80344,1,0.681367,0.681367,0.0,45.0,10.0,linear
15,551449,88070,1,0.678761,0.678761,0.0,45.0,10.0,linear
16,544802,88042,1,0.690708,0.690708,0.0,45.0,10.0,linear
17,537895,85367,1,0.70554,0.70554,0.0,45.0,10.0,linear
18,527510,80438,1,0.719864,0.719864,0.0,45.0,10.0,linear
19,517650,73069,1,0.737273,0.737273,0.0,45.0,10.0,linear
20,509295,67432,1,0.753784,0.753784,0.0,45.0,10.0,linear
21,499413,61606,1,0.771343,0.771343,0.0,45.0,10.0,linear
22,490798,55734,1,0.792465,0.792465,0.0,45.0,10.0,linear
23,480497,49371,1,0.813617,0.813617,0.0,45.0,10.0,linear
24,469875,43232,1,0.834112,0.834112,0.0,45.0,10.0,linear
25,461225,37456,1,0.855752,0.855752,0.0,45.0,10.0,linear
26,452551,31793,1,0.877105,0.877105,0.0,45.0,10.0,linear
27,444230,26534,1,0.897952,0.897952,0.0,45.0,10.0,linear
28,436463,21331,1,0.917343,0.917343,0.0,45.0,10.0,linear
29,429143,16966,1,0.935444,0.935444,0.0,45.0,10.0,linear
30,423216,12793,1,0.95188,0.95188,0.0,45.0,10.0,linear
31,418857,9448,1,0.965333,0.965333,0.0,45.0,10.0,linear
32,414785,6667,1,0.976203,0.976203,0.0,45.0,10.0,linear
33,412430,4454,1,0.984606,0.984606,0.0,45.0,10.0,linear
34,410498,2895,1,0.990383,0.990383,0.0,45.0,10.0,linear
35,408568,1803,1,0.994208,0.994208,0.0,45.0,10.0,linear
36,406723,1084,1,0.996713,0.996713,0.0,45.0,10.0,linear
37,406874,588,1,0.998248,0.998248,0.0,45.0,10.0,linear
38,406468,293,1,0.999122,0.999122,0.0,45.0,10.0,linear
39,406164,140,1,0.999594,0.999594,0.0,45.0,10.0,linear
40,406393,66,1,0.999813,0.999813,0.0,45.0,10.0,linear
41,406627,27,1,0.999934,0.999934,0.0,45.0,10.0,linear
42,406676,9,1,0.999978,0.999978,0.0,45.0,10.0,linear
43,406335,3,1,0.999993,0.999993,0.0,45.0,10.0,linear
44,405927,0,1,1.0,1.0,0.0,45.0,10.0,linear

