generation,size,female_size,fertile_female_size,rate_dr,rate_has_drive,drive_efficiency,drop_ratio,low_density_growth_rate,density_growth_curve
1,78114,48988,1,0.0,0.0,0.0,12.0,3.0,linear
2,78120,49172,1,0.0,0.0,0.0,12.0,3.0,linear
3,78677,49730,1,0.0,0.0,0.0,12.0,3.0,linear
4,78596,49954,1,0.0,0.0,0.0,12.0,3.0,linear
5,78550,49969,1,0.0,0.0,0.0,12.0,3.0,linear
6,78746,50137,1,0.0,0.0,0.0,12.0,3.0,linear
7,78712,50127,1,0.0,0.0,0.0,12.0,3.0,linear
8,78530,50056,1,0.0,0.0,0.0,12.0,3.0,linear
9,78470,50037,1,0.0,0.0,0.0,12.0,3.0,linear
10,78990,50190,1,0.0,0.0,0.0,12.0,3.0,linear
11,150915,50116,1,0.402031,0.402031,0.0,12.0,3.0,linear
12,187145,50316,1,0.496777,0.496777,0.0,12.0,3.0,linear
13,189370,51382,1,0.496998,0.496998,0.0,12.0,3.0,linear
14,188681,51194,1,0.507926,0.507926,0.0,12.0,3.0,linear
15,184303,48767,1,0.531357,0.531357,0.0,12.0,3.0,linear
16,175877,44784,1,0.564845,0.564845,0.0,12.0,3.0,linear
17,166036,39188,1,0.605311,0.605311,0.0,12.0,3.0,linear
18,155844,32950,1,0.650009,0.650009,0.0,12.0,3.0,linear
19,147248,27170,1,0.696323,0.696323,0.0,12.0,3.0,linear
20,139845,21923,1,0.741398,0.741398,0.0,12.0,3.0,linear
21,133219,17293,1,0.789003,0.789003,0.0,12.0,3.0,linear
22,127023,13235,1,0.833671,0.833671,0.0,12.0,3.0,linear
23,122126,10008,1,0.874057,0.874057,0.0,12.0,3.0,linear
24,118001,7191,1,0.909771,0.909771,0.0,12.0,3.0,linear
25,114492,4902,1,0.939041,0.939041,0.0,12.0,3.0,linear
26,112295,3198,1,0.960817,0.960817,0.0,12.0,3.0,linear
27,110467,1980,1,0.975991,0.975991,0.0,12.0,3.0,linear
28,109715,1176,1,0.986126,0.986126,0.0,12.0,3.0,linear
29,109211,658,1,0.992429,0.992429,0.0,12.0,3.0,linear
30,108529,359,1,0.996056,0.996056,0.0,12.0,3.0,linear
31,108293,190,1,0.998061,0.998061,0.0,12.0,3.0,linear
32,108807,80,1,0.9992,0.9992,0.0,12.0,3.0,linear
33,108070,28,1,0.999741,0.999741,0.0,12.0,3.0,linear
34,108026,7,1,0.999935,0.999935,0.0,12.0,3.0,linear
35,108361,3,1,0.999972,0.999972,0.0,12.0,3.0,linear
36,108106,0,1,1.0,1.0,0.0,12.0,3.0,linear

