generation,size,female_size,fertile_female_size,rate_dr,rate_has_drive,drive_efficiency,drop_ratio,low_density_growth_rate,density_growth_curve
1,78597,49524,1,0.0,0.0,0.0,33.0,6.0,linear
2,78538,49404,1,0.0,0.0,0.0,33.0,6.0,linear
3,79753,50352,1,0.0,0.0,0.0,33.0,6.0,linear
4,80573,50995,1,0.0,0.0,0.0,33.0,6.0,linear
5,77961,49714,1,0.0,0.0,0.0,33.0,6.0,linear
6,77417,49303,1,0.0,0.0,0.0,33.0,6.0,linear
7,78851,50150,1,0.0,0.0,0.0,33.0,6.0,linear
8,80254,50796,1,0.0,0.0,0.0,33.0,6.0,linear
9,78201,49755,1,0.0,0.0,0.0,33.0,6.0,linear
10,76946,49148,1,0.0,0.0,0.0,33.0,6.0,linear
11,277366,50048,1,0.648825,0.648825,0.0,33.0,6.0,linear
12,378044,50386,1,0.703826,0.703826,0.0,33.0,6.0,linear
13,395389,59067,1,0.682153,0.682153,0.0,33.0,6.0,linear
14,402951,63910,1,0.677154,0.677154,0.0,33.0,6.0,linear
15,402916,65465,1,0.689144,0.689144,0.0,33.0,6.0,linear
16,393981,62594,1,0.713837,0.713837,0.0,33.0,6.0,linear
17,381740,56386,1,0.744411,0.744411,0.0,33.0,6.0,linear
18,368751,48616,1,0.776004,0.776004,0.0,33.0,6.0,linear
19,355542,40295,1,0.808089,0.808089,0.0,33.0,6.0,linear
20,344580,32721,1,0.840044,0.840044,0.0,33.0,6.0,linear
21,335441,26079,1,0.870238,0.870238,0.0,33.0,6.0,linear
22,327430,20510,1,0.897618,0.897618,0.0,33.0,6.0,linear
23,319794,15816,1,0.922668,0.922668,0.0,33.0,6.0,linear
24,313498,11640,1,0.94404,0.94404,0.0,33.0,6.0,linear
25,308528,8135,1,0.961668,0.961668,0.0,33.0,6.0,linear
26,304997,5469,1,0.975012,0.975012,0.0,33.0,6.0,linear
27,302089,3448,1,0.984685,0.984685,0.0,33.0,6.0,linear
28,300749,2015,1,0.991239,0.991239,0.0,33.0,6.0,linear
29,299553,1137,1,0.99529,0.99529,0.0,33.0,6.0,linear
30,298314,611,1,0.997503,0.997503,0.0,33.0,6.0,linear
31,297798,282,1,0.998875,0.998875,0.0,33.0,6.0,linear
32,297715,144,1,0.999442,0.999442,0.0,33.0,6.0,linear
33,297676,64,1,0.999748,0.999748,0.0,33.0,6.0,linear
34,297511,25,1,0.999916,0.999916,0.0,33.0,6.0,linear
35,297673,9,1,0.99997,0.99997,0.0,33.0,6.0,linear
36,297939,1,1,0.999997,0.999997,0.0,33.0,6.0,linear
37,297702,0,1,1.0,1.0,0.0,33.0,6.0,linear

