generation,size,female_size,fertile_female_size,rate_dr,rate_has_drive,drive_efficiency,drop_ratio,low_density_growth_rate,density_growth_curve
1,78379,49498,1,0.0,0.0,0.0,33.0,6.0,linear
2,78639,49627,1,0.0,0.0,0.0,33.0,6.0,linear
3,78750,49733,1,0.0,0.0,0.0,33.0,6.0,linear
4,79455,50158,1,0.0,0.0,0.0,33.0,6.0,linear
5,79485,50145,1,0.0,0.0,0.0,33.0,6.0,linear
6,79432,50469,1,0.0,0.0,0.0,33.0,6.0,linear
7,78732,50091,1,0.0,0.0,0.0,33.0,6.0,linear
8,77685,49602,1,0.0,0.0,0.0,33.0,6.0,linear
9,79045,50326,1,0.0,0.0,0.0,33.0,6.0,linear
10,78854,49864,1,0.0,0.0,0.0,33.0,6.0,linear
11,277324,49759,1,0.647582,0.647582,0.0,33.0,6.0,linear
12,376692,50152,1,0.703319,0.703319,0.0,33.0,6.0,linear
13,394524,58899,1,0.682398,0.682398,0.0,33.0,6.0,linear
14,403531,64119,1,0.676912,0.676912,0.0,33.0,6.0,linear
15,403267,65278,1,0.687094,0.687094,0.0,33.0,6.0,linear
16,394484,62762,1,0.712259,0.712259,0.0,33.0,6.0,linear
17,382043,56492,1,0.743054,0.743054,0.0,33.0,6.0,linear
18,369296,48993,1,0.773088,0.773088,0.0,33.0,6.0,linear
19,357104,40714,1,0.803838,0.803838,0.0,33.0,6.0,linear
20,346666,33576,1,0.833896,0.833896,0.0,33.0,6.0,linear
21,336962,26961,1,0.864897,0.864897,0.0,33.0,6.0,linear
22,327877,21211,1,0.893837,0.893837,0.0,33.0,6.0,linear
23,320886,16440,1,0.920049,0.920049,0.0,33.0,6.0,linear
24,314212,12040,1,0.942289,0.942289,0.0,33.0,6.0,linear
25,309617,8499,1,0.960236,0.960236,0.0,33.0,6.0,linear
26,305223,5590,1,0.974369,0.974369,0.0,33.0,6.0,linear
27,301842,3559,1,0.983957,0.983957,0.0,33.0,6.0,linear
28,300233,2130,1,0.990596,0.990596,0.0,33.0,6.0,linear
29,299611,1201,1,0.994671,0.994671,0.0,33.0,6.0,linear
30,298216,717,1,0.996976,0.996976,0.0,33.0,6.0,linear
31,298104,383,1,0.99846,0.99846,0.0,33.0,6.0,linear
32,298629,206,1,0.9992,0.9992,0.0,33.0,6.0,linear
33,297739,96,1,0.999641,0.999641,0.0,33.0,6.0,linear
34,297822,39,1,0.999869,0.999869,0.0,33.0,6.0,linear
35,297707,15,1,0.99995,0.99995,0.0,33.0,6.0,linear
36,297931,6,1,0.99998,0.99998,0.0,33.0,6.0,linear
37,298008,2,1,0.999993,0.999993,0.0,33.0,6.0,linear
38,298046,0,1,1.0,1.0,0.0,33.0,6.0,linear

