generation,size,female_size,fertile_female_size,rate_dr,rate_has_drive,drive_efficiency,drop_ratio,low_density_growth_rate,density_growth_curve
1,77746,48784,1,0.0,0.0,0.0,21.0,2.0,linear
2,77983,48928,1,0.0,0.0,0.0,21.0,2.0,linear
3,78173,49444,1,0.0,0.0,0.0,21.0,2.0,linear
4,77986,49366,1,0.0,0.0,0.0,21.0,2.0,linear
5,77736,49469,1,0.0,0.0,0.0,21.0,2.0,linear
6,77872,49452,1,0.0,0.0,0.0,21.0,2.0,linear
7,78088,49734,1,0.0,0.0,0.0,21.0,2.0,linear
8,78124,49695,1,0.0,0.0,0.0,21.0,2.0,linear
9,78423,49853,1,0.0,0.0,0.0,21.0,2.0,linear
10,78526,50088,1,0.0,0.0,0.0,21.0,2.0,linear
11,204330,50105,1,0.54068,0.54068,0.0,21.0,2.0,linear
12,267859,50276,1,0.643615,0.643615,0.0,21.0,2.0,linear
13,265915,49121,1,0.660781,0.660781,0.0,21.0,2.0,linear
14,258535,45452,1,0.688305,0.688305,0.0,21.0,2.0,linear
15,248811,39670,1,0.729931,0.729931,0.0,21.0,2.0,linear
16,236189,32806,1,0.779408,0.779408,0.0,21.0,2.0,linear
17,224567,25122,1,0.8322,0.8322,0.0,21.0,2.0,linear
18,213437,17907,1,0.878964,0.878964,0.0,21.0,2.0,linear
19,204765,12108,1,0.917305,0.917305,0.0,21.0,2.0,linear
20,198952,7815,1,0.946383,0.946383,0.0,21.0,2.0,linear
21,195008,4693,1,0.967578,0.967578,0.0,21.0,2.0,linear
22,192939,2806,1,0.981128,0.981128,0.0,21.0,2.0,linear
23,191330,1603,1,0.989457,0.989457,0.0,21.0,2.0,linear
24,190244,909,1,0.994303,0.994303,0.0,21.0,2.0,linear
25,190223,447,1,0.99733,0.99733,0.0,21.0,2.0,linear
26,189638,225,1,0.998645,0.998645,0.0,21.0,2.0,linear
27,189143,89,1,0.999487,0.999487,0.0,21.0,2.0,linear
28,189298,33,1,0.999815,0.999815,0.0,21.0,2.0,linear
29,189329,12,1,0.999931,0.999931,0.0,21.0,2.0,linear
30,188933,4,1,0.999974,0.999974,0.0,21.0,2.0,linear
31,189292,1,1,0.999995,0.999995,0.0,21.0,2.0,linear
32,189841,0,1,1.0,1.0,0.0,21.0,2.0,linear

