generation,size,female_size,fertile_female_size,rate_dr,rate_has_drive,drive_efficiency,drop_ratio,low_density_growth_rate,density_growth_curve
1,78265,49235,1,0.0,0.0,0.0,48.0,8.0,linear
2,78314,49301,1,0.0,0.0,0.0,48.0,8.0,linear
3,79383,50081,1,0.0,0.0,0.0,48.0,8.0,linear
4,80856,51036,1,0.0,0.0,0.0,48.0,8.0,linear
5,79162,50343,1,0.0,0.0,0.0,48.0,8.0,linear
6,77506,49520,1,0.0,0.0,0.0,48.0,8.0,linear
7,77660,49420,1,0.0,0.0,0.0,48.0,8.0,linear
8,78229,49377,1,0.0,0.0,0.0,48.0,8.0,linear
9,80490,50665,1,0.0,0.0,0.0,48.0,8.0,linear
10,79743,50363,1,0.0,0.0,0.0,48.0,8.0,linear
11,367192,49878,1,0.734389,0.734389,0.0,48.0,8.0,linear
12,509284,48884,1,0.763622,0.763622,0.0,48.0,8.0,linear
13,539434,64069,1,0.737201,0.737201,0.0,48.0,8.0,linear
14,552188,71410,1,0.72594,0.72594,0.0,48.0,8.0,linear
15,556764,75429,1,0.731782,0.731782,0.0,48.0,8.0,linear
16,547208,73868,1,0.751628,0.751628,0.0,48.0,8.0,linear
17,534205,68048,1,0.776298,0.776298,0.0,48.0,8.0,linear
18,519231,59305,1,0.801134,0.801134,0.0,48.0,8.0,linear
19,506186,50068,1,0.827508,0.827508,0.0,48.0,8.0,linear
20,494080,41969,1,0.853196,0.853196,0.0,48.0,8.0,linear
21,482870,34084,1,0.879567,0.879567,0.0,48.0,8.0,linear
22,472082,27586,1,0.903237,0.903237,0.0,48.0,8.0,linear
23,463594,21501,1,0.925639,0.925639,0.0,48.0,8.0,linear
24,455982,16199,1,0.944571,0.944571,0.0,48.0,8.0,linear
25,449074,11677,1,0.960333,0.960333,0.0,48.0,8.0,linear
26,444865,8237,1,0.973006,0.973006,0.0,48.0,8.0,linear
27,440128,5493,1,0.982436,0.982436,0.0,48.0,8.0,linear
28,437752,3569,1,0.988872,0.988872,0.0,48.0,8.0,linear
29,436344,2254,1,0.99333,0.99333,0.0,48.0,8.0,linear
30,434792,1283,1,0.996265,0.996265,0.0,48.0,8.0,linear
31,434877,700,1,0.998089,0.998089,0.0,48.0,8.0,linear
32,433740,348,1,0.999057,0.999057,0.0,48.0,8.0,linear
33,434075,163,1,0.999576,0.999576,0.0,48.0,8.0,linear
34,433088,73,1,0.99982,0.99982,0.0,48.0,8.0,linear
35,432950,29,1,0.999928,0.999928,0.0,48.0,8.0,linear
36,433243,8,1,0.999982,0.999982,0.0,48.0,8.0,linear
37,433661,2,1,0.999995,0.999995,0.0,48.0,8.0,linear
38,432774,2,1,0.999995,0.999995,0.0,48.0,8.0,linear
39,432835,0,1,1.0,1.0,0.0,48.0,8.0,linear

