generation,size,female_size,fertile_female_size,rate_dr,rate_has_drive,drive_efficiency,drop_ratio,low_density_growth_rate,density_growth_curve
1,78189,49207,1,0.0,0.0,0.0,24.0,4.0,linear
2,78479,49448,1,0.0,0.0,0.0,24.0,4.0,linear
3,78905,50139,1,0.0,0.0,0.0,24.0,4.0,linear
4,79111,50280,1,0.0,0.0,0.0,24.0,4.0,linear
5,78809,50182,1,0.0,0.0,0.0,24.0,4.0,linear
6,78425,49851,1,0.0,0.0,0.0,24.0,4.0,linear
7,78718,50092,1,0.0,0.0,0.0,24.0,4.0,linear
8,78628,50160,1,0.0,0.0,0.0,24.0,4.0,linear
9,78601,50176,1,0.0,0.0,0.0,24.0,4.0,linear
10,78594,50062,1,0.0,0.0,0.0,24.0,4.0,linear
11,223322,50159,1,0.573085,0.573085,0.0,24.0,4.0,linear
12,295670,50472,1,0.652597,0.652597,0.0,24.0,4.0,linear
13,303629,54153,1,0.644643,0.644643,0.0,24.0,4.0,linear
14,304796,55309,1,0.65123,0.65123,0.0,24.0,4.0,linear
15,300328,53386,1,0.67277,0.67277,0.0,24.0,4.0,linear
16,290426,48974,1,0.70733,0.70733,0.0,24.0,4.0,linear
17,277767,42121,1,0.749209,0.749209,0.0,24.0,4.0,linear
18,265145,34441,1,0.790662,0.790662,0.0,24.0,4.0,linear
19,253716,26681,1,0.832226,0.832226,0.0,24.0,4.0,linear
20,244695,20258,1,0.868065,0.868065,0.0,24.0,4.0,linear
21,237774,15157,1,0.900138,0.900138,0.0,24.0,4.0,linear
22,231965,11084,1,0.928018,0.928018,0.0,24.0,4.0,linear
23,226633,7774,1,0.950083,0.950083,0.0,24.0,4.0,linear
24,223601,5261,1,0.967519,0.967519,0.0,24.0,4.0,linear
25,221420,3362,1,0.98002,0.98002,0.0,24.0,4.0,linear
26,219224,1957,1,0.98862,0.98862,0.0,24.0,4.0,linear
27,218044,1099,1,0.993663,0.993663,0.0,24.0,4.0,linear
28,216989,561,1,0.996866,0.996866,0.0,24.0,4.0,linear
29,216896,264,1,0.998538,0.998538,0.0,24.0,4.0,linear
30,216441,112,1,0.999409,0.999409,0.0,24.0,4.0,linear
31,216266,47,1,0.99975,0.99975,0.0,24.0,4.0,linear
32,216493,17,1,0.999903,0.999903,0.0,24.0,4.0,linear
33,217029,4,1,0.999963,0.999963,0.0,24.0,4.0,linear
34,216727,1,1,0.999982,0.999982,0.0,24.0,4.0,linear
35,216455,1,1,0.999995,0.999995,0.0,24.0,4.0,linear
36,216305,1,1,0.999995,0.999995,0.0,24.0,4.0,linear
37,216173,1,1,0.999995,0.999995,0.0,24.0,4.0,linear
38,216938,0,1,1.0,1.0,0.0,24.0,4.0,linear

