generation,size,female_size,fertile_female_size,rate_dr,rate_has_drive,drive_efficiency,drop_ratio,low_density_growth_rate,density_growth_curve
1,77833,49018,1,0.0,0.0,0.0,54.0,2.0,linear
2,78010,49067,1,0.0,0.0,0.0,54.0,2.0,linear
3,78144,49475,1,0.0,0.0,0.0,54.0,2.0,linear
4,78199,49740,1,0.0,0.0,0.0,54.0,2.0,linear
5,78092,49650,1,0.0,0.0,0.0,54.0,2.0,linear
6,78453,49844,1,0.0,0.0,0.0,54.0,2.0,linear
7,78511,50068,1,0.0,0.0,0.0,54.0,2.0,linear
8,78350,49722,1,0.0,0.0,0.0,54.0,2.0,linear
9,78152,49546,1,0.0,0.0,0.0,54.0,2.0,linear
10,78555,49888,1,0.0,0.0,0.0,54.0,2.0,linear
11,403679,50272,1,0.750908,0.750908,0.0,54.0,2.0,linear
12,566583,50328,1,0.823433,0.823433,0.0,54.0,2.0,linear
13,563393,48730,1,0.836183,0.836183,0.0,54.0,2.0,linear
14,555011,44352,1,0.85744,0.85744,0.0,54.0,2.0,linear
15,542796,37955,1,0.884563,0.884563,0.0,54.0,2.0,linear
16,529309,29909,1,0.914486,0.914486,0.0,54.0,2.0,linear
17,515693,21349,1,0.942638,0.942638,0.0,54.0,2.0,linear
18,504325,13816,1,0.964276,0.964276,0.0,54.0,2.0,linear
19,497173,8327,1,0.979366,0.979366,0.0,54.0,2.0,linear
20,492114,4558,1,0.988775,0.988775,0.0,54.0,2.0,linear
21,489614,2280,1,0.994246,0.994246,0.0,54.0,2.0,linear
22,489118,1091,1,0.997291,0.997291,0.0,54.0,2.0,linear
23,488098,502,1,0.998795,0.998795,0.0,54.0,2.0,linear
24,486639,249,1,0.999449,0.999449,0.0,54.0,2.0,linear
25,486437,112,1,0.99977,0.99977,0.0,54.0,2.0,linear
26,487060,44,1,0.99991,0.99991,0.0,54.0,2.0,linear
27,486885,14,1,0.999971,0.999971,0.0,54.0,2.0,linear
28,486760,1,1,0.999998,0.999998,0.0,54.0,2.0,linear
29,487500,0,1,1.0,1.0,0.0,54.0,2.0,linear

