generation,size,female_size,fertile_female_size,rate_dr,rate_has_drive,drive_efficiency,drop_ratio,low_density_growth_rate,density_growth_curve
1,78207,49041,1,0.0,0.0,0.0,18.0,2.0,linear
2,78199,48967,1,0.0,0.0,0.0,18.0,2.0,linear
3,78219,49238,1,0.0,0.0,0.0,18.0,2.0,linear
4,78016,49416,1,0.0,0.0,0.0,18.0,2.0,linear
5,78174,49666,1,0.0,0.0,0.0,18.0,2.0,linear
6,78139,49646,1,0.0,0.0,0.0,18.0,2.0,linear
7,78483,49776,1,0.0,0.0,0.0,18.0,2.0,linear
8,78327,49708,1,0.0,0.0,0.0,18.0,2.0,linear
9,78170,49654,1,0.0,0.0,0.0,18.0,2.0,linear
10,78303,49848,1,0.0,0.0,0.0,18.0,2.0,linear
11,186854,49782,1,0.503578,0.503578,0.0,18.0,2.0,linear
12,240913,49951,1,0.607594,0.607594,0.0,18.0,2.0,linear
13,238458,48992,1,0.622913,0.622913,0.0,18.0,2.0,linear
14,232417,45830,1,0.651963,0.651963,0.0,18.0,2.0,linear
15,222694,40517,1,0.693676,0.693676,0.0,18.0,2.0,linear
16,210830,33644,1,0.743532,0.743532,0.0,18.0,2.0,linear
17,198986,26239,1,0.798915,0.798915,0.0,18.0,2.0,linear
18,187948,19074,1,0.850369,0.850369,0.0,18.0,2.0,linear
19,179345,13232,1,0.895073,0.895073,0.0,18.0,2.0,linear
20,173695,8623,1,0.930657,0.930657,0.0,18.0,2.0,linear
21,168805,5456,1,0.956371,0.956371,0.0,18.0,2.0,linear
22,166372,3278,1,0.974161,0.974161,0.0,18.0,2.0,linear
23,164564,1915,1,0.985424,0.985424,0.0,18.0,2.0,linear
24,163404,1029,1,0.992261,0.992261,0.0,18.0,2.0,linear
25,162494,527,1,0.996197,0.996197,0.0,18.0,2.0,linear
26,162919,247,1,0.998226,0.998226,0.0,18.0,2.0,linear
27,162582,107,1,0.99928,0.99928,0.0,18.0,2.0,linear
28,162609,42,1,0.999742,0.999742,0.0,18.0,2.0,linear
29,162574,23,1,0.999859,0.999859,0.0,18.0,2.0,linear
30,162794,9,1,0.999945,0.999945,0.0,18.0,2.0,linear
31,162252,2,1,0.999988,0.999988,0.0,18.0,2.0,linear
32,162633,1,1,0.999994,0.999994,0.0,18.0,2.0,linear
33,162409,0,1,1.0,1.0,0.0,18.0,2.0,linear

