generation,size,female_size,fertile_female_size,rate_dr,rate_has_drive,drive_efficiency,drop_ratio,low_density_growth_rate,density_growth_curve
1,78309,49252,1,0.0,0.0,0.0,24.0,5.0,linear
2,78000,49221,1,0.0,0.0,0.0,24.0,5.0,linear
3,79356,50044,1,0.0,0.0,0.0,24.0,5.0,linear
4,80116,50734,1,0.0,0.0,0.0,24.0,5.0,linear
5,78840,50133,1,0.0,0.0,0.0,24.0,5.0,linear
6,77461,49266,1,0.0,0.0,0.0,24.0,5.0,linear
7,78399,49963,1,0.0,0.0,0.0,24.0,5.0,linear
8,79091,50141,1,0.0,0.0,0.0,24.0,5.0,linear
9,79451,50263,1,0.0,0.0,0.0,24.0,5.0,linear
10,78780,50000,1,0.0,0.0,0.0,24.0,5.0,linear
11,222631,49894,1,0.573025,0.573025,0.0,24.0,5.0,linear
12,295443,50195,1,0.644028,0.644028,0.0,24.0,5.0,linear
13,307329,56234,1,0.627179,0.627179,0.0,24.0,5.0,linear
14,313443,59613,1,0.626309,0.626309,0.0,24.0,5.0,linear
15,311607,59882,1,0.640661,0.640661,0.0,24.0,5.0,linear
16,303721,56508,1,0.66768,0.66768,0.0,24.0,5.0,linear
17,291625,50836,1,0.699098,0.699098,0.0,24.0,5.0,linear
18,280653,43880,1,0.734228,0.734228,0.0,24.0,5.0,linear
19,269255,36430,1,0.768687,0.768687,0.0,24.0,5.0,linear
20,260198,29999,1,0.803518,0.803518,0.0,24.0,5.0,linear
21,251331,24368,1,0.838091,0.838091,0.0,24.0,5.0,linear
22,243847,19038,1,0.871736,0.871736,0.0,24.0,5.0,linear
23,237083,14614,1,0.903098,0.903098,0.0,24.0,5.0,linear
24,231307,10703,1,0.930121,0.930121,0.0,24.0,5.0,linear
25,226519,7428,1,0.952185,0.952185,0.0,24.0,5.0,linear
26,222885,4967,1,0.968823,0.968823,0.0,24.0,5.0,linear
27,220536,3162,1,0.980639,0.980639,0.0,24.0,5.0,linear
28,218828,1910,1,0.988673,0.988673,0.0,24.0,5.0,linear
29,217751,1058,1,0.993948,0.993948,0.0,24.0,5.0,linear
30,217113,580,1,0.996707,0.996707,0.0,24.0,5.0,linear
31,217229,296,1,0.99837,0.99837,0.0,24.0,5.0,linear
32,216449,154,1,0.999219,0.999219,0.0,24.0,5.0,linear
33,216163,87,1,0.999561,0.999561,0.0,24.0,5.0,linear
34,216556,34,1,0.999843,0.999843,0.0,24.0,5.0,linear
35,216050,12,1,0.999944,0.999944,0.0,24.0,5.0,linear
36,216484,5,1,0.999977,0.999977,0.0,24.0,5.0,linear
37,216401,3,1,0.999986,0.999986,0.0,24.0,5.0,linear
38,216443,0,1,1.0,1.0,0.0,24.0,5.0,linear

