generation,size,female_size,fertile_female_size,rate_dr,rate_has_drive,drive_efficiency,drop_ratio,low_density_growth_rate,density_growth_curve
1,78168,49113,1,0.0,0.0,0.0,60.0,5.0,linear
2,77838,48853,1,0.0,0.0,0.0,60.0,5.0,linear
3,79838,50160,1,0.0,0.0,0.0,60.0,5.0,linear
4,80481,50907,1,0.0,0.0,0.0,60.0,5.0,linear
5,79425,50647,1,0.0,0.0,0.0,60.0,5.0,linear
6,77844,49977,1,0.0,0.0,0.0,60.0,5.0,linear
7,77060,49411,1,0.0,0.0,0.0,60.0,5.0,linear
8,77853,49663,1,0.0,0.0,0.0,60.0,5.0,linear
9,78479,49676,1,0.0,0.0,0.0,60.0,5.0,linear
10,78653,49710,1,0.0,0.0,0.0,60.0,5.0,linear
11,440348,50156,1,0.770564,0.770564,0.0,60.0,5.0,linear
12,619491,50064,1,0.818409,0.818409,0.0,60.0,5.0,linear
13,632351,56220,1,0.809493,0.809493,0.0,60.0,5.0,linear
14,635867,59069,1,0.812913,0.812913,0.0,60.0,5.0,linear
15,631673,57469,1,0.829964,0.829964,0.0,60.0,5.0,linear
16,618417,51650,1,0.857832,0.857832,0.0,60.0,5.0,linear
17,601352,42646,1,0.889379,0.889379,0.0,60.0,5.0,linear
18,584692,32092,1,0.917432,0.917432,0.0,60.0,5.0,linear
19,571480,22582,1,0.94138,0.94138,0.0,60.0,5.0,linear
20,562093,15381,1,0.960026,0.960026,0.0,60.0,5.0,linear
21,555112,10139,1,0.974008,0.974008,0.0,60.0,5.0,linear
22,548296,6402,1,0.983917,0.983917,0.0,60.0,5.0,linear
23,545843,3954,1,0.9905,0.9905,0.0,60.0,5.0,linear
24,543213,2317,1,0.994783,0.994783,0.0,60.0,5.0,linear
25,542486,1238,1,0.997309,0.997309,0.0,60.0,5.0,linear
26,542066,597,1,0.998709,0.998709,0.0,60.0,5.0,linear
27,542323,277,1,0.999392,0.999392,0.0,60.0,5.0,linear
28,541244,128,1,0.999712,0.999712,0.0,60.0,5.0,linear
29,540867,51,1,0.99988,0.99988,0.0,60.0,5.0,linear
30,541557,21,1,0.999952,0.999952,0.0,60.0,5.0,linear
31,540775,7,1,0.999987,0.999987,0.0,60.0,5.0,linear
32,541573,5,1,0.999991,0.999991,0.0,60.0,5.0,linear
33,542193,1,1,0.999998,0.999998,0.0,60.0,5.0,linear
34,541717,0,1,1.0,1.0,0.0,60.0,5.0,linear

