generation,size,female_size,fertile_female_size,rate_dr,rate_has_drive,drive_efficiency,drop_ratio,low_density_growth_rate,density_growth_curve
1,78130,49158,1,0.0,0.0,0.0,9.0,2.0,linear
2,78290,49235,1,0.0,0.0,0.0,9.0,2.0,linear
3,78377,49436,1,0.0,0.0,0.0,9.0,2.0,linear
4,78527,49755,1,0.0,0.0,0.0,9.0,2.0,linear
5,78499,49927,1,0.0,0.0,0.0,9.0,2.0,linear
6,78694,50041,1,0.0,0.0,0.0,9.0,2.0,linear
7,78782,50222,1,0.0,0.0,0.0,9.0,2.0,linear
8,78488,50174,1,0.0,0.0,0.0,9.0,2.0,linear
9,78434,50002,1,0.0,0.0,0.0,9.0,2.0,linear
10,78713,50031,1,0.0,0.0,0.0,9.0,2.0,linear
11,132976,50117,1,0.335365,0.335365,0.0,9.0,2.0,linear
12,159892,50030,1,0.436049,0.436049,0.0,9.0,2.0,linear
13,157609,49033,1,0.447394,0.447394,0.0,9.0,2.0,linear
14,152901,46464,1,0.470542,0.470542,0.0,9.0,2.0,linear
15,145566,42499,1,0.505251,0.505251,0.0,9.0,2.0,linear
16,136094,37284,1,0.548681,0.548681,0.0,9.0,2.0,linear
17,125609,30945,1,0.603332,0.603332,0.0,9.0,2.0,linear
18,116424,24714,1,0.663079,0.663079,0.0,9.0,2.0,linear
19,108245,19215,1,0.721186,0.721186,0.0,9.0,2.0,linear
20,101618,14563,1,0.777355,0.777355,0.0,9.0,2.0,linear
21,96159,10729,1,0.831646,0.831646,0.0,9.0,2.0,linear
22,91415,7658,1,0.87657,0.87657,0.0,9.0,2.0,linear
23,88051,5242,1,0.914636,0.914636,0.0,9.0,2.0,linear
24,86070,3470,1,0.943228,0.943228,0.0,9.0,2.0,linear
25,84241,2162,1,0.964756,0.964756,0.0,9.0,2.0,linear
26,82844,1309,1,0.979211,0.979211,0.0,9.0,2.0,linear
27,81909,769,1,0.988199,0.988199,0.0,9.0,2.0,linear
28,81393,394,1,0.994152,0.994152,0.0,9.0,2.0,linear
29,81680,205,1,0.997037,0.997037,0.0,9.0,2.0,linear
30,81419,92,1,0.998723,0.998723,0.0,9.0,2.0,linear
31,81358,35,1,0.999521,0.999521,0.0,9.0,2.0,linear
32,81301,13,1,0.999828,0.999828,0.0,9.0,2.0,linear
33,81085,0,1,1.0,1.0,0.0,9.0,2.0,linear

