generation,size,female_size,fertile_female_size,rate_dr,rate_has_drive,drive_efficiency,drop_ratio,low_density_growth_rate,density_growth_curve
1,78520,49620,1,0.0,0.0,0.0,27.0,5.0,linear
2,78420,49783,1,0.0,0.0,0.0,27.0,5.0,linear
3,79633,50430,1,0.0,0.0,0.0,27.0,5.0,linear
4,78986,50201,1,0.0,0.0,0.0,27.0,5.0,linear
5,78079,49806,1,0.0,0.0,0.0,27.0,5.0,linear
6,78061,49916,1,0.0,0.0,0.0,27.0,5.0,linear
7,79575,50462,1,0.0,0.0,0.0,27.0,5.0,linear
8,79273,50147,1,0.0,0.0,0.0,27.0,5.0,linear
9,78992,50132,1,0.0,0.0,0.0,27.0,5.0,linear
10,78596,49976,1,0.0,0.0,0.0,27.0,5.0,linear
11,241098,49964,1,0.602051,0.602051,0.0,27.0,5.0,linear
12,322428,50006,1,0.67113,0.67113,0.0,27.0,5.0,linear
13,334806,56101,1,0.65511,0.65511,0.0,27.0,5.0,linear
14,340287,59387,1,0.654763,0.654763,0.0,27.0,5.0,linear
15,338154,59193,1,0.66961,0.66961,0.0,27.0,5.0,linear
16,329403,55595,1,0.698687,0.698687,0.0,27.0,5.0,linear
17,317208,49584,1,0.732214,0.732214,0.0,27.0,5.0,linear
18,304643,41951,1,0.767932,0.767932,0.0,27.0,5.0,linear
19,293313,34321,1,0.80264,0.80264,0.0,27.0,5.0,linear
20,284422,27894,1,0.837188,0.837188,0.0,27.0,5.0,linear
21,276090,21859,1,0.871146,0.871146,0.0,27.0,5.0,linear
22,267667,16540,1,0.901382,0.901382,0.0,27.0,5.0,linear
23,260921,12249,1,0.927718,0.927718,0.0,27.0,5.0,linear
24,255881,8769,1,0.949156,0.949156,0.0,27.0,5.0,linear
25,251792,5975,1,0.965248,0.965248,0.0,27.0,5.0,linear
26,248975,3947,1,0.977706,0.977706,0.0,27.0,5.0,linear
27,246612,2460,1,0.986655,0.986655,0.0,27.0,5.0,linear
28,245294,1471,1,0.992313,0.992313,0.0,27.0,5.0,linear
29,244399,827,1,0.995852,0.995852,0.0,27.0,5.0,linear
30,244406,441,1,0.997787,0.997787,0.0,27.0,5.0,linear
31,243620,212,1,0.998974,0.998974,0.0,27.0,5.0,linear
32,243764,97,1,0.999545,0.999545,0.0,27.0,5.0,linear
33,244099,43,1,0.999803,0.999803,0.0,27.0,5.0,linear
34,244084,17,1,0.99993,0.99993,0.0,27.0,5.0,linear
35,243385,11,1,0.999955,0.999955,0.0,27.0,5.0,linear
36,243942,4,1,0.999984,0.999984,0.0,27.0,5.0,linear
37,243930,0,1,1.0,1.0,0.0,27.0,5.0,linear

