generation,size,female_size,fertile_female_size,rate_dr,rate_has_drive,drive_efficiency,drop_ratio,low_density_growth_rate,density_growth_curve
1,78334,49514,1,0.0,0.0,0.0,9.0,2.0,linear
2,78511,49455,1,0.0,0.0,0.0,9.0,2.0,linear
3,78188,49276,1,0.0,0.0,0.0,9.0,2.0,linear
4,78551,49688,1,0.0,0.0,0.0,9.0,2.0,linear
5,78388,49659,1,0.0,0.0,0.0,9.0,2.0,linear
6,78313,49675,1,0.0,0.0,0.0,9.0,2.0,linear
7,78619,49900,1,0.0,0.0,0.0,9.0,2.0,linear
8,78562,49839,1,0.0,0.0,0.0,9.0,2.0,linear
9,78116,49587,1,0.0,0.0,0.0,9.0,2.0,linear
10,78170,49665,1,0.0,0.0,0.0,9.0,2.0,linear
11,132700,49770,1,0.335711,0.335711,0.0,9.0,2.0,linear
12,159843,49976,1,0.437113,0.437113,0.0,9.0,2.0,linear
13,157425,48957,1,0.448021,0.448021,0.0,9.0,2.0,linear
14,153044,46649,1,0.470896,0.470896,0.0,9.0,2.0,linear
15,145589,42871,1,0.503601,0.503601,0.0,9.0,2.0,linear
16,136299,37328,1,0.547092,0.547092,0.0,9.0,2.0,linear
17,126782,31295,1,0.601384,0.601384,0.0,9.0,2.0,linear
18,117188,25136,1,0.659943,0.659943,0.0,9.0,2.0,linear
19,108660,19637,1,0.717461,0.717461,0.0,9.0,2.0,linear
20,101629,14769,1,0.774609,0.774609,0.0,9.0,2.0,linear
21,96188,10856,1,0.827939,0.827939,0.0,9.0,2.0,linear
22,91753,7668,1,0.875691,0.875691,0.0,9.0,2.0,linear
23,88236,5251,1,0.914956,0.914956,0.0,9.0,2.0,linear
24,85809,3434,1,0.945468,0.945468,0.0,9.0,2.0,linear
25,84008,2118,1,0.966895,0.966895,0.0,9.0,2.0,linear
26,82594,1213,1,0.981561,0.981561,0.0,9.0,2.0,linear
27,81970,667,1,0.99012,0.99012,0.0,9.0,2.0,linear
28,81847,340,1,0.995138,0.995138,0.0,9.0,2.0,linear
29,81489,165,1,0.99773,0.99773,0.0,9.0,2.0,linear
30,81386,78,1,0.998956,0.998956,0.0,9.0,2.0,linear
31,81252,28,1,0.999643,0.999643,0.0,9.0,2.0,linear
32,81147,10,1,0.999877,0.999877,0.0,9.0,2.0,linear
33,80890,5,1,0.999938,0.999938,0.0,9.0,2.0,linear
34,80968,1,1,0.999988,0.999988,0.0,9.0,2.0,linear
35,81186,0,1,1.0,1.0,0.0,9.0,2.0,linear

