generation,size,female_size,fertile_female_size,rate_dr,rate_has_drive,drive_efficiency,drop_ratio,low_density_growth_rate,density_growth_curve
1,78434,49379,1,0.0,0.0,0.0,30.0,4.0,linear
2,78138,49128,1,0.0,0.0,0.0,30.0,4.0,linear
3,78766,49699,1,0.0,0.0,0.0,30.0,4.0,linear
4,78755,49810,1,0.0,0.0,0.0,30.0,4.0,linear
5,78902,50039,1,0.0,0.0,0.0,30.0,4.0,linear
6,78873,50198,1,0.0,0.0,0.0,30.0,4.0,linear
7,78592,50208,1,0.0,0.0,0.0,30.0,4.0,linear
8,78521,50035,1,0.0,0.0,0.0,30.0,4.0,linear
9,78043,49821,1,0.0,0.0,0.0,30.0,4.0,linear
10,77881,49642,1,0.0,0.0,0.0,30.0,4.0,linear
11,258751,49714,1,0.627761,0.627761,0.0,30.0,4.0,linear
12,349964,50112,1,0.70166,0.70166,0.0,30.0,4.0,linear
13,357236,53716,1,0.69456,0.69456,0.0,30.0,4.0,linear
14,359015,54998,1,0.70247,0.70247,0.0,30.0,4.0,linear
15,353482,53252,1,0.724461,0.724461,0.0,30.0,4.0,linear
16,342550,48268,1,0.75841,0.75841,0.0,30.0,4.0,linear
17,328979,40797,1,0.798529,0.798529,0.0,30.0,4.0,linear
18,315442,32195,1,0.838325,0.838325,0.0,30.0,4.0,linear
19,304340,24518,1,0.87403,0.87403,0.0,30.0,4.0,linear
20,295204,17897,1,0.90578,0.90578,0.0,30.0,4.0,linear
21,287505,12781,1,0.933291,0.933291,0.0,30.0,4.0,linear
22,282813,8797,1,0.954668,0.954668,0.0,30.0,4.0,linear
23,278722,5855,1,0.970551,0.970551,0.0,30.0,4.0,linear
24,275353,3791,1,0.981688,0.981688,0.0,30.0,4.0,linear
25,273758,2217,1,0.989474,0.989474,0.0,30.0,4.0,linear
26,271483,1223,1,0.994461,0.994461,0.0,30.0,4.0,linear
27,271339,597,1,0.997306,0.997306,0.0,30.0,4.0,linear
28,271356,322,1,0.998614,0.998614,0.0,30.0,4.0,linear
29,270713,147,1,0.999394,0.999394,0.0,30.0,4.0,linear
30,270866,64,1,0.999749,0.999749,0.0,30.0,4.0,linear
31,270163,24,1,0.999911,0.999911,0.0,30.0,4.0,linear
32,270331,9,1,0.999967,0.999967,0.0,30.0,4.0,linear
33,270522,5,1,0.999982,0.999982,0.0,30.0,4.0,linear
34,271082,0,1,1.0,1.0,0.0,30.0,4.0,linear

