generation,size,female_size,fertile_female_size,rate_dr,rate_has_drive,drive_efficiency,drop_ratio,low_density_growth_rate,density_growth_curve
1,78192,49303,1,0.0,0.0,0.0,51.0,9.0,linear
2,78214,49172,1,0.0,0.0,0.0,51.0,9.0,linear
3,81059,50876,1,0.0,0.0,0.0,51.0,9.0,linear
4,81620,51278,1,0.0,0.0,0.0,51.0,9.0,linear
5,77526,49524,1,0.0,0.0,0.0,51.0,9.0,linear
6,75506,48765,1,0.0,0.0,0.0,51.0,9.0,linear
7,80307,50895,1,0.0,0.0,0.0,51.0,9.0,linear
8,80656,50909,1,0.0,0.0,0.0,51.0,9.0,linear
9,77246,49210,1,0.0,0.0,0.0,51.0,9.0,linear
10,76572,49118,1,0.0,0.0,0.0,51.0,9.0,linear
11,386205,50383,1,0.735952,0.735952,0.0,51.0,9.0,linear
12,541578,51414,1,0.761625,0.761625,0.0,51.0,9.0,linear
13,573794,67619,1,0.735164,0.735164,0.0,51.0,9.0,linear
14,586898,76006,1,0.723365,0.723365,0.0,51.0,9.0,linear
15,592174,80758,1,0.727561,0.727561,0.0,51.0,9.0,linear
16,584779,80193,1,0.74495,0.74495,0.0,51.0,9.0,linear
17,572751,74836,1,0.765815,0.765815,0.0,51.0,9.0,linear
18,559012,66742,1,0.787441,0.787441,0.0,51.0,9.0,linear
19,545954,57617,1,0.810147,0.810147,0.0,51.0,9.0,linear
20,534216,50097,1,0.832719,0.832719,0.0,51.0,9.0,linear
21,523629,42515,1,0.854946,0.854946,0.0,51.0,9.0,linear
22,513186,36282,1,0.877713,0.877713,0.0,51.0,9.0,linear
23,502961,29696,1,0.900607,0.900607,0.0,51.0,9.0,linear
24,493108,23565,1,0.920557,0.920557,0.0,51.0,9.0,linear
25,486451,18263,1,0.93883,0.93883,0.0,51.0,9.0,linear
26,479717,13822,1,0.954641,0.954641,0.0,51.0,9.0,linear
27,473391,10027,1,0.967751,0.967751,0.0,51.0,9.0,linear
28,469254,6987,1,0.978146,0.978146,0.0,51.0,9.0,linear
29,466598,4827,1,0.985691,0.985691,0.0,51.0,9.0,linear
30,463912,3066,1,0.991154,0.991154,0.0,51.0,9.0,linear
31,462197,1885,1,0.994759,0.994759,0.0,51.0,9.0,linear
32,461001,1082,1,0.997128,0.997128,0.0,51.0,9.0,linear
33,460764,593,1,0.998407,0.998407,0.0,51.0,9.0,linear
34,460611,305,1,0.999227,0.999227,0.0,51.0,9.0,linear
35,460562,149,1,0.999635,0.999635,0.0,51.0,9.0,linear
36,460323,76,1,0.999809,0.999809,0.0,51.0,9.0,linear
37,460304,21,1,0.999954,0.999954,0.0,51.0,9.0,linear
38,459766,5,1,0.999989,0.999989,0.0,51.0,9.0,linear
39,460255,2,1,0.999996,0.999996,0.0,51.0,9.0,linear
40,460402,0,1,1.0,1.0,0.0,51.0,9.0,linear

