generation,size,female_size,fertile_female_size,rate_dr,rate_has_drive,drive_efficiency,drop_ratio,low_density_growth_rate,density_growth_curve
1,78470,49360,1,0.0,0.0,0.0,15.0,3.0,linear
2,78282,49297,1,0.0,0.0,0.0,15.0,3.0,linear
3,78844,49722,1,0.0,0.0,0.0,15.0,3.0,linear
4,79464,50171,1,0.0,0.0,0.0,15.0,3.0,linear
5,78855,50070,1,0.0,0.0,0.0,15.0,3.0,linear
6,78750,50088,1,0.0,0.0,0.0,15.0,3.0,linear
7,78496,49918,1,0.0,0.0,0.0,15.0,3.0,linear
8,78360,50009,1,0.0,0.0,0.0,15.0,3.0,linear
9,78276,49806,1,0.0,0.0,0.0,15.0,3.0,linear
10,78384,49773,1,0.0,0.0,0.0,15.0,3.0,linear
11,168918,49972,1,0.456584,0.456584,0.0,15.0,3.0,linear
12,214353,50261,1,0.551465,0.551465,0.0,15.0,3.0,linear
13,216628,51728,1,0.552243,0.552243,0.0,15.0,3.0,linear
14,216043,51163,1,0.566413,0.566413,0.0,15.0,3.0,linear
15,209929,48294,1,0.59269,0.59269,0.0,15.0,3.0,linear
16,200486,43587,1,0.6317,0.6317,0.0,15.0,3.0,linear
17,189204,37197,1,0.679192,0.679192,0.0,15.0,3.0,linear
18,177901,30097,1,0.727562,0.727562,0.0,15.0,3.0,linear
19,168508,23558,1,0.776087,0.776087,0.0,15.0,3.0,linear
20,160641,18072,1,0.822183,0.822183,0.0,15.0,3.0,linear
21,153557,13424,1,0.86478,0.86478,0.0,15.0,3.0,linear
22,148165,9642,1,0.902375,0.902375,0.0,15.0,3.0,linear
23,144403,6802,1,0.932252,0.932252,0.0,15.0,3.0,linear
24,141474,4551,1,0.954859,0.954859,0.0,15.0,3.0,linear
25,139116,2884,1,0.971769,0.971769,0.0,15.0,3.0,linear
26,137503,1734,1,0.983483,0.983483,0.0,15.0,3.0,linear
27,136836,979,1,0.991108,0.991108,0.0,15.0,3.0,linear
28,135978,514,1,0.995455,0.995455,0.0,15.0,3.0,linear
29,135325,264,1,0.997805,0.997805,0.0,15.0,3.0,linear
30,135367,128,1,0.99904,0.99904,0.0,15.0,3.0,linear
31,135255,45,1,0.99966,0.99966,0.0,15.0,3.0,linear
32,135309,15,1,0.999889,0.999889,0.0,15.0,3.0,linear
33,135368,7,1,0.999948,0.999948,0.0,15.0,3.0,linear
34,135294,1,1,0.999993,0.999993,0.0,15.0,3.0,linear
35,134986,0,1,1.0,1.0,0.0,15.0,3.0,linear

