generation,size,female_size,fertile_female_size,rate_dr,rate_has_drive,drive_efficiency,drop_ratio,low_density_growth_rate,density_growth_curve
1,77604,48814,1,0.0,0.0,0.0,12.0,3.0,linear
2,77905,49045,1,0.0,0.0,0.0,12.0,3.0,linear
3,78447,49381,1,0.0,0.0,0.0,12.0,3.0,linear
4,78879,49920,1,0.0,0.0,0.0,12.0,3.0,linear
5,78905,50075,1,0.0,0.0,0.0,12.0,3.0,linear
6,78553,49995,1,0.0,0.0,0.0,12.0,3.0,linear
7,78880,50189,1,0.0,0.0,0.0,12.0,3.0,linear
8,78606,49999,1,0.0,0.0,0.0,12.0,3.0,linear
9,78499,49827,1,0.0,0.0,0.0,12.0,3.0,linear
10,78516,49954,1,0.0,0.0,0.0,12.0,3.0,linear
11,150525,50037,1,0.401255,0.401255,0.0,12.0,3.0,linear
12,187179,50324,1,0.496646,0.496646,0.0,12.0,3.0,linear
13,189002,51187,1,0.497223,0.497223,0.0,12.0,3.0,linear
14,188064,50877,1,0.508596,0.508596,0.0,12.0,3.0,linear
15,183423,48529,1,0.532469,0.532469,0.0,12.0,3.0,linear
16,175289,44210,1,0.567443,0.567443,0.0,12.0,3.0,linear
17,165003,38545,1,0.608753,0.608753,0.0,12.0,3.0,linear
18,155296,32259,1,0.654291,0.654291,0.0,12.0,3.0,linear
19,146746,26640,1,0.700193,0.700193,0.0,12.0,3.0,linear
20,139022,21432,1,0.746389,0.746389,0.0,12.0,3.0,linear
21,132294,16930,1,0.791827,0.791827,0.0,12.0,3.0,linear
22,126621,13151,1,0.8349,0.8349,0.0,12.0,3.0,linear
23,121621,9863,1,0.87501,0.87501,0.0,12.0,3.0,linear
24,117852,7125,1,0.908697,0.908697,0.0,12.0,3.0,linear
25,114779,5047,1,0.936676,0.936676,0.0,12.0,3.0,linear
26,112554,3379,1,0.95868,0.95868,0.0,12.0,3.0,linear
27,111221,2112,1,0.974717,0.974717,0.0,12.0,3.0,linear
28,109602,1292,1,0.985129,0.985129,0.0,12.0,3.0,linear
29,109218,768,1,0.991559,0.991559,0.0,12.0,3.0,linear
30,108618,389,1,0.995756,0.995756,0.0,12.0,3.0,linear
31,108637,192,1,0.997883,0.997883,0.0,12.0,3.0,linear
32,107896,88,1,0.999064,0.999064,0.0,12.0,3.0,linear
33,107942,33,1,0.999648,0.999648,0.0,12.0,3.0,linear
34,108284,14,1,0.999852,0.999852,0.0,12.0,3.0,linear
35,108564,5,1,0.999945,0.999945,0.0,12.0,3.0,linear
36,108427,2,1,0.999982,0.999982,0.0,12.0,3.0,linear
37,107978,1,1,0.999991,0.999991,0.0,12.0,3.0,linear
38,108177,0,1,1.0,1.0,0.0,12.0,3.0,linear

