generation,size,female_size,fertile_female_size,rate_dr,rate_has_drive,drive_efficiency,drop_ratio,low_density_growth_rate,density_growth_curve
1,77933,49017,1,0.0,0.0,0.0,30.0,3.0,linear
2,78362,49343,1,0.0,0.0,0.0,30.0,3.0,linear
3,78704,49652,1,0.0,0.0,0.0,30.0,3.0,linear
4,78636,49649,1,0.0,0.0,0.0,30.0,3.0,linear
5,78850,49903,1,0.0,0.0,0.0,30.0,3.0,linear
6,78604,49898,1,0.0,0.0,0.0,30.0,3.0,linear
7,78246,49753,1,0.0,0.0,0.0,30.0,3.0,linear
8,78223,49728,1,0.0,0.0,0.0,30.0,3.0,linear
9,78375,49858,1,0.0,0.0,0.0,30.0,3.0,linear
10,78543,49948,1,0.0,0.0,0.0,30.0,3.0,linear
11,259475,49971,1,0.628062,0.628062,0.0,30.0,3.0,linear
12,349643,49966,1,0.711178,0.711178,0.0,30.0,3.0,linear
13,351770,51453,1,0.71481,0.71481,0.0,30.0,3.0,linear
14,348863,50142,1,0.730567,0.730567,0.0,30.0,3.0,linear
15,341516,46314,1,0.760483,0.760483,0.0,30.0,3.0,linear
16,329177,39923,1,0.800974,0.800974,0.0,30.0,3.0,linear
17,315321,31766,1,0.845448,0.845448,0.0,30.0,3.0,linear
18,302615,23463,1,0.88612,0.88612,0.0,30.0,3.0,linear
19,291903,16276,1,0.920282,0.920282,0.0,30.0,3.0,linear
20,284887,10757,1,0.946866,0.946866,0.0,30.0,3.0,linear
21,279184,6802,1,0.965933,0.965933,0.0,30.0,3.0,linear
22,276332,4143,1,0.97962,0.97962,0.0,30.0,3.0,linear
23,274031,2528,1,0.987957,0.987957,0.0,30.0,3.0,linear
24,272246,1467,1,0.993309,0.993309,0.0,30.0,3.0,linear
25,271507,788,1,0.996553,0.996553,0.0,30.0,3.0,linear
26,270754,392,1,0.99832,0.99832,0.0,30.0,3.0,linear
27,270268,161,1,0.999323,0.999323,0.0,30.0,3.0,linear
28,270559,79,1,0.999667,0.999667,0.0,30.0,3.0,linear
29,271433,30,1,0.999875,0.999875,0.0,30.0,3.0,linear
30,270601,10,1,0.999956,0.999956,0.0,30.0,3.0,linear
31,271130,5,1,0.999982,0.999982,0.0,30.0,3.0,linear
32,271405,2,1,0.999993,0.999993,0.0,30.0,3.0,linear
33,271189,1,1,0.999996,0.999996,0.0,30.0,3.0,linear
34,270742,0,1,1.0,1.0,0.0,30.0,3.0,linear

