generation,size,female_size,fertile_female_size,rate_dr,rate_has_drive,drive_efficiency,drop_ratio,low_density_growth_rate,density_growth_curve
1,78499,49424,1,0.0,0.0,0.0,42.0,7.0,linear
2,78360,49453,1,0.0,0.0,0.0,42.0,7.0,linear
3,78954,49989,1,0.0,0.0,0.0,42.0,7.0,linear
4,80142,50692,1,0.0,0.0,0.0,42.0,7.0,linear
5,78825,50115,1,0.0,0.0,0.0,42.0,7.0,linear
6,77817,49760,1,0.0,0.0,0.0,42.0,7.0,linear
7,78995,50237,1,0.0,0.0,0.0,42.0,7.0,linear
8,78632,50097,1,0.0,0.0,0.0,42.0,7.0,linear
9,78019,49913,1,0.0,0.0,0.0,42.0,7.0,linear
10,78381,50241,1,0.0,0.0,0.0,42.0,7.0,linear
11,332398,50495,1,0.7024,0.7024,0.0,42.0,7.0,linear
12,457990,50223,1,0.743621,0.743621,0.0,42.0,7.0,linear
13,480552,61730,1,0.720282,0.720282,0.0,42.0,7.0,linear
14,491412,68180,1,0.712504,0.712504,0.0,42.0,7.0,linear
15,492815,70570,1,0.72097,0.72097,0.0,42.0,7.0,linear
16,483509,68009,1,0.743729,0.743729,0.0,42.0,7.0,linear
17,470813,61965,1,0.771064,0.771064,0.0,42.0,7.0,linear
18,456164,53401,1,0.798716,0.798716,0.0,42.0,7.0,linear
19,443517,44289,1,0.828674,0.828674,0.0,42.0,7.0,linear
20,431366,35990,1,0.856419,0.856419,0.0,42.0,7.0,linear
21,421049,28936,1,0.883324,0.883324,0.0,42.0,7.0,linear
22,412236,22800,1,0.908897,0.908897,0.0,42.0,7.0,linear
23,402821,17621,1,0.931139,0.931139,0.0,42.0,7.0,linear
24,395435,12888,1,0.950223,0.950223,0.0,42.0,7.0,linear
25,391642,9110,1,0.966021,0.966021,0.0,42.0,7.0,linear
26,387396,6156,1,0.9776,0.9776,0.0,42.0,7.0,linear
27,384224,4022,1,0.985811,0.985811,0.0,42.0,7.0,linear
28,382611,2473,1,0.991445,0.991445,0.0,42.0,7.0,linear
29,380861,1459,1,0.995117,0.995117,0.0,42.0,7.0,linear
30,380027,813,1,0.997392,0.997392,0.0,42.0,7.0,linear
31,379237,406,1,0.998666,0.998666,0.0,42.0,7.0,linear
32,379457,208,1,0.999362,0.999362,0.0,42.0,7.0,linear
33,379154,104,1,0.999694,0.999694,0.0,42.0,7.0,linear
34,378899,45,1,0.999873,0.999873,0.0,42.0,7.0,linear
35,378490,13,1,0.999966,0.999966,0.0,42.0,7.0,linear
36,378223,6,1,0.999984,0.999984,0.0,42.0,7.0,linear
37,378469,2,1,0.999995,0.999995,0.0,42.0,7.0,linear
38,379011,0,1,1.0,1.0,0.0,42.0,7.0,linear

