generation,size,female_size,fertile_female_size,rate_dr,rate_has_drive,drive_efficiency,drop_ratio,low_density_growth_rate,density_growth_curve
1,78512,49391,1,0.0,0.0,0.0,51.0,4.0,linear
2,77939,49172,1,0.0,0.0,0.0,51.0,4.0,linear
3,78528,49575,1,0.0,0.0,0.0,51.0,4.0,linear
4,79532,50163,1,0.0,0.0,0.0,51.0,4.0,linear
5,79063,50080,1,0.0,0.0,0.0,51.0,4.0,linear
6,78353,49735,1,0.0,0.0,0.0,51.0,4.0,linear
7,78973,50145,1,0.0,0.0,0.0,51.0,4.0,linear
8,78966,50221,1,0.0,0.0,0.0,51.0,4.0,linear
9,78256,50019,1,0.0,0.0,0.0,51.0,4.0,linear
10,78694,50237,1,0.0,0.0,0.0,51.0,4.0,linear
11,385393,50098,1,0.741229,0.741229,0.0,51.0,4.0,linear
12,539426,49977,1,0.800847,0.800847,0.0,51.0,4.0,linear
13,545796,53529,1,0.796541,0.796541,0.0,51.0,4.0,linear
14,546923,54539,1,0.804853,0.804853,0.0,51.0,4.0,linear
15,540306,51487,1,0.825215,0.825215,0.0,51.0,4.0,linear
16,527604,44953,1,0.857128,0.857128,0.0,51.0,4.0,linear
17,510563,36265,1,0.890957,0.890957,0.0,51.0,4.0,linear
18,495921,26564,1,0.921304,0.921304,0.0,51.0,4.0,linear
19,484036,18268,1,0.946444,0.946444,0.0,51.0,4.0,linear
20,475640,11930,1,0.964755,0.964755,0.0,51.0,4.0,linear
21,468928,7461,1,0.977855,0.977855,0.0,51.0,4.0,linear
22,465309,4440,1,0.987011,0.987011,0.0,51.0,4.0,linear
23,463819,2641,1,0.992529,0.992529,0.0,51.0,4.0,linear
24,462357,1541,1,0.995848,0.995848,0.0,51.0,4.0,linear
25,460717,825,1,0.997877,0.997877,0.0,51.0,4.0,linear
26,460378,396,1,0.999003,0.999003,0.0,51.0,4.0,linear
27,459839,179,1,0.999565,0.999565,0.0,51.0,4.0,linear
28,460204,74,1,0.999824,0.999824,0.0,51.0,4.0,linear
29,460014,29,1,0.999937,0.999937,0.0,51.0,4.0,linear
30,459610,10,1,0.999978,0.999978,0.0,51.0,4.0,linear
31,459481,5,1,0.999989,0.999989,0.0,51.0,4.0,linear
32,459663,3,1,0.999993,0.999993,0.0,51.0,4.0,linear
33,459708,0,1,1.0,1.0,0.0,51.0,4.0,linear

