generation,size,female_size,fertile_female_size,rate_dr,rate_has_drive,drive_efficiency,drop_ratio,low_density_growth_rate,density_growth_curve
1,77897,48892,1,0.0,0.0,0.0,24.0,2.0,linear
2,78335,49138,1,0.0,0.0,0.0,24.0,2.0,linear
3,78215,49272,1,0.0,0.0,0.0,24.0,2.0,linear
4,78200,49566,1,0.0,0.0,0.0,24.0,2.0,linear
5,78188,49846,1,0.0,0.0,0.0,24.0,2.0,linear
6,78293,49801,1,0.0,0.0,0.0,24.0,2.0,linear
7,78758,50181,1,0.0,0.0,0.0,24.0,2.0,linear
8,78561,50267,1,0.0,0.0,0.0,24.0,2.0,linear
9,78438,49965,1,0.0,0.0,0.0,24.0,2.0,linear
10,78598,49984,1,0.0,0.0,0.0,24.0,2.0,linear
11,222422,49852,1,0.573309,0.573309,0.0,24.0,2.0,linear
12,294321,49962,1,0.674335,0.674335,0.0,24.0,2.0,linear
13,291937,48494,1,0.690974,0.690974,0.0,24.0,2.0,linear
14,285577,45186,1,0.719186,0.719186,0.0,24.0,2.0,linear
15,274879,39329,1,0.758828,0.758828,0.0,24.0,2.0,linear
16,262111,31920,1,0.805817,0.805817,0.0,24.0,2.0,linear
17,249648,24317,1,0.854923,0.854923,0.0,24.0,2.0,linear
18,239229,17092,1,0.898197,0.898197,0.0,24.0,2.0,linear
19,231028,11228,1,0.933448,0.933448,0.0,24.0,2.0,linear
20,225697,7060,1,0.958114,0.958114,0.0,24.0,2.0,linear
21,221511,4156,1,0.974956,0.974956,0.0,24.0,2.0,linear
22,218876,2333,1,0.986001,0.986001,0.0,24.0,2.0,linear
23,217903,1314,1,0.992544,0.992544,0.0,24.0,2.0,linear
24,217383,700,1,0.99621,0.99621,0.0,24.0,2.0,linear
25,217026,333,1,0.998249,0.998249,0.0,24.0,2.0,linear
26,217022,153,1,0.999244,0.999244,0.0,24.0,2.0,linear
27,216719,72,1,0.999649,0.999649,0.0,24.0,2.0,linear
28,216196,32,1,0.999847,0.999847,0.0,24.0,2.0,linear
29,216385,6,1,0.999972,0.999972,0.0,24.0,2.0,linear
30,216802,4,1,0.999982,0.999982,0.0,24.0,2.0,linear
31,216202,0,1,1.0,1.0,0.0,24.0,2.0,linear

