generation,size,female_size,fertile_female_size,rate_dr,rate_has_drive,drive_efficiency,drop_ratio,low_density_growth_rate,density_growth_curve
1,78397,49279,1,0.0,0.0,0.0,3.0,2.0,linear
2,78276,49185,1,0.0,0.0,0.0,3.0,2.0,linear
3,77971,49356,1,0.0,0.0,0.0,3.0,2.0,linear
4,78074,49527,1,0.0,0.0,0.0,3.0,2.0,linear
5,78263,49566,1,0.0,0.0,0.0,3.0,2.0,linear
6,78348,49695,1,0.0,0.0,0.0,3.0,2.0,linear
7,78368,49885,1,0.0,0.0,0.0,3.0,2.0,linear
8,78623,50107,1,0.0,0.0,0.0,3.0,2.0,linear
9,78375,50027,1,0.0,0.0,0.0,3.0,2.0,linear
10,78626,50311,1,0.0,0.0,0.0,3.0,2.0,linear
11,96881,50426,1,0.144238,0.144238,0.0,3.0,2.0,linear
12,105900,50341,1,0.202961,0.202961,0.0,3.0,2.0,linear
13,105103,49961,1,0.205815,0.205815,0.0,3.0,2.0,linear
14,102946,48691,1,0.212636,0.212636,0.0,3.0,2.0,linear
15,99755,47022,1,0.220859,0.220859,0.0,3.0,2.0,linear
16,95542,44659,1,0.232712,0.232712,0.0,3.0,2.0,linear
17,90447,41601,1,0.248105,0.248105,0.0,3.0,2.0,linear
18,85144,38279,1,0.264034,0.264034,0.0,3.0,2.0,linear
19,80503,35251,1,0.281148,0.281148,0.0,3.0,2.0,linear
20,75501,32070,1,0.298738,0.298738,0.0,3.0,2.0,linear
21,71562,29318,1,0.320699,0.320699,0.0,3.0,2.0,linear
22,67647,26793,1,0.345297,0.345297,0.0,3.0,2.0,linear
23,63128,23999,1,0.368985,0.368985,0.0,3.0,2.0,linear
24,59246,21513,1,0.398461,0.398461,0.0,3.0,2.0,linear
25,55430,19067,1,0.432701,0.432701,0.0,3.0,2.0,linear
26,51472,16496,1,0.47179,0.47179,0.0,3.0,2.0,linear
27,47730,14120,1,0.516862,0.516862,0.0,3.0,2.0,linear
28,44286,11856,1,0.563959,0.563959,0.0,3.0,2.0,linear
29,41248,9881,1,0.615002,0.615002,0.0,3.0,2.0,linear
30,38447,7951,1,0.671481,0.671481,0.0,3.0,2.0,linear
31,35624,6123,1,0.72973,0.72973,0.0,3.0,2.0,linear
32,33530,4619,1,0.787488,0.787488,0.0,3.0,2.0,linear
33,31665,3381,1,0.840279,0.840279,0.0,3.0,2.0,linear
34,30207,2414,1,0.884186,0.884186,0.0,3.0,2.0,linear
35,29088,1598,1,0.92091,0.92091,0.0,3.0,2.0,linear
36,28427,1044,1,0.949498,0.949498,0.0,3.0,2.0,linear
37,27673,635,1,0.969334,0.969334,0.0,3.0,2.0,linear
38,27300,357,1,0.982183,0.982183,0.0,3.0,2.0,linear
39,27232,179,1,0.991225,0.991225,0.0,3.0,2.0,linear
40,27225,94,1,0.995446,0.995446,0.0,3.0,2.0,linear
41,27371,44,1,0.997808,0.997808,0.0,3.0,2.0,linear
42,27066,22,1,0.999113,0.999113,0.0,3.0,2.0,linear
43,27091,9,1,0.999631,0.999631,0.0,3.0,2.0,linear
44,27147,3,1,0.999889,0.999889,0.0,3.0,2.0,linear
45,27085,2,1,0.999926,0.999926,0.0,3.0,2.0,linear
46,27124,0,1,1.0,1.0,0.0,3.0,2.0,linear

