generation,size,female_size,fertile_female_size,rate_dr,rate_has_drive,drive_efficiency,drop_ratio,low_density_growth_rate,density_growth_curve
1,78147,49314,1,0.0,0.0,0.0,36.0,4.0,linear
2,78110,49268,1,0.0,0.0,0.0,36.0,4.0,linear
3,78417,49661,1,0.0,0.0,0.0,36.0,4.0,linear
4,79253,50130,1,0.0,0.0,0.0,36.0,4.0,linear
5,78839,50194,1,0.0,0.0,0.0,36.0,4.0,linear
6,78250,49904,1,0.0,0.0,0.0,36.0,4.0,linear
7,78367,50107,1,0.0,0.0,0.0,36.0,4.0,linear
8,78374,49992,1,0.0,0.0,0.0,36.0,4.0,linear
9,78657,50094,1,0.0,0.0,0.0,36.0,4.0,linear
10,78137,49986,1,0.0,0.0,0.0,36.0,4.0,linear
11,295168,50144,1,0.670012,0.670012,0.0,36.0,4.0,linear
12,402974,49802,1,0.739902,0.739902,0.0,36.0,4.0,linear
13,410789,53817,1,0.73386,0.73386,0.0,36.0,4.0,linear
14,411483,54469,1,0.742663,0.742663,0.0,36.0,4.0,linear
15,405874,52042,1,0.764297,0.764297,0.0,36.0,4.0,linear
16,394499,46494,1,0.799247,0.799247,0.0,36.0,4.0,linear
17,379797,38354,1,0.839148,0.839148,0.0,36.0,4.0,linear
18,364899,29478,1,0.876358,0.876358,0.0,36.0,4.0,linear
19,353748,21379,1,0.909697,0.909697,0.0,36.0,4.0,linear
20,345567,14913,1,0.936403,0.936403,0.0,36.0,4.0,linear
21,337989,9974,1,0.95736,0.95736,0.0,36.0,4.0,linear
22,333032,6418,1,0.972799,0.972799,0.0,36.0,4.0,linear
23,330535,4109,1,0.983351,0.983351,0.0,36.0,4.0,linear
24,327679,2548,1,0.990213,0.990213,0.0,36.0,4.0,linear
25,325573,1433,1,0.994657,0.994657,0.0,36.0,4.0,linear
26,324864,742,1,0.997337,0.997337,0.0,36.0,4.0,linear
27,325408,351,1,0.998762,0.998762,0.0,36.0,4.0,linear
28,324942,170,1,0.999418,0.999418,0.0,36.0,4.0,linear
29,325443,71,1,0.999763,0.999763,0.0,36.0,4.0,linear
30,324735,22,1,0.999923,0.999923,0.0,36.0,4.0,linear
31,324034,5,1,0.999985,0.999985,0.0,36.0,4.0,linear
32,324955,1,1,0.999997,0.999997,0.0,36.0,4.0,linear
33,325053,0,1,1.0,1.0,0.0,36.0,4.0,linear

