generation,size,female_size,fertile_female_size,rate_dr,rate_has_drive,drive_efficiency,drop_ratio,low_density_growth_rate,density_growth_curve
1,78156,49138,1,0.0,0.0,0.0,3.0,2.0,linear
2,78159,49153,1,0.0,0.0,0.0,3.0,2.0,linear
3,77934,49227,1,0.0,0.0,0.0,3.0,2.0,linear
4,77778,49147,1,0.0,0.0,0.0,3.0,2.0,linear
5,77888,49351,1,0.0,0.0,0.0,3.0,2.0,linear
6,78066,49525,1,0.0,0.0,0.0,3.0,2.0,linear
7,78173,49721,1,0.0,0.0,0.0,3.0,2.0,linear
8,77958,49672,1,0.0,0.0,0.0,3.0,2.0,linear
9,77977,49662,1,0.0,0.0,0.0,3.0,2.0,linear
10,78055,49667,1,0.0,0.0,0.0,3.0,2.0,linear
11,96426,49893,1,0.143592,0.143592,0.0,3.0,2.0,linear
12,105776,49981,1,0.203609,0.203609,0.0,3.0,2.0,linear
13,104995,49751,1,0.206871,0.206871,0.0,3.0,2.0,linear
14,102813,48578,1,0.212929,0.212929,0.0,3.0,2.0,linear
15,98957,46701,1,0.222385,0.222385,0.0,3.0,2.0,linear
16,94238,43930,1,0.235562,0.235562,0.0,3.0,2.0,linear
17,89368,40770,1,0.250964,0.250964,0.0,3.0,2.0,linear
18,84232,37522,1,0.267302,0.267302,0.0,3.0,2.0,linear
19,79257,34295,1,0.285404,0.285404,0.0,3.0,2.0,linear
20,75124,31581,1,0.306262,0.306262,0.0,3.0,2.0,linear
21,70721,28860,1,0.326725,0.326725,0.0,3.0,2.0,linear
22,66361,26127,1,0.350231,0.350231,0.0,3.0,2.0,linear
23,62112,23364,1,0.379853,0.379853,0.0,3.0,2.0,linear
24,58121,20664,1,0.411608,0.411608,0.0,3.0,2.0,linear
25,54040,18080,1,0.44677,0.44677,0.0,3.0,2.0,linear
26,50367,15574,1,0.487432,0.487432,0.0,3.0,2.0,linear
27,46551,13237,1,0.529992,0.529992,0.0,3.0,2.0,linear
28,43298,11056,1,0.580837,0.580837,0.0,3.0,2.0,linear
29,39901,9039,1,0.637407,0.637407,0.0,3.0,2.0,linear
30,37227,7163,1,0.692644,0.692644,0.0,3.0,2.0,linear
31,34810,5631,1,0.746984,0.746984,0.0,3.0,2.0,linear
32,32841,4222,1,0.802317,0.802317,0.0,3.0,2.0,linear
33,30970,3070,1,0.853326,0.853326,0.0,3.0,2.0,linear
34,29893,2111,1,0.897883,0.897883,0.0,3.0,2.0,linear
35,29034,1411,1,0.931115,0.931115,0.0,3.0,2.0,linear
36,28020,889,1,0.955107,0.955107,0.0,3.0,2.0,linear
37,27564,523,1,0.973301,0.973301,0.0,3.0,2.0,linear
38,27355,313,1,0.984913,0.984913,0.0,3.0,2.0,linear
39,27355,181,1,0.991739,0.991739,0.0,3.0,2.0,linear
40,27050,102,1,0.99549,0.99549,0.0,3.0,2.0,linear
41,27230,46,1,0.998017,0.998017,0.0,3.0,2.0,linear
42,27069,23,1,0.99915,0.99915,0.0,3.0,2.0,linear
43,26918,9,1,0.999666,0.999666,0.0,3.0,2.0,linear
44,26844,1,1,0.999963,0.999963,0.0,3.0,2.0,linear
45,27085,0,1,1.0,1.0,0.0,3.0,2.0,linear

