generation,size,female_size,fertile_female_size,rate_dr,rate_has_drive,drive_efficiency,drop_ratio,low_density_growth_rate,density_growth_curve
1,78218,49130,1,0.0,0.0,0.0,30.0,2.0,linear
2,77946,49096,1,0.0,0.0,0.0,30.0,2.0,linear
3,78201,49583,1,0.0,0.0,0.0,30.0,2.0,linear
4,78091,49825,1,0.0,0.0,0.0,30.0,2.0,linear
5,78436,50069,1,0.0,0.0,0.0,30.0,2.0,linear
6,78794,50258,1,0.0,0.0,0.0,30.0,2.0,linear
7,78359,49893,1,0.0,0.0,0.0,30.0,2.0,linear
8,78519,49927,1,0.0,0.0,0.0,30.0,2.0,linear
9,78115,49743,1,0.0,0.0,0.0,30.0,2.0,linear
10,78190,49647,1,0.0,0.0,0.0,30.0,2.0,linear
11,258609,49571,1,0.628609,0.628609,0.0,30.0,2.0,linear
12,348860,49981,1,0.722472,0.722472,0.0,30.0,2.0,linear
13,345983,48557,1,0.737744,0.737744,0.0,30.0,2.0,linear
14,339218,44776,1,0.765161,0.765161,0.0,30.0,2.0,linear
15,328406,38798,1,0.802306,0.802306,0.0,30.0,2.0,linear
16,315167,31251,1,0.845789,0.845789,0.0,30.0,2.0,linear
17,302607,23223,1,0.889141,0.889141,0.0,30.0,2.0,linear
18,291545,15799,1,0.925274,0.925274,0.0,30.0,2.0,linear
19,283295,10156,1,0.952082,0.952082,0.0,30.0,2.0,linear
20,277914,6115,1,0.97133,0.97133,0.0,30.0,2.0,linear
21,274809,3458,1,0.983928,0.983928,0.0,30.0,2.0,linear
22,272575,1769,1,0.991916,0.991916,0.0,30.0,2.0,linear
23,271877,893,1,0.996105,0.996105,0.0,30.0,2.0,linear
24,271250,429,1,0.998186,0.998186,0.0,30.0,2.0,linear
25,271401,191,1,0.999204,0.999204,0.0,30.0,2.0,linear
26,271301,69,1,0.999716,0.999716,0.0,30.0,2.0,linear
27,270047,30,1,0.99987,0.99987,0.0,30.0,2.0,linear
28,270801,15,1,0.999945,0.999945,0.0,30.0,2.0,linear
29,270926,7,1,0.999974,0.999974,0.0,30.0,2.0,linear
30,270727,3,1,0.999989,0.999989,0.0,30.0,2.0,linear
31,270329,1,1,0.999996,0.999996,0.0,30.0,2.0,linear
32,270396,0,1,1.0,1.0,0.0,30.0,2.0,linear

