generation,size,female_size,fertile_female_size,rate_dr,rate_has_drive,drive_efficiency,drop_ratio,low_density_growth_rate,density_growth_curve
1,77987,48853,1,0.0,0.0,0.0,39.0,2.0,linear
2,78590,49264,1,0.0,0.0,0.0,39.0,2.0,linear
3,78264,49480,1,0.0,0.0,0.0,39.0,2.0,linear
4,78110,49491,1,0.0,0.0,0.0,39.0,2.0,linear
5,78593,49927,1,0.0,0.0,0.0,39.0,2.0,linear
6,78345,49940,1,0.0,0.0,0.0,39.0,2.0,linear
7,78511,50085,1,0.0,0.0,0.0,39.0,2.0,linear
8,78355,49916,1,0.0,0.0,0.0,39.0,2.0,linear
9,78514,49899,1,0.0,0.0,0.0,39.0,2.0,linear
10,78617,49998,1,0.0,0.0,0.0,39.0,2.0,linear
11,312976,50013,1,0.6866,0.6866,0.0,39.0,2.0,linear
12,430651,49992,1,0.771558,0.771558,0.0,39.0,2.0,linear
13,427092,48511,1,0.786037,0.786037,0.0,39.0,2.0,linear
14,419650,44378,1,0.811173,0.811173,0.0,39.0,2.0,linear
15,407729,38080,1,0.844099,0.844099,0.0,39.0,2.0,linear
16,394550,30313,1,0.881067,0.881067,0.0,39.0,2.0,linear
17,381685,22306,1,0.917626,0.917626,0.0,39.0,2.0,linear
18,370168,14619,1,0.947275,0.947275,0.0,39.0,2.0,linear
19,362224,9097,1,0.967815,0.967815,0.0,39.0,2.0,linear
20,357939,5234,1,0.981669,0.981669,0.0,39.0,2.0,linear
21,355756,2741,1,0.990374,0.990374,0.0,39.0,2.0,linear
22,353574,1398,1,0.995173,0.995173,0.0,39.0,2.0,linear
23,351745,706,1,0.99766,0.99766,0.0,39.0,2.0,linear
24,351581,381,1,0.998811,0.998811,0.0,39.0,2.0,linear
25,351855,167,1,0.999488,0.999488,0.0,39.0,2.0,linear
26,351609,71,1,0.999784,0.999784,0.0,39.0,2.0,linear
27,351509,29,1,0.999917,0.999917,0.0,39.0,2.0,linear
28,352116,10,1,0.999972,0.999972,0.0,39.0,2.0,linear
29,352548,4,1,0.999989,0.999989,0.0,39.0,2.0,linear
30,352322,1,1,0.999997,0.999997,0.0,39.0,2.0,linear
31,352147,1,1,0.999997,0.999997,0.0,39.0,2.0,linear
32,352140,0,1,1.0,1.0,0.0,39.0,2.0,linear

