generation,size,female_size,fertile_female_size,rate_dr,rate_has_drive,drive_efficiency,drop_ratio,low_density_growth_rate,density_growth_curve
1,78285,49194,1,0.0,0.0,0.0,39.0,7.0,linear
2,78306,49607,1,0.0,0.0,0.0,39.0,7.0,linear
3,79777,50358,1,0.0,0.0,0.0,39.0,7.0,linear
4,79277,50224,1,0.0,0.0,0.0,39.0,7.0,linear
5,78493,50209,1,0.0,0.0,0.0,39.0,7.0,linear
6,79223,50558,1,0.0,0.0,0.0,39.0,7.0,linear
7,77877,49739,1,0.0,0.0,0.0,39.0,7.0,linear
8,78578,49954,1,0.0,0.0,0.0,39.0,7.0,linear
9,78833,49902,1,0.0,0.0,0.0,39.0,7.0,linear
10,79697,50222,1,0.0,0.0,0.0,39.0,7.0,linear
11,313173,50036,1,0.687276,0.687276,0.0,39.0,7.0,linear
12,429094,49412,1,0.730382,0.730382,0.0,39.0,7.0,linear
13,452763,61728,1,0.705868,0.705868,0.0,39.0,7.0,linear
14,464104,67724,1,0.697948,0.697948,0.0,39.0,7.0,linear
15,467319,70393,1,0.70606,0.70606,0.0,39.0,7.0,linear
16,457628,68411,1,0.726271,0.726271,0.0,39.0,7.0,linear
17,446596,63114,1,0.753605,0.753605,0.0,39.0,7.0,linear
18,432306,54592,1,0.781703,0.781703,0.0,39.0,7.0,linear
19,418764,45888,1,0.810735,0.810735,0.0,39.0,7.0,linear
20,407324,38064,1,0.838138,0.838138,0.0,39.0,7.0,linear
21,397580,31282,1,0.867055,0.867055,0.0,39.0,7.0,linear
22,387731,24840,1,0.893619,0.893619,0.0,39.0,7.0,linear
23,379024,19213,1,0.918018,0.918018,0.0,39.0,7.0,linear
24,371604,14659,1,0.938477,0.938477,0.0,39.0,7.0,linear
25,365577,10644,1,0.956072,0.956072,0.0,39.0,7.0,linear
26,360844,7348,1,0.969928,0.969928,0.0,39.0,7.0,linear
27,358434,4938,1,0.980628,0.980628,0.0,39.0,7.0,linear
28,355969,3229,1,0.987702,0.987702,0.0,39.0,7.0,linear
29,354371,1932,1,0.992815,0.992815,0.0,39.0,7.0,linear
30,352949,1112,1,0.995989,0.995989,0.0,39.0,7.0,linear
31,352616,583,1,0.998023,0.998023,0.0,39.0,7.0,linear
32,352114,300,1,0.998995,0.998995,0.0,39.0,7.0,linear
33,351312,135,1,0.999559,0.999559,0.0,39.0,7.0,linear
34,351706,60,1,0.999795,0.999795,0.0,39.0,7.0,linear
35,351795,27,1,0.999906,0.999906,0.0,39.0,7.0,linear
36,350914,8,1,0.999977,0.999977,0.0,39.0,7.0,linear
37,351840,4,1,0.999989,0.999989,0.0,39.0,7.0,linear
38,351226,1,1,0.999997,0.999997,0.0,39.0,7.0,linear
39,351738,0,1,1.0,1.0,0.0,39.0,7.0,linear

