generation,size,female_size,fertile_female_size,rate_dr,rate_has_drive,drive_efficiency,drop_ratio,low_density_growth_rate,density_growth_curve
1,77928,48875,1,0.0,0.0,0.0,54.0,10.0,linear
2,78133,48913,1,0.0,0.0,0.0,54.0,10.0,linear
3,82014,51056,1,0.0,0.0,0.0,54.0,10.0,linear
4,82100,51776,1,0.0,0.0,0.0,54.0,10.0,linear
5,75147,48663,1,0.0,0.0,0.0,54.0,10.0,linear
6,72742,47465,1,0.0,0.0,0.0,54.0,10.0,linear
7,83276,52467,1,0.0,0.0,0.0,54.0,10.0,linear
8,85804,53460,1,0.0,0.0,0.0,54.0,10.0,linear
9,71987,46872,1,0.0,0.0,0.0,54.0,10.0,linear
10,69819,46060,1,0.0,0.0,0.0,54.0,10.0,linear
11,412220,54473,1,0.730048,0.730048,0.0,54.0,10.0,linear
12,578697,55623,1,0.754802,0.754802,0.0,54.0,10.0,linear
13,614574,73920,1,0.731663,0.731663,0.0,54.0,10.0,linear
14,624474,82224,1,0.721249,0.721249,0.0,54.0,10.0,linear
15,630548,88365,1,0.724165,0.724165,0.0,54.0,10.0,linear
16,621313,86945,1,0.737925,0.737925,0.0,54.0,10.0,linear
17,611203,81730,1,0.756198,0.756198,0.0,54.0,10.0,linear
18,597833,74309,1,0.775277,0.775277,0.0,54.0,10.0,linear
19,584777,65188,1,0.795486,0.795486,0.0,54.0,10.0,linear
20,575011,58133,1,0.817059,0.817059,0.0,54.0,10.0,linear
21,563085,50554,1,0.838944,0.838944,0.0,54.0,10.0,linear
22,551742,43539,1,0.861069,0.861069,0.0,54.0,10.0,linear
23,540733,36555,1,0.882997,0.882997,0.0,54.0,10.0,linear
24,531063,30253,1,0.902574,0.902574,0.0,54.0,10.0,linear
25,521862,24368,1,0.922056,0.922056,0.0,54.0,10.0,linear
26,513590,18896,1,0.9399,0.9399,0.0,54.0,10.0,linear
27,507466,14346,1,0.955109,0.955109,0.0,54.0,10.0,linear
28,502655,10543,1,0.967746,0.967746,0.0,54.0,10.0,linear
29,497376,7472,1,0.977484,0.977484,0.0,54.0,10.0,linear
30,494509,5050,1,0.985091,0.985091,0.0,54.0,10.0,linear
31,491771,3279,1,0.990718,0.990718,0.0,54.0,10.0,linear
32,489990,2021,1,0.994532,0.994532,0.0,54.0,10.0,linear
33,488016,1154,1,0.997041,0.997041,0.0,54.0,10.0,linear
34,487808,648,1,0.99844,0.99844,0.0,54.0,10.0,linear
35,487643,349,1,0.999225,0.999225,0.0,54.0,10.0,linear
36,486972,160,1,0.999657,0.999657,0.0,54.0,10.0,linear
37,487730,61,1,0.999871,0.999871,0.0,54.0,10.0,linear
38,488070,19,1,0.999961,0.999961,0.0,54.0,10.0,linear
39,487644,5,1,0.99999,0.99999,0.0,54.0,10.0,linear
40,487096,1,1,0.999998,0.999998,0.0,54.0,10.0,linear
41,487051,0,1,1.0,1.0,0.0,54.0,10.0,linear

