generation,size,female_size,fertile_female_size,rate_dr,rate_has_drive,drive_efficiency,drop_ratio,low_density_growth_rate,density_growth_curve
1,78275,49361,1,0.0,0.0,0.0,60.0,4.0,linear
2,77920,49063,1,0.0,0.0,0.0,60.0,4.0,linear
3,78188,49280,1,0.0,0.0,0.0,60.0,4.0,linear
4,79170,49976,1,0.0,0.0,0.0,60.0,4.0,linear
5,80017,50672,1,0.0,0.0,0.0,60.0,4.0,linear
6,78945,50435,1,0.0,0.0,0.0,60.0,4.0,linear
7,77568,49962,1,0.0,0.0,0.0,60.0,4.0,linear
8,77551,49710,1,0.0,0.0,0.0,60.0,4.0,linear
9,78265,49698,1,0.0,0.0,0.0,60.0,4.0,linear
10,78552,49900,1,0.0,0.0,0.0,60.0,4.0,linear
11,439857,49906,1,0.771238,0.771238,0.0,60.0,4.0,linear
12,620817,50017,1,0.825297,0.825297,0.0,60.0,4.0,linear
13,627860,54048,1,0.821651,0.821651,0.0,60.0,4.0,linear
14,628235,54857,1,0.829062,0.829062,0.0,60.0,4.0,linear
15,621258,51670,1,0.849132,0.849132,0.0,60.0,4.0,linear
16,607291,44744,1,0.87758,0.87758,0.0,60.0,4.0,linear
17,590622,35854,1,0.90785,0.90785,0.0,60.0,4.0,linear
18,575441,26021,1,0.935257,0.935257,0.0,60.0,4.0,linear
19,563327,17526,1,0.95715,0.95715,0.0,60.0,4.0,linear
20,554521,11119,1,0.972686,0.972686,0.0,60.0,4.0,linear
21,549523,6712,1,0.983612,0.983612,0.0,60.0,4.0,linear
22,546610,3894,1,0.990828,0.990828,0.0,60.0,4.0,linear
23,543754,2129,1,0.995113,0.995113,0.0,60.0,4.0,linear
24,542648,1170,1,0.99747,0.99747,0.0,60.0,4.0,linear
25,541671,581,1,0.998806,0.998806,0.0,60.0,4.0,linear
26,541652,259,1,0.999472,0.999472,0.0,60.0,4.0,linear
27,541943,92,1,0.999812,0.999812,0.0,60.0,4.0,linear
28,541384,34,1,0.999928,0.999928,0.0,60.0,4.0,linear
29,540750,20,1,0.999963,0.999963,0.0,60.0,4.0,linear
30,540809,7,1,0.999987,0.999987,0.0,60.0,4.0,linear
31,540656,2,1,0.999996,0.999996,0.0,60.0,4.0,linear
32,540778,0,1,1.0,1.0,0.0,60.0,4.0,linear

