generation,size,female_size,fertile_female_size,rate_dr,rate_has_drive,drive_efficiency,drop_ratio,low_density_growth_rate,density_growth_curve
1,77997,48889,1,0.0,0.0,0.0,33.0,2.0,linear
2,78248,48981,1,0.0,0.0,0.0,33.0,2.0,linear
3,78088,49441,1,0.0,0.0,0.0,33.0,2.0,linear
4,78130,49640,1,0.0,0.0,0.0,33.0,2.0,linear
5,78305,49842,1,0.0,0.0,0.0,33.0,2.0,linear
6,78477,49845,1,0.0,0.0,0.0,33.0,2.0,linear
7,78613,49903,1,0.0,0.0,0.0,33.0,2.0,linear
8,78719,50179,1,0.0,0.0,0.0,33.0,2.0,linear
9,78601,50175,1,0.0,0.0,0.0,33.0,2.0,linear
10,78548,49762,1,0.0,0.0,0.0,33.0,2.0,linear
11,277288,49981,1,0.6496,0.6496,0.0,33.0,2.0,linear
12,376332,49860,1,0.740609,0.740609,0.0,33.0,2.0,linear
13,373515,48557,1,0.755634,0.755634,0.0,33.0,2.0,linear
14,366069,44804,1,0.78172,0.78172,0.0,33.0,2.0,linear
15,354948,38755,1,0.817996,0.817996,0.0,33.0,2.0,linear
16,340893,31029,1,0.858826,0.858826,0.0,33.0,2.0,linear
17,327932,22885,1,0.899714,0.899714,0.0,33.0,2.0,linear
18,317214,15434,1,0.933356,0.933356,0.0,33.0,2.0,linear
19,311048,9788,1,0.958502,0.958502,0.0,33.0,2.0,linear
20,305601,5870,1,0.975359,0.975359,0.0,33.0,2.0,linear
21,301694,3204,1,0.986455,0.986455,0.0,33.0,2.0,linear
22,299295,1768,1,0.992678,0.992678,0.0,33.0,2.0,linear
23,298863,906,1,0.99635,0.99635,0.0,33.0,2.0,linear
24,298843,485,1,0.998136,0.998136,0.0,33.0,2.0,linear
25,298325,239,1,0.999132,0.999132,0.0,33.0,2.0,linear
26,297803,95,1,0.999664,0.999664,0.0,33.0,2.0,linear
27,297014,39,1,0.999865,0.999865,0.0,33.0,2.0,linear
28,297442,10,1,0.999966,0.999966,0.0,33.0,2.0,linear
29,297817,2,1,0.999993,0.999993,0.0,33.0,2.0,linear
30,297993,1,1,0.999997,0.999997,0.0,33.0,2.0,linear
31,297991,0,1,1.0,1.0,0.0,33.0,2.0,linear

