generation,size,female_size,fertile_female_size,rate_dr,rate_has_drive,drive_efficiency,drop_ratio,low_density_growth_rate,density_growth_curve
1,78279,49520,1,0.0,0.0,0.0,60.0,8.0,linear
2,78554,49408,1,0.0,0.0,0.0,60.0,8.0,linear
3,80151,50154,1,0.0,0.0,0.0,60.0,8.0,linear
4,80269,50520,1,0.0,0.0,0.0,60.0,8.0,linear
5,77197,49434,1,0.0,0.0,0.0,60.0,8.0,linear
6,77189,49423,1,0.0,0.0,0.0,60.0,8.0,linear
7,79850,50648,1,0.0,0.0,0.0,60.0,8.0,linear
8,80280,50761,1,0.0,0.0,0.0,60.0,8.0,linear
9,77194,49041,1,0.0,0.0,0.0,60.0,8.0,linear
10,76840,49133,1,0.0,0.0,0.0,60.0,8.0,linear
11,440555,50564,1,0.768778,0.768778,0.0,60.0,8.0,linear
12,621693,50778,1,0.797104,0.797104,0.0,60.0,8.0,linear
13,649917,65193,1,0.775282,0.775282,0.0,60.0,8.0,linear
14,661163,72182,1,0.768668,0.768668,0.0,60.0,8.0,linear
15,663782,75269,1,0.776656,0.776656,0.0,60.0,8.0,linear
16,653116,72369,1,0.798185,0.798185,0.0,60.0,8.0,linear
17,636621,65040,1,0.82432,0.82432,0.0,60.0,8.0,linear
18,619769,55171,1,0.850691,0.850691,0.0,60.0,8.0,linear
19,604528,44272,1,0.877386,0.877386,0.0,60.0,8.0,linear
20,591266,35159,1,0.900801,0.900801,0.0,60.0,8.0,linear
21,580431,27524,1,0.9223,0.9223,0.0,60.0,8.0,linear
22,570010,21065,1,0.941878,0.941878,0.0,60.0,8.0,linear
23,562386,15256,1,0.958542,0.958542,0.0,60.0,8.0,linear
24,556376,10683,1,0.971527,0.971527,0.0,60.0,8.0,linear
25,550664,7195,1,0.981449,0.981449,0.0,60.0,8.0,linear
26,547339,4600,1,0.988312,0.988312,0.0,60.0,8.0,linear
27,545395,2847,1,0.993101,0.993101,0.0,60.0,8.0,linear
28,543599,1682,1,0.996114,0.996114,0.0,60.0,8.0,linear
29,542183,955,1,0.997892,0.997892,0.0,60.0,8.0,linear
30,542064,528,1,0.998869,0.998869,0.0,60.0,8.0,linear
31,541796,260,1,0.999461,0.999461,0.0,60.0,8.0,linear
32,541641,112,1,0.999775,0.999775,0.0,60.0,8.0,linear
33,541593,41,1,0.999919,0.999919,0.0,60.0,8.0,linear
34,540676,13,1,0.999976,0.999976,0.0,60.0,8.0,linear
35,540686,3,1,0.999994,0.999994,0.0,60.0,8.0,linear
36,542321,1,1,0.999998,0.999998,0.0,60.0,8.0,linear
37,541854,0,1,1.0,1.0,0.0,60.0,8.0,linear

