generation,size,female_size,fertile_female_size,rate_dr,rate_has_drive,drive_efficiency,drop_ratio,low_density_growth_rate,density_growth_curve
1,78431,49410,1,0.0,0.0,0.0,27.0,4.0,linear
2,78197,49392,1,0.0,0.0,0.0,27.0,4.0,linear
3,78216,49766,1,0.0,0.0,0.0,27.0,4.0,linear
4,79072,50310,1,0.0,0.0,0.0,27.0,4.0,linear
5,78653,50065,1,0.0,0.0,0.0,27.0,4.0,linear
6,78068,49753,1,0.0,0.0,0.0,27.0,4.0,linear
7,78246,49940,1,0.0,0.0,0.0,27.0,4.0,linear
8,78403,49882,1,0.0,0.0,0.0,27.0,4.0,linear
9,77891,49693,1,0.0,0.0,0.0,27.0,4.0,linear
10,77878,49526,1,0.0,0.0,0.0,27.0,4.0,linear
11,241159,49879,1,0.603086,0.603086,0.0,27.0,4.0,linear
12,322181,50015,1,0.680161,0.680161,0.0,27.0,4.0,linear
13,329869,53627,1,0.673517,0.673517,0.0,27.0,4.0,linear
14,331854,55112,1,0.680195,0.680195,0.0,27.0,4.0,linear
15,326700,53121,1,0.701687,0.701687,0.0,27.0,4.0,linear
16,316534,48251,1,0.73731,0.73731,0.0,27.0,4.0,linear
17,302603,41081,1,0.778428,0.778428,0.0,27.0,4.0,linear
18,289081,32813,1,0.819929,0.819929,0.0,27.0,4.0,linear
19,278107,24797,1,0.858674,0.858674,0.0,27.0,4.0,linear
20,269384,18413,1,0.893393,0.893393,0.0,27.0,4.0,linear
21,261989,13251,1,0.922378,0.922378,0.0,27.0,4.0,linear
22,256608,9378,1,0.946181,0.946181,0.0,27.0,4.0,linear
23,251522,6157,1,0.965241,0.965241,0.0,27.0,4.0,linear
24,248371,4020,1,0.977771,0.977771,0.0,27.0,4.0,linear
25,246227,2611,1,0.986403,0.986403,0.0,27.0,4.0,linear
26,245362,1479,1,0.992389,0.992389,0.0,27.0,4.0,linear
27,244399,808,1,0.99597,0.99597,0.0,27.0,4.0,linear
28,244178,406,1,0.998043,0.998043,0.0,27.0,4.0,linear
29,243718,205,1,0.999077,0.999077,0.0,27.0,4.0,linear
30,243757,92,1,0.999594,0.999594,0.0,27.0,4.0,linear
31,243399,31,1,0.99986,0.99986,0.0,27.0,4.0,linear
32,243697,13,1,0.999947,0.999947,0.0,27.0,4.0,linear
33,243405,4,1,0.999984,0.999984,0.0,27.0,4.0,linear
34,242805,0,1,1.0,1.0,0.0,27.0,4.0,linear

