generation,size,female_size,fertile_female_size,rate_dr,rate_has_drive,drive_efficiency,drop_ratio,low_density_growth_rate,density_growth_curve
1,78321,49249,1,0.0,0.0,0.0,36.0,5.0,linear
2,78518,49326,1,0.0,0.0,0.0,36.0,5.0,linear
3,79485,50157,1,0.0,0.0,0.0,36.0,5.0,linear
4,79339,50263,1,0.0,0.0,0.0,36.0,5.0,linear
5,78462,50089,1,0.0,0.0,0.0,36.0,5.0,linear
6,78376,50050,1,0.0,0.0,0.0,36.0,5.0,linear
7,77617,49638,1,0.0,0.0,0.0,36.0,5.0,linear
8,78587,49912,1,0.0,0.0,0.0,36.0,5.0,linear
9,78768,49904,1,0.0,0.0,0.0,36.0,5.0,linear
10,78567,49749,1,0.0,0.0,0.0,36.0,5.0,linear
11,295408,50092,1,0.66896,0.66896,0.0,36.0,5.0,linear
12,403105,49995,1,0.731108,0.731108,0.0,36.0,5.0,linear
13,415697,56356,1,0.717227,0.717227,0.0,36.0,5.0,linear
14,420802,59439,1,0.717887,0.717887,0.0,36.0,5.0,linear
15,418018,58964,1,0.735272,0.735272,0.0,36.0,5.0,linear
16,406978,54394,1,0.766514,0.766514,0.0,36.0,5.0,linear
17,392794,46867,1,0.803481,0.803481,0.0,36.0,5.0,linear
18,377158,37726,1,0.839011,0.839011,0.0,36.0,5.0,linear
19,364772,29064,1,0.872613,0.872613,0.0,36.0,5.0,linear
20,355840,21894,1,0.902798,0.902798,0.0,36.0,5.0,linear
21,346789,16036,1,0.928318,0.928318,0.0,36.0,5.0,linear
22,340014,11432,1,0.95023,0.95023,0.0,36.0,5.0,linear
23,334842,7742,1,0.967496,0.967496,0.0,36.0,5.0,linear
24,330410,4980,1,0.979676,0.979676,0.0,36.0,5.0,linear
25,327970,2967,1,0.98841,0.98841,0.0,36.0,5.0,linear
26,326785,1623,1,0.993698,0.993698,0.0,36.0,5.0,linear
27,326494,871,1,0.996631,0.996631,0.0,36.0,5.0,linear
28,325321,459,1,0.998288,0.998288,0.0,36.0,5.0,linear
29,325421,222,1,0.999133,0.999133,0.0,36.0,5.0,linear
30,324811,91,1,0.999652,0.999652,0.0,36.0,5.0,linear
31,324648,42,1,0.999855,0.999855,0.0,36.0,5.0,linear
32,324019,17,1,0.999941,0.999941,0.0,36.0,5.0,linear
33,324918,5,1,0.999985,0.999985,0.0,36.0,5.0,linear
34,324533,2,1,0.999994,0.999994,0.0,36.0,5.0,linear
35,324640,2,1,0.999994,0.999994,0.0,36.0,5.0,linear
36,325001,0,1,1.0,1.0,0.0,36.0,5.0,linear

