generation,size,female_size,fertile_female_size,rate_dr,rate_has_drive,drive_efficiency,drop_ratio,low_density_growth_rate,density_growth_curve
1,78227,49265,1,0.0,0.0,0.0,18.0,3.0,linear
2,78031,49022,1,0.0,0.0,0.0,18.0,3.0,linear
3,79090,49645,1,0.0,0.0,0.0,18.0,3.0,linear
4,79261,49877,1,0.0,0.0,0.0,18.0,3.0,linear
5,78492,49802,1,0.0,0.0,0.0,18.0,3.0,linear
6,78714,50044,1,0.0,0.0,0.0,18.0,3.0,linear
7,78641,49862,1,0.0,0.0,0.0,18.0,3.0,linear
8,78356,49698,1,0.0,0.0,0.0,18.0,3.0,linear
9,78329,49825,1,0.0,0.0,0.0,18.0,3.0,linear
10,78626,50138,1,0.0,0.0,0.0,18.0,3.0,linear
11,186482,50164,1,0.500857,0.500857,0.0,18.0,3.0,linear
12,241527,50269,1,0.597303,0.597303,0.0,18.0,3.0,linear
13,243510,51437,1,0.597705,0.597705,0.0,18.0,3.0,linear
14,242862,51019,1,0.614384,0.614384,0.0,18.0,3.0,linear
15,235294,47423,1,0.642371,0.642371,0.0,18.0,3.0,linear
16,225229,42224,1,0.683285,0.683285,0.0,18.0,3.0,linear
17,213704,35588,1,0.731516,0.731516,0.0,18.0,3.0,linear
18,201379,28052,1,0.780401,0.780401,0.0,18.0,3.0,linear
19,191817,21337,1,0.826783,0.826783,0.0,18.0,3.0,linear
20,184175,15638,1,0.868337,0.868337,0.0,18.0,3.0,linear
21,178131,11266,1,0.904772,0.904772,0.0,18.0,3.0,linear
22,173130,7715,1,0.934379,0.934379,0.0,18.0,3.0,linear
23,169210,5116,1,0.95745,0.95745,0.0,18.0,3.0,linear
24,166237,3240,1,0.973774,0.973774,0.0,18.0,3.0,linear
25,164466,1939,1,0.984526,0.984526,0.0,18.0,3.0,linear
26,163623,1079,1,0.991788,0.991788,0.0,18.0,3.0,linear
27,162733,558,1,0.995693,0.995693,0.0,18.0,3.0,linear
28,162533,283,1,0.997927,0.997927,0.0,18.0,3.0,linear
29,162653,138,1,0.999047,0.999047,0.0,18.0,3.0,linear
30,162339,67,1,0.99955,0.99955,0.0,18.0,3.0,linear
31,162905,27,1,0.999834,0.999834,0.0,18.0,3.0,linear
32,162669,10,1,0.999939,0.999939,0.0,18.0,3.0,linear
33,162397,2,1,0.999988,0.999988,0.0,18.0,3.0,linear
34,162519,0,1,1.0,1.0,0.0,18.0,3.0,linear

