generation,size,female_size,fertile_female_size,rate_dr,rate_has_drive,drive_efficiency,drop_ratio,low_density_growth_rate,density_growth_curve
1,78219,49127,1,0.0,0.0,0.0,51.0,2.0,linear
2,78595,49269,1,0.0,0.0,0.0,51.0,2.0,linear
3,78306,49234,1,0.0,0.0,0.0,51.0,2.0,linear
4,78462,49626,1,0.0,0.0,0.0,51.0,2.0,linear
5,78357,49566,1,0.0,0.0,0.0,51.0,2.0,linear
6,78439,49659,1,0.0,0.0,0.0,51.0,2.0,linear
7,78772,49940,1,0.0,0.0,0.0,51.0,2.0,linear
8,78585,50057,1,0.0,0.0,0.0,51.0,2.0,linear
9,78674,49915,1,0.0,0.0,0.0,51.0,2.0,linear
10,78553,49800,1,0.0,0.0,0.0,51.0,2.0,linear
11,385554,49750,1,0.741437,0.741437,0.0,51.0,2.0,linear
12,539170,49798,1,0.816262,0.816262,0.0,51.0,2.0,linear
13,536686,48452,1,0.829203,0.829203,0.0,51.0,2.0,linear
14,527512,44352,1,0.850328,0.850328,0.0,51.0,2.0,linear
15,515638,37949,1,0.878195,0.878195,0.0,51.0,2.0,linear
16,502113,30035,1,0.909091,0.909091,0.0,51.0,2.0,linear
17,489100,21704,1,0.938414,0.938414,0.0,51.0,2.0,linear
18,477823,14138,1,0.961363,0.961363,0.0,51.0,2.0,linear
19,469843,8443,1,0.977559,0.977559,0.0,51.0,2.0,linear
20,465108,4678,1,0.98771,0.98771,0.0,51.0,2.0,linear
21,462381,2309,1,0.993928,0.993928,0.0,51.0,2.0,linear
22,461542,1093,1,0.997127,0.997127,0.0,51.0,2.0,linear
23,461024,503,1,0.998735,0.998735,0.0,51.0,2.0,linear
24,460092,248,1,0.999411,0.999411,0.0,51.0,2.0,linear
25,460193,100,1,0.999765,0.999765,0.0,51.0,2.0,linear
26,459860,25,1,0.999941,0.999941,0.0,51.0,2.0,linear
27,459791,4,1,0.999991,0.999991,0.0,51.0,2.0,linear
28,459354,2,1,0.999996,0.999996,0.0,51.0,2.0,linear
29,460070,0,1,1.0,1.0,0.0,51.0,2.0,linear

