generation,size,female_size,fertile_female_size,rate_dr,rate_has_drive,drive_efficiency,drop_ratio,low_density_growth_rate,density_growth_curve
1,78333,49202,1,0.0,0.0,0.0,24.0,6.0,linear
2,78397,49477,1,0.0,0.0,0.0,24.0,6.0,linear
3,80374,50680,1,0.0,0.0,0.0,24.0,6.0,linear
4,79938,50672,1,0.0,0.0,0.0,24.0,6.0,linear
5,78391,50073,1,0.0,0.0,0.0,24.0,6.0,linear
6,77360,49685,1,0.0,0.0,0.0,24.0,6.0,linear
7,78018,49761,1,0.0,0.0,0.0,24.0,6.0,linear
8,79305,50319,1,0.0,0.0,0.0,24.0,6.0,linear
9,78777,49873,1,0.0,0.0,0.0,24.0,6.0,linear
10,78563,49868,1,0.0,0.0,0.0,24.0,6.0,linear
11,223190,49917,1,0.576157,0.576157,0.0,24.0,6.0,linear
12,294492,49398,1,0.635668,0.635668,0.0,24.0,6.0,linear
13,312917,58582,1,0.611878,0.611878,0.0,24.0,6.0,linear
14,320745,63872,1,0.60053,0.60053,0.0,24.0,6.0,linear
15,323614,66354,1,0.605978,0.605978,0.0,24.0,6.0,linear
16,318377,64950,1,0.625452,0.625452,0.0,24.0,6.0,linear
17,309574,61034,1,0.64837,0.64837,0.0,24.0,6.0,linear
18,299529,55674,1,0.672298,0.672298,0.0,24.0,6.0,linear
19,289765,49293,1,0.69796,0.69796,0.0,24.0,6.0,linear
20,281823,43567,1,0.725039,0.725039,0.0,24.0,6.0,linear
21,273467,37857,1,0.75488,0.75488,0.0,24.0,6.0,linear
22,264334,32373,1,0.785396,0.785396,0.0,24.0,6.0,linear
23,256241,27384,1,0.815615,0.815615,0.0,24.0,6.0,linear
24,249219,22799,1,0.845914,0.845914,0.0,24.0,6.0,linear
25,242502,18304,1,0.874685,0.874685,0.0,24.0,6.0,linear
26,236985,14601,1,0.901688,0.901688,0.0,24.0,6.0,linear
27,231907,11043,1,0.92565,0.92565,0.0,24.0,6.0,linear
28,227651,8075,1,0.946767,0.946767,0.0,24.0,6.0,linear
29,223571,5588,1,0.964135,0.964135,0.0,24.0,6.0,linear
30,221569,3642,1,0.977362,0.977362,0.0,24.0,6.0,linear
31,219560,2283,1,0.986536,0.986536,0.0,24.0,6.0,linear
32,218357,1330,1,0.992514,0.992514,0.0,24.0,6.0,linear
33,217301,755,1,0.995886,0.995886,0.0,24.0,6.0,linear
34,216911,378,1,0.997999,0.997999,0.0,24.0,6.0,linear
35,216797,174,1,0.99911,0.99911,0.0,24.0,6.0,linear
36,216285,79,1,0.999602,0.999602,0.0,24.0,6.0,linear
37,216510,35,1,0.999829,0.999829,0.0,24.0,6.0,linear
38,216283,14,1,0.999931,0.999931,0.0,24.0,6.0,linear
39,216760,7,1,0.999968,0.999968,0.0,24.0,6.0,linear
40,216777,4,1,0.999982,0.999982,0.0,24.0,6.0,linear
41,216405,1,1,0.999995,0.999995,0.0,24.0,6.0,linear
42,217019,0,1,1.0,1.0,0.0,24.0,6.0,linear

