generation,size,female_size,fertile_female_size,rate_dr,rate_has_drive,drive_efficiency,drop_ratio,low_density_growth_rate,density_growth_curve
1,77916,48797,1,0.0,0.0,0.0,15.0,3.0,linear
2,77675,48699,1,0.0,0.0,0.0,15.0,3.0,linear
3,78085,49324,1,0.0,0.0,0.0,15.0,3.0,linear
4,78481,49725,1,0.0,0.0,0.0,15.0,3.0,linear
5,78881,50144,1,0.0,0.0,0.0,15.0,3.0,linear
6,78851,50363,1,0.0,0.0,0.0,15.0,3.0,linear
7,78695,50472,1,0.0,0.0,0.0,15.0,3.0,linear
8,78837,50543,1,0.0,0.0,0.0,15.0,3.0,linear
9,78213,49909,1,0.0,0.0,0.0,15.0,3.0,linear
10,77673,49516,1,0.0,0.0,0.0,15.0,3.0,linear
11,168399,49840,1,0.457154,0.457154,0.0,15.0,3.0,linear
12,213764,50037,1,0.551718,0.551718,0.0,15.0,3.0,linear
13,216700,51562,1,0.554369,0.554369,0.0,15.0,3.0,linear
14,214854,50714,1,0.567853,0.567853,0.0,15.0,3.0,linear
15,209101,47736,1,0.594343,0.594343,0.0,15.0,3.0,linear
16,199901,42956,1,0.633226,0.633226,0.0,15.0,3.0,linear
17,188958,36710,1,0.680643,0.680643,0.0,15.0,3.0,linear
18,178064,29761,1,0.729046,0.729046,0.0,15.0,3.0,linear
19,168701,23502,1,0.776742,0.776742,0.0,15.0,3.0,linear
20,160819,18073,1,0.821334,0.821334,0.0,15.0,3.0,linear
21,153842,13346,1,0.863543,0.863543,0.0,15.0,3.0,linear
22,149048,9662,1,0.901417,0.901417,0.0,15.0,3.0,linear
23,144182,6709,1,0.9319,0.9319,0.0,15.0,3.0,linear
24,141200,4483,1,0.954679,0.954679,0.0,15.0,3.0,linear
25,139013,2928,1,0.971289,0.971289,0.0,15.0,3.0,linear
26,137859,1776,1,0.982935,0.982935,0.0,15.0,3.0,linear
27,136720,1027,1,0.990298,0.990298,0.0,15.0,3.0,linear
28,135804,574,1,0.994714,0.994714,0.0,15.0,3.0,linear
29,135667,300,1,0.997332,0.997332,0.0,15.0,3.0,linear
30,135669,143,1,0.998799,0.998799,0.0,15.0,3.0,linear
31,135386,66,1,0.999476,0.999476,0.0,15.0,3.0,linear
32,135579,28,1,0.999793,0.999793,0.0,15.0,3.0,linear
33,135658,9,1,0.999934,0.999934,0.0,15.0,3.0,linear
34,135151,2,1,0.999985,0.999985,0.0,15.0,3.0,linear
35,135091,0,1,1.0,1.0,0.0,15.0,3.0,linear

