generation,size,female_size,fertile_female_size,rate_dr,rate_has_drive,drive_efficiency,drop_ratio,low_density_growth_rate,density_growth_curve
1,78703,49408,1,0.0,0.0,0.0,27.0,3.0,linear
2,78371,49230,1,0.0,0.0,0.0,27.0,3.0,linear
3,78730,49477,1,0.0,0.0,0.0,27.0,3.0,linear
4,78497,49779,1,0.0,0.0,0.0,27.0,3.0,linear
5,78695,50088,1,0.0,0.0,0.0,27.0,3.0,linear
6,78580,50052,1,0.0,0.0,0.0,27.0,3.0,linear
7,78403,50022,1,0.0,0.0,0.0,27.0,3.0,linear
8,78625,50156,1,0.0,0.0,0.0,27.0,3.0,linear
9,78372,49886,1,0.0,0.0,0.0,27.0,3.0,linear
10,78322,49811,1,0.0,0.0,0.0,27.0,3.0,linear
11,241532,50117,1,0.602542,0.602542,0.0,27.0,3.0,linear
12,322425,50015,1,0.689474,0.689474,0.0,27.0,3.0,linear
13,325083,50944,1,0.694209,0.694209,0.0,27.0,3.0,linear
14,322431,49809,1,0.710895,0.710895,0.0,27.0,3.0,linear
15,314214,45943,1,0.740866,0.740866,0.0,27.0,3.0,linear
16,302260,39797,1,0.781907,0.781907,0.0,27.0,3.0,linear
17,288611,32049,1,0.826329,0.826329,0.0,27.0,3.0,linear
18,276437,24263,1,0.868844,0.868844,0.0,27.0,3.0,linear
19,266045,17110,1,0.905312,0.905312,0.0,27.0,3.0,linear
20,258965,11734,1,0.934041,0.934041,0.0,27.0,3.0,linear
21,253377,7740,1,0.956365,0.956365,0.0,27.0,3.0,linear
22,249406,4969,1,0.972853,0.972853,0.0,27.0,3.0,linear
23,247234,3030,1,0.984011,0.984011,0.0,27.0,3.0,linear
24,245443,1755,1,0.991229,0.991229,0.0,27.0,3.0,linear
25,244795,970,1,0.995425,0.995425,0.0,27.0,3.0,linear
26,243628,484,1,0.997767,0.997767,0.0,27.0,3.0,linear
27,243418,211,1,0.999059,0.999059,0.0,27.0,3.0,linear
28,243232,79,1,0.999651,0.999651,0.0,27.0,3.0,linear
29,243297,33,1,0.999856,0.999856,0.0,27.0,3.0,linear
30,243553,13,1,0.999947,0.999947,0.0,27.0,3.0,linear
31,243408,5,1,0.999979,0.999979,0.0,27.0,3.0,linear
32,243075,4,1,0.999984,0.999984,0.0,27.0,3.0,linear
33,243396,1,1,0.999996,0.999996,0.0,27.0,3.0,linear
34,243511,0,1,1.0,1.0,0.0,27.0,3.0,linear

