generation,size,female_size,fertile_female_size,rate_dr,rate_has_drive,drive_efficiency,drop_ratio,low_density_growth_rate,density_growth_curve
1,78299,49059,1,0.0,0.0,0.0,54.0,3.0,linear
2,78530,49144,1,0.0,0.0,0.0,54.0,3.0,linear
3,78604,49536,1,0.0,0.0,0.0,54.0,3.0,linear
4,79268,50109,1,0.0,0.0,0.0,54.0,3.0,linear
5,79449,50482,1,0.0,0.0,0.0,54.0,3.0,linear
6,79114,50235,1,0.0,0.0,0.0,54.0,3.0,linear
7,78320,49825,1,0.0,0.0,0.0,54.0,3.0,linear
8,77979,49763,1,0.0,0.0,0.0,54.0,3.0,linear
9,78281,49802,1,0.0,0.0,0.0,54.0,3.0,linear
10,78710,49727,1,0.0,0.0,0.0,54.0,3.0,linear
11,403047,49987,1,0.751653,0.751653,0.0,54.0,3.0,linear
12,565516,50061,1,0.816304,0.816304,0.0,54.0,3.0,linear
13,568369,51203,1,0.819942,0.819942,0.0,54.0,3.0,linear
14,565110,49638,1,0.833616,0.833616,0.0,54.0,3.0,linear
15,556538,44966,1,0.857913,0.857913,0.0,54.0,3.0,linear
16,542450,37780,1,0.888665,0.888665,0.0,54.0,3.0,linear
17,525902,28774,1,0.920344,0.920344,0.0,54.0,3.0,linear
18,512334,19880,1,0.947011,0.947011,0.0,54.0,3.0,linear
19,502636,12672,1,0.966805,0.966805,0.0,54.0,3.0,linear
20,496068,7486,1,0.980468,0.980468,0.0,54.0,3.0,linear
21,493019,4243,1,0.989018,0.989018,0.0,54.0,3.0,linear
22,490086,2199,1,0.994292,0.994292,0.0,54.0,3.0,linear
23,489282,1168,1,0.997131,0.997131,0.0,54.0,3.0,linear
24,488154,625,1,0.998525,0.998525,0.0,54.0,3.0,linear
25,488140,302,1,0.999318,0.999318,0.0,54.0,3.0,linear
26,487294,128,1,0.999727,0.999727,0.0,54.0,3.0,linear
27,485852,53,1,0.999887,0.999887,0.0,54.0,3.0,linear
28,487692,13,1,0.999973,0.999973,0.0,54.0,3.0,linear
29,487287,2,1,0.999996,0.999996,0.0,54.0,3.0,linear
30,486763,0,1,1.0,1.0,0.0,54.0,3.0,linear

