generation,size,female_size,fertile_female_size,rate_dr,rate_has_drive,drive_efficiency,drop_ratio,low_density_growth_rate,density_growth_curve
1,78298,49196,1,0.0,0.0,0.0,57.0,11.0,linear
2,77594,48859,1,0.0,0.0,0.0,57.0,11.0,linear
3,80757,50598,1,0.0,0.0,0.0,57.0,11.0,linear
4,83547,52098,1,0.0,0.0,0.0,57.0,11.0,linear
5,75056,48301,1,0.0,0.0,0.0,57.0,11.0,linear
6,72296,47068,1,0.0,0.0,0.0,57.0,11.0,linear
7,82480,52067,1,0.0,0.0,0.0,57.0,11.0,linear
8,85183,53079,1,0.0,0.0,0.0,57.0,11.0,linear
9,71169,46345,1,0.0,0.0,0.0,57.0,11.0,linear
10,69977,46050,1,0.0,0.0,0.0,57.0,11.0,linear
11,431648,55016,1,0.74038,0.74038,0.0,57.0,11.0,linear
12,604922,55168,1,0.757594,0.757594,0.0,57.0,11.0,linear
13,646186,76706,1,0.733833,0.733833,0.0,57.0,11.0,linear
14,656343,85196,1,0.720701,0.720701,0.0,57.0,11.0,linear
15,665493,92443,1,0.722403,0.722403,0.0,57.0,11.0,linear
16,657180,91894,1,0.73515,0.73515,0.0,57.0,11.0,linear
17,647944,87793,1,0.750274,0.750274,0.0,57.0,11.0,linear
18,636015,81134,1,0.766553,0.766553,0.0,57.0,11.0,linear
19,624346,72695,1,0.785026,0.785026,0.0,57.0,11.0,linear
20,613636,65924,1,0.801505,0.801505,0.0,57.0,11.0,linear
21,602449,59131,1,0.82003,0.82003,0.0,57.0,11.0,linear
22,591729,52388,1,0.840129,0.840129,0.0,57.0,11.0,linear
23,581669,45675,1,0.860376,0.860376,0.0,57.0,11.0,linear
24,571283,39055,1,0.880238,0.880238,0.0,57.0,11.0,linear
25,561451,32648,1,0.899273,0.899273,0.0,57.0,11.0,linear
26,552787,26481,1,0.918443,0.918443,0.0,57.0,11.0,linear
27,544082,21209,1,0.936044,0.936044,0.0,57.0,11.0,linear
28,536895,16289,1,0.951876,0.951876,0.0,57.0,11.0,linear
29,530691,11971,1,0.965041,0.965041,0.0,57.0,11.0,linear
30,526785,8536,1,0.976078,0.976078,0.0,57.0,11.0,linear
31,522597,5767,1,0.983993,0.983993,0.0,57.0,11.0,linear
32,520080,3778,1,0.989703,0.989703,0.0,57.0,11.0,linear
33,517533,2352,1,0.993836,0.993836,0.0,57.0,11.0,linear
34,516660,1393,1,0.996505,0.996505,0.0,57.0,11.0,linear
35,515120,773,1,0.998193,0.998193,0.0,57.0,11.0,linear
36,515160,402,1,0.999144,0.999144,0.0,57.0,11.0,linear
37,514581,175,1,0.999648,0.999648,0.0,57.0,11.0,linear
38,515347,62,1,0.99988,0.99988,0.0,57.0,11.0,linear
39,515152,12,1,0.999977,0.999977,0.0,57.0,11.0,linear
40,514035,4,1,0.999992,0.999992,0.0,57.0,11.0,linear
41,513146,0,1,1.0,1.0,0.0,57.0,11.0,linear

