generation,size,female_size,fertile_female_size,rate_dr,rate_has_drive,drive_efficiency,drop_ratio,low_density_growth_rate,density_growth_curve
1,78584,49486,1,0.0,0.0,0.0,48.0,10.0,linear
2,78063,49262,1,0.0,0.0,0.0,48.0,10.0,linear
3,78683,49836,1,0.0,0.0,0.0,48.0,10.0,linear
4,80582,50791,1,0.0,0.0,0.0,48.0,10.0,linear
5,81129,51251,1,0.0,0.0,0.0,48.0,10.0,linear
6,75183,48479,1,0.0,0.0,0.0,48.0,10.0,linear
7,75555,48657,1,0.0,0.0,0.0,48.0,10.0,linear
8,83609,52191,1,0.0,0.0,0.0,48.0,10.0,linear
9,82157,51443,1,0.0,0.0,0.0,48.0,10.0,linear
10,71342,46295,1,0.0,0.0,0.0,48.0,10.0,linear
11,364166,48566,1,0.713923,0.713923,0.0,48.0,10.0,linear
12,522189,54591,1,0.73887,0.73887,0.0,48.0,10.0,linear
13,555726,71463,1,0.709169,0.709169,0.0,48.0,10.0,linear
14,569565,80922,1,0.696641,0.696641,0.0,48.0,10.0,linear
15,574952,86861,1,0.699451,0.699451,0.0,48.0,10.0,linear
16,569165,87228,1,0.711318,0.711318,0.0,48.0,10.0,linear
17,560220,83243,1,0.726332,0.726332,0.0,48.0,10.0,linear
18,549586,77100,1,0.743316,0.743316,0.0,48.0,10.0,linear
19,537509,69216,1,0.76284,0.76284,0.0,48.0,10.0,linear
20,527611,62191,1,0.782304,0.782304,0.0,48.0,10.0,linear
21,517528,55920,1,0.801936,0.801936,0.0,48.0,10.0,linear
22,507933,50005,1,0.821404,0.821404,0.0,48.0,10.0,linear
23,498855,43848,1,0.842152,0.842152,0.0,48.0,10.0,linear
24,489572,37755,1,0.862883,0.862883,0.0,48.0,10.0,linear
25,480107,32022,1,0.88419,0.88419,0.0,48.0,10.0,linear
26,470827,26313,1,0.904642,0.904642,0.0,48.0,10.0,linear
27,463499,21149,1,0.924454,0.924454,0.0,48.0,10.0,linear
28,456263,16519,1,0.94159,0.94159,0.0,48.0,10.0,linear
29,450227,12536,1,0.956672,0.956672,0.0,48.0,10.0,linear
30,444164,9105,1,0.969107,0.969107,0.0,48.0,10.0,linear
31,441298,6310,1,0.978826,0.978826,0.0,48.0,10.0,linear
32,438834,4287,1,0.986378,0.986378,0.0,48.0,10.0,linear
33,436468,2734,1,0.991621,0.991621,0.0,48.0,10.0,linear
34,434474,1626,1,0.9952,0.9952,0.0,48.0,10.0,linear
35,434217,892,1,0.99752,0.99752,0.0,48.0,10.0,linear
36,433128,461,1,0.998712,0.998712,0.0,48.0,10.0,linear
37,433718,241,1,0.999371,0.999371,0.0,48.0,10.0,linear
38,432579,95,1,0.999746,0.999746,0.0,48.0,10.0,linear
39,433625,45,1,0.999882,0.999882,0.0,48.0,10.0,linear
40,433707,7,1,0.999984,0.999984,0.0,48.0,10.0,linear
41,433608,2,1,0.999995,0.999995,0.0,48.0,10.0,linear
42,432857,0,1,1.0,1.0,0.0,48.0,10.0,linear

