generation,size,female_size,fertile_female_size,rate_dr,rate_has_drive,drive_efficiency,drop_ratio,low_density_growth_rate,density_growth_curve
1,78099,49033,1,0.0,0.0,0.0,51.0,7.0,linear
2,77948,48950,1,0.0,0.0,0.0,51.0,7.0,linear
3,81320,50797,1,0.0,0.0,0.0,51.0,7.0,linear
4,81774,51430,1,0.0,0.0,0.0,51.0,7.0,linear
5,76797,49281,1,0.0,0.0,0.0,51.0,7.0,linear
6,76040,49124,1,0.0,0.0,0.0,51.0,7.0,linear
7,78725,50172,1,0.0,0.0,0.0,51.0,7.0,linear
8,80595,50890,1,0.0,0.0,0.0,51.0,7.0,linear
9,79522,50518,1,0.0,0.0,0.0,51.0,7.0,linear
10,76993,49403,1,0.0,0.0,0.0,51.0,7.0,linear
11,384803,49931,1,0.739387,0.739387,0.0,51.0,7.0,linear
12,540209,50497,1,0.777428,0.777428,0.0,51.0,7.0,linear
13,562743,61781,1,0.756481,0.756481,0.0,51.0,7.0,linear
14,572929,68086,1,0.751145,0.751145,0.0,51.0,7.0,linear
15,573117,69948,1,0.761617,0.761617,0.0,51.0,7.0,linear
16,563492,66549,1,0.786404,0.786404,0.0,51.0,7.0,linear
17,547116,59247,1,0.815025,0.815025,0.0,51.0,7.0,linear
18,530944,49509,1,0.844108,0.844108,0.0,51.0,7.0,linear
19,516324,39675,1,0.871461,0.871461,0.0,51.0,7.0,linear
20,505236,31401,1,0.896983,0.896983,0.0,51.0,7.0,linear
21,495149,24275,1,0.920579,0.920579,0.0,51.0,7.0,linear
22,485535,18286,1,0.941147,0.941147,0.0,51.0,7.0,linear
23,477957,13332,1,0.958059,0.958059,0.0,51.0,7.0,linear
24,471892,9231,1,0.971619,0.971619,0.0,51.0,7.0,linear
25,468974,6193,1,0.981525,0.981525,0.0,51.0,7.0,linear
26,465319,3895,1,0.988731,0.988731,0.0,51.0,7.0,linear
27,463842,2290,1,0.993568,0.993568,0.0,51.0,7.0,linear
28,461912,1277,1,0.996526,0.996526,0.0,51.0,7.0,linear
29,460835,711,1,0.998166,0.998166,0.0,51.0,7.0,linear
30,459520,349,1,0.999114,0.999114,0.0,51.0,7.0,linear
31,460069,159,1,0.999617,0.999617,0.0,51.0,7.0,linear
32,460815,63,1,0.999846,0.999846,0.0,51.0,7.0,linear
33,460975,27,1,0.999935,0.999935,0.0,51.0,7.0,linear
34,460416,11,1,0.999976,0.999976,0.0,51.0,7.0,linear
35,460283,4,1,0.999991,0.999991,0.0,51.0,7.0,linear
36,460621,1,1,0.999998,0.999998,0.0,51.0,7.0,linear
37,460207,0,1,1.0,1.0,0.0,51.0,7.0,linear

