generation,size,female_size,fertile_female_size,rate_dr,rate_has_drive,drive_efficiency,drop_ratio,low_density_growth_rate,density_growth_curve
1,78574,49300,1,0.0,0.0,0.0,54.0,7.0,linear
2,78350,49073,1,0.0,0.0,0.0,54.0,7.0,linear
3,80271,50458,1,0.0,0.0,0.0,54.0,7.0,linear
4,80674,50759,1,0.0,0.0,0.0,54.0,7.0,linear
5,78021,49759,1,0.0,0.0,0.0,54.0,7.0,linear
6,76840,49327,1,0.0,0.0,0.0,54.0,7.0,linear
7,78629,49988,1,0.0,0.0,0.0,54.0,7.0,linear
8,79514,50280,1,0.0,0.0,0.0,54.0,7.0,linear
9,77966,49652,1,0.0,0.0,0.0,54.0,7.0,linear
10,77408,49383,1,0.0,0.0,0.0,54.0,7.0,linear
11,404458,50610,1,0.747856,0.747856,0.0,54.0,7.0,linear
12,567216,51257,1,0.785763,0.785763,0.0,54.0,7.0,linear
13,589910,62237,1,0.766402,0.766402,0.0,54.0,7.0,linear
14,600248,68348,1,0.762539,0.762539,0.0,54.0,7.0,linear
15,600167,69825,1,0.773635,0.773635,0.0,54.0,7.0,linear
16,587851,66063,1,0.797827,0.797827,0.0,54.0,7.0,linear
17,572538,58266,1,0.826897,0.826897,0.0,54.0,7.0,linear
18,556391,48709,1,0.855108,0.855108,0.0,54.0,7.0,linear
19,541017,38585,1,0.882205,0.882205,0.0,54.0,7.0,linear
20,529539,30078,1,0.907237,0.907237,0.0,54.0,7.0,linear
21,518854,22725,1,0.929292,0.929292,0.0,54.0,7.0,linear
22,510281,17051,1,0.947981,0.947981,0.0,54.0,7.0,linear
23,502890,12338,1,0.963676,0.963676,0.0,54.0,7.0,linear
24,497656,8476,1,0.975699,0.975699,0.0,54.0,7.0,linear
25,494153,5598,1,0.984497,0.984497,0.0,54.0,7.0,linear
26,491019,3449,1,0.990559,0.990559,0.0,54.0,7.0,linear
27,489599,2032,1,0.994503,0.994503,0.0,54.0,7.0,linear
28,488868,1163,1,0.997073,0.997073,0.0,54.0,7.0,linear
29,488027,617,1,0.998484,0.998484,0.0,54.0,7.0,linear
30,487891,338,1,0.999223,0.999223,0.0,54.0,7.0,linear
31,487556,153,1,0.999639,0.999639,0.0,54.0,7.0,linear
32,487103,70,1,0.999834,0.999834,0.0,54.0,7.0,linear
33,486932,31,1,0.999924,0.999924,0.0,54.0,7.0,linear
34,487440,12,1,0.999969,0.999969,0.0,54.0,7.0,linear
35,487209,3,1,0.999994,0.999994,0.0,54.0,7.0,linear
36,487660,1,1,0.999998,0.999998,0.0,54.0,7.0,linear
37,487494,0,1,1.0,1.0,0.0,54.0,7.0,linear

