generation,size,female_size,fertile_female_size,rate_dr,rate_has_drive,drive_efficiency,drop_ratio,low_density_growth_rate,density_growth_curve
1,78682,49731,1,0.0,0.0,0.0,27.0,4.0,linear
2,78721,49589,1,0.0,0.0,0.0,27.0,4.0,linear
3,78055,49423,1,0.0,0.0,0.0,27.0,4.0,linear
4,78813,49827,1,0.0,0.0,0.0,27.0,4.0,linear
5,79198,50234,1,0.0,0.0,0.0,27.0,4.0,linear
6,79602,50254,1,0.0,0.0,0.0,27.0,4.0,linear
7,78987,50231,1,0.0,0.0,0.0,27.0,4.0,linear
8,78709,50287,1,0.0,0.0,0.0,27.0,4.0,linear
9,78961,50588,1,0.0,0.0,0.0,27.0,4.0,linear
10,78478,50021,1,0.0,0.0,0.0,27.0,4.0,linear
11,240737,49958,1,0.602126,0.602126,0.0,27.0,4.0,linear
12,322067,49876,1,0.68086,0.68086,0.0,27.0,4.0,linear
13,329694,53810,1,0.674013,0.674013,0.0,27.0,4.0,linear
14,331143,55154,1,0.681162,0.681162,0.0,27.0,4.0,linear
15,326264,53189,1,0.703651,0.703651,0.0,27.0,4.0,linear
16,315523,48002,1,0.738969,0.738969,0.0,27.0,4.0,linear
17,302338,40762,1,0.78069,0.78069,0.0,27.0,4.0,linear
18,288890,32554,1,0.821499,0.821499,0.0,27.0,4.0,linear
19,277175,24729,1,0.859057,0.859057,0.0,27.0,4.0,linear
20,269232,18402,1,0.892881,0.892881,0.0,27.0,4.0,linear
21,261739,13320,1,0.921707,0.921707,0.0,27.0,4.0,linear
22,255904,9424,1,0.945152,0.945152,0.0,27.0,4.0,linear
23,251706,6427,1,0.963924,0.963924,0.0,27.0,4.0,linear
24,248736,4197,1,0.977304,0.977304,0.0,27.0,4.0,linear
25,246962,2536,1,0.986722,0.986722,0.0,27.0,4.0,linear
26,245241,1435,1,0.992898,0.992898,0.0,27.0,4.0,linear
27,244601,738,1,0.996439,0.996439,0.0,27.0,4.0,linear
28,243990,368,1,0.998262,0.998262,0.0,27.0,4.0,linear
29,243771,165,1,0.999266,0.999266,0.0,27.0,4.0,linear
30,243849,76,1,0.999647,0.999647,0.0,27.0,4.0,linear
31,243912,27,1,0.999877,0.999877,0.0,27.0,4.0,linear
32,244008,8,1,0.999967,0.999967,0.0,27.0,4.0,linear
33,243707,2,1,0.999992,0.999992,0.0,27.0,4.0,linear
34,243737,0,1,1.0,1.0,0.0,27.0,4.0,linear

