generation,size,female_size,fertile_female_size,rate_dr,rate_has_drive,drive_efficiency,drop_ratio,low_density_growth_rate,density_growth_curve
1,78523,49435,1,0.0,0.0,0.0,36.0,7.0,linear
2,78531,49407,1,0.0,0.0,0.0,36.0,7.0,linear
3,80772,50654,1,0.0,0.0,0.0,36.0,7.0,linear
4,79183,50153,1,0.0,0.0,0.0,36.0,7.0,linear
5,77864,49675,1,0.0,0.0,0.0,36.0,7.0,linear
6,78235,49838,1,0.0,0.0,0.0,36.0,7.0,linear
7,78837,50064,1,0.0,0.0,0.0,36.0,7.0,linear
8,78748,49838,1,0.0,0.0,0.0,36.0,7.0,linear
9,77492,49321,1,0.0,0.0,0.0,36.0,7.0,linear
10,79478,50465,1,0.0,0.0,0.0,36.0,7.0,linear
11,297256,51213,1,0.668905,0.668905,0.0,36.0,7.0,linear
12,403518,50057,1,0.713356,0.713356,0.0,36.0,7.0,linear
13,427153,61972,1,0.688375,0.688375,0.0,36.0,7.0,linear
14,437713,68592,1,0.678168,0.678168,0.0,36.0,7.0,linear
15,440936,71489,1,0.684169,0.684169,0.0,36.0,7.0,linear
16,432871,69623,1,0.704115,0.704115,0.0,36.0,7.0,linear
17,421821,64639,1,0.729122,0.729122,0.0,36.0,7.0,linear
18,409114,57291,1,0.754361,0.754361,0.0,36.0,7.0,linear
19,397428,49187,1,0.781452,0.781452,0.0,36.0,7.0,linear
20,387604,42016,1,0.809385,0.809385,0.0,36.0,7.0,linear
21,377070,35214,1,0.836851,0.836851,0.0,36.0,7.0,linear
22,366940,29370,1,0.864384,0.864384,0.0,36.0,7.0,linear
23,358761,23613,1,0.891105,0.891105,0.0,36.0,7.0,linear
24,350910,18549,1,0.915074,0.915074,0.0,36.0,7.0,linear
25,343676,13809,1,0.936658,0.936658,0.0,36.0,7.0,linear
26,338889,9972,1,0.954725,0.954725,0.0,36.0,7.0,linear
27,334143,7059,1,0.968489,0.968489,0.0,36.0,7.0,linear
28,330712,4771,1,0.979117,0.979117,0.0,36.0,7.0,linear
29,329391,3081,1,0.986887,0.986887,0.0,36.0,7.0,linear
30,326984,1921,1,0.992183,0.992183,0.0,36.0,7.0,linear
31,326659,1102,1,0.995733,0.995733,0.0,36.0,7.0,linear
32,325263,605,1,0.997731,0.997731,0.0,36.0,7.0,linear
33,325355,333,1,0.998814,0.998814,0.0,36.0,7.0,linear
34,325231,157,1,0.999462,0.999462,0.0,36.0,7.0,linear
35,324540,65,1,0.999781,0.999781,0.0,36.0,7.0,linear
36,324755,26,1,0.999911,0.999911,0.0,36.0,7.0,linear
37,324877,9,1,0.999972,0.999972,0.0,36.0,7.0,linear
38,325151,3,1,0.999991,0.999991,0.0,36.0,7.0,linear
39,324917,0,1,1.0,1.0,0.0,36.0,7.0,linear

