generation,size,female_size,fertile_female_size,rate_dr,rate_has_drive,drive_efficiency,drop_ratio,low_density_growth_rate,density_growth_curve
1,78028,48744,1,0.0,0.0,0.0,51.0,5.0,linear
2,78084,48787,1,0.0,0.0,0.0,51.0,5.0,linear
3,79379,49728,1,0.0,0.0,0.0,51.0,5.0,linear
4,80689,50593,1,0.0,0.0,0.0,51.0,5.0,linear
5,80216,50839,1,0.0,0.0,0.0,51.0,5.0,linear
6,77834,50062,1,0.0,0.0,0.0,51.0,5.0,linear
7,76621,49470,1,0.0,0.0,0.0,51.0,5.0,linear
8,77490,49601,1,0.0,0.0,0.0,51.0,5.0,linear
9,78686,49774,1,0.0,0.0,0.0,51.0,5.0,linear
10,79467,50304,1,0.0,0.0,0.0,51.0,5.0,linear
11,386088,50228,1,0.741346,0.741346,0.0,51.0,5.0,linear
12,538666,49935,1,0.793455,0.793455,0.0,51.0,5.0,linear
13,551600,56502,1,0.782801,0.782801,0.0,51.0,5.0,linear
14,555322,58970,1,0.785524,0.785524,0.0,51.0,5.0,linear
15,552360,57772,1,0.802715,0.802715,0.0,51.0,5.0,linear
16,539239,52256,1,0.832273,0.832273,0.0,51.0,5.0,linear
17,522733,44125,1,0.865308,0.865308,0.0,51.0,5.0,linear
18,507153,34094,1,0.897148,0.897148,0.0,51.0,5.0,linear
19,493432,24563,1,0.924589,0.924589,0.0,51.0,5.0,linear
20,482962,17317,1,0.946752,0.946752,0.0,51.0,5.0,linear
21,475552,11554,1,0.964441,0.964441,0.0,51.0,5.0,linear
22,470034,7599,1,0.977093,0.977093,0.0,51.0,5.0,linear
23,466476,4964,1,0.985776,0.985776,0.0,51.0,5.0,linear
24,463703,3048,1,0.991485,0.991485,0.0,51.0,5.0,linear
25,462217,1757,1,0.995274,0.995274,0.0,51.0,5.0,linear
26,461997,933,1,0.997498,0.997498,0.0,51.0,5.0,linear
27,460990,465,1,0.998798,0.998798,0.0,51.0,5.0,linear
28,460641,214,1,0.999483,0.999483,0.0,51.0,5.0,linear
29,460230,104,1,0.999768,0.999768,0.0,51.0,5.0,linear
30,459509,49,1,0.999893,0.999893,0.0,51.0,5.0,linear
31,459576,20,1,0.999956,0.999956,0.0,51.0,5.0,linear
32,459541,3,1,0.999993,0.999993,0.0,51.0,5.0,linear
33,459832,0,1,1.0,1.0,0.0,51.0,5.0,linear

