generation,size,female_size,fertile_female_size,rate_dr,rate_has_drive,drive_efficiency,drop_ratio,low_density_growth_rate,density_growth_curve
1,78364,49312,1,0.0,0.0,0.0,54.0,9.0,linear
2,78284,49291,1,0.0,0.0,0.0,54.0,9.0,linear
3,79266,49978,1,0.0,0.0,0.0,54.0,9.0,linear
4,80904,51119,1,0.0,0.0,0.0,54.0,9.0,linear
5,79619,50633,1,0.0,0.0,0.0,54.0,9.0,linear
6,73201,47435,1,0.0,0.0,0.0,54.0,9.0,linear
7,76775,48995,1,0.0,0.0,0.0,54.0,9.0,linear
8,84006,52373,1,0.0,0.0,0.0,54.0,9.0,linear
9,82036,51479,1,0.0,0.0,0.0,54.0,9.0,linear
10,73006,47608,1,0.0,0.0,0.0,54.0,9.0,linear
11,398721,48084,1,0.746323,0.746323,0.0,54.0,9.0,linear
12,571132,52616,1,0.771718,0.771718,0.0,54.0,9.0,linear
13,602023,67534,1,0.745016,0.745016,0.0,54.0,9.0,linear
14,615379,76188,1,0.735452,0.735452,0.0,54.0,9.0,linear
15,618746,80894,1,0.742615,0.742615,0.0,54.0,9.0,linear
16,608846,78857,1,0.760555,0.760555,0.0,54.0,9.0,linear
17,596438,73019,1,0.782163,0.782163,0.0,54.0,9.0,linear
18,580909,64496,1,0.804293,0.804293,0.0,54.0,9.0,linear
19,567871,55035,1,0.828294,0.828294,0.0,54.0,9.0,linear
20,555791,46552,1,0.852023,0.852023,0.0,54.0,9.0,linear
21,544195,39159,1,0.876055,0.876055,0.0,54.0,9.0,linear
22,533182,32041,1,0.898943,0.898943,0.0,54.0,9.0,linear
23,523879,25555,1,0.920371,0.920371,0.0,54.0,9.0,linear
24,515038,19681,1,0.939298,0.939298,0.0,54.0,9.0,linear
25,507134,14554,1,0.955378,0.955378,0.0,54.0,9.0,linear
26,502324,10399,1,0.968935,0.968935,0.0,54.0,9.0,linear
27,496778,7174,1,0.978858,0.978858,0.0,54.0,9.0,linear
28,493095,4839,1,0.986009,0.986009,0.0,54.0,9.0,linear
29,491674,3069,1,0.991515,0.991515,0.0,54.0,9.0,linear
30,489723,1868,1,0.994931,0.994931,0.0,54.0,9.0,linear
31,488954,1088,1,0.997009,0.997009,0.0,54.0,9.0,linear
32,488492,630,1,0.998346,0.998346,0.0,54.0,9.0,linear
33,487781,370,1,0.99908,0.99908,0.0,54.0,9.0,linear
34,486813,182,1,0.999558,0.999558,0.0,54.0,9.0,linear
35,487093,95,1,0.999797,0.999797,0.0,54.0,9.0,linear
36,487624,45,1,0.999906,0.999906,0.0,54.0,9.0,linear
37,487656,20,1,0.999957,0.999957,0.0,54.0,9.0,linear
38,486875,7,1,0.999986,0.999986,0.0,54.0,9.0,linear
39,486183,1,1,0.999998,0.999998,0.0,54.0,9.0,linear
40,486084,0,1,1.0,1.0,0.0,54.0,9.0,linear

