generation,size,female_size,fertile_female_size,rate_dr,rate_has_drive,drive_efficiency,drop_ratio,low_density_growth_rate,density_growth_curve
1,78120,49083,1,0.0,0.0,0.0,54.0,5.0,linear
2,78589,49382,1,0.0,0.0,0.0,54.0,5.0,linear
3,80174,50449,1,0.0,0.0,0.0,54.0,5.0,linear
4,79739,50409,1,0.0,0.0,0.0,54.0,5.0,linear
5,78704,50109,1,0.0,0.0,0.0,54.0,5.0,linear
6,78641,50162,1,0.0,0.0,0.0,54.0,5.0,linear
7,78550,49989,1,0.0,0.0,0.0,54.0,5.0,linear
8,78705,50004,1,0.0,0.0,0.0,54.0,5.0,linear
9,78019,49622,1,0.0,0.0,0.0,54.0,5.0,linear
10,78386,49905,1,0.0,0.0,0.0,54.0,5.0,linear
11,404510,50366,1,0.750672,0.750672,0.0,54.0,5.0,linear
12,567325,50546,1,0.801666,0.801666,0.0,54.0,5.0,linear
13,578687,56851,1,0.791454,0.791454,0.0,54.0,5.0,linear
14,582976,59695,1,0.795189,0.795189,0.0,54.0,5.0,linear
15,578648,58044,1,0.812627,0.812627,0.0,54.0,5.0,linear
16,566124,52413,1,0.841187,0.841187,0.0,54.0,5.0,linear
17,549110,43387,1,0.873755,0.873755,0.0,54.0,5.0,linear
18,533333,33414,1,0.903997,0.903997,0.0,54.0,5.0,linear
19,519150,24243,1,0.929777,0.929777,0.0,54.0,5.0,linear
20,509157,16838,1,0.950551,0.950551,0.0,54.0,5.0,linear
21,502580,11332,1,0.966917,0.966917,0.0,54.0,5.0,linear
22,497235,7314,1,0.97926,0.97926,0.0,54.0,5.0,linear
23,492727,4642,1,0.987349,0.987349,0.0,54.0,5.0,linear
24,490542,2892,1,0.9926,0.9926,0.0,54.0,5.0,linear
25,487975,1635,1,0.995963,0.995963,0.0,54.0,5.0,linear
26,487290,841,1,0.997921,0.997921,0.0,54.0,5.0,linear
27,487749,397,1,0.999055,0.999055,0.0,54.0,5.0,linear
28,486912,181,1,0.9996,0.9996,0.0,54.0,5.0,linear
29,486906,74,1,0.999842,0.999842,0.0,54.0,5.0,linear
30,487059,23,1,0.999953,0.999953,0.0,54.0,5.0,linear
31,487325,9,1,0.999982,0.999982,0.0,54.0,5.0,linear
32,487108,2,1,0.999996,0.999996,0.0,54.0,5.0,linear
33,487619,0,1,1.0,1.0,0.0,54.0,5.0,linear

