generation,size,female_size,fertile_female_size,rate_dr,rate_has_drive,drive_efficiency,drop_ratio,low_density_growth_rate,density_growth_curve
1,77973,49028,1,0.0,0.0,0.0,60.0,8.0,linear
2,78532,49437,1,0.0,0.0,0.0,60.0,8.0,linear
3,80890,50659,1,0.0,0.0,0.0,60.0,8.0,linear
4,79688,50325,1,0.0,0.0,0.0,60.0,8.0,linear
5,77366,49447,1,0.0,0.0,0.0,60.0,8.0,linear
6,77402,49651,1,0.0,0.0,0.0,60.0,8.0,linear
7,80229,50850,1,0.0,0.0,0.0,60.0,8.0,linear
8,78970,50132,1,0.0,0.0,0.0,60.0,8.0,linear
9,76105,48594,1,0.0,0.0,0.0,60.0,8.0,linear
10,79134,50253,1,0.0,0.0,0.0,60.0,8.0,linear
11,442430,51614,1,0.769469,0.769469,0.0,60.0,8.0,linear
12,620362,50308,1,0.79787,0.79787,0.0,60.0,8.0,linear
13,649631,65301,1,0.77631,0.77631,0.0,60.0,8.0,linear
14,661106,72425,1,0.767614,0.767614,0.0,60.0,8.0,linear
15,664563,75693,1,0.775015,0.775015,0.0,60.0,8.0,linear
16,653812,72361,1,0.796805,0.796805,0.0,60.0,8.0,linear
17,639656,65403,1,0.822524,0.822524,0.0,60.0,8.0,linear
18,621590,55436,1,0.848582,0.848582,0.0,60.0,8.0,linear
19,605952,44756,1,0.875248,0.875248,0.0,60.0,8.0,linear
20,593852,35867,1,0.899954,0.899954,0.0,60.0,8.0,linear
21,581085,27925,1,0.921785,0.921785,0.0,60.0,8.0,linear
22,571970,21424,1,0.940997,0.940997,0.0,60.0,8.0,linear
23,562179,15815,1,0.956947,0.956947,0.0,60.0,8.0,linear
24,556440,11354,1,0.970135,0.970135,0.0,60.0,8.0,linear
25,551430,7620,1,0.980052,0.980052,0.0,60.0,8.0,linear
26,547975,5014,1,0.987278,0.987278,0.0,60.0,8.0,linear
27,545535,3164,1,0.992363,0.992363,0.0,60.0,8.0,linear
28,543514,1851,1,0.995712,0.995712,0.0,60.0,8.0,linear
29,542727,1025,1,0.997737,0.997737,0.0,60.0,8.0,linear
30,541912,548,1,0.998863,0.998863,0.0,60.0,8.0,linear
31,542045,263,1,0.999471,0.999471,0.0,60.0,8.0,linear
32,542520,89,1,0.999825,0.999825,0.0,60.0,8.0,linear
33,541219,35,1,0.999935,0.999935,0.0,60.0,8.0,linear
34,541237,11,1,0.99998,0.99998,0.0,60.0,8.0,linear
35,540986,1,1,0.999998,0.999998,0.0,60.0,8.0,linear
36,541156,0,1,1.0,1.0,0.0,60.0,8.0,linear

