generation,size,female_size,fertile_female_size,rate_dr,rate_has_drive,drive_efficiency,drop_ratio,low_density_growth_rate,density_growth_curve
1,78341,49399,1,0.0,0.0,0.0,54.0,6.0,linear
2,78489,49393,1,0.0,0.0,0.0,54.0,6.0,linear
3,79110,49786,1,0.0,0.0,0.0,54.0,6.0,linear
4,80078,50500,1,0.0,0.0,0.0,54.0,6.0,linear
5,79076,50225,1,0.0,0.0,0.0,54.0,6.0,linear
6,78886,50183,1,0.0,0.0,0.0,54.0,6.0,linear
7,78093,49813,1,0.0,0.0,0.0,54.0,6.0,linear
8,78145,49690,1,0.0,0.0,0.0,54.0,6.0,linear
9,78610,49884,1,0.0,0.0,0.0,54.0,6.0,linear
10,78421,49757,1,0.0,0.0,0.0,54.0,6.0,linear
11,404113,49783,1,0.750077,0.750077,0.0,54.0,6.0,linear
12,568177,50540,1,0.794981,0.794981,0.0,54.0,6.0,linear
13,584893,59224,1,0.779334,0.779334,0.0,54.0,6.0,linear
14,592876,63961,1,0.778074,0.778074,0.0,54.0,6.0,linear
15,589362,64455,1,0.792235,0.792235,0.0,54.0,6.0,linear
16,577073,59581,1,0.818475,0.818475,0.0,54.0,6.0,linear
17,561188,51227,1,0.849841,0.849841,0.0,54.0,6.0,linear
18,543781,40913,1,0.880729,0.880729,0.0,54.0,6.0,linear
19,530564,30940,1,0.90868,0.90868,0.0,54.0,6.0,linear
20,518177,22582,1,0.932633,0.932633,0.0,54.0,6.0,linear
21,509010,15687,1,0.952988,0.952988,0.0,54.0,6.0,linear
22,503051,10900,1,0.968336,0.968336,0.0,54.0,6.0,linear
23,496589,7155,1,0.980201,0.980201,0.0,54.0,6.0,linear
24,492910,4444,1,0.98814,0.98814,0.0,54.0,6.0,linear
25,490622,2685,1,0.993111,0.993111,0.0,54.0,6.0,linear
26,488593,1484,1,0.996288,0.996288,0.0,54.0,6.0,linear
27,487531,755,1,0.998074,0.998074,0.0,54.0,6.0,linear
28,487039,372,1,0.999103,0.999103,0.0,54.0,6.0,linear
29,487145,177,1,0.999571,0.999571,0.0,54.0,6.0,linear
30,486853,99,1,0.99978,0.99978,0.0,54.0,6.0,linear
31,486719,43,1,0.999908,0.999908,0.0,54.0,6.0,linear
32,487321,21,1,0.999957,0.999957,0.0,54.0,6.0,linear
33,486760,9,1,0.999982,0.999982,0.0,54.0,6.0,linear
34,487128,1,1,0.999998,0.999998,0.0,54.0,6.0,linear
35,487133,0,1,1.0,1.0,0.0,54.0,6.0,linear

