generation,size,female_size,fertile_female_size,rate_dr,rate_has_drive,drive_efficiency,drop_ratio,low_density_growth_rate,density_growth_curve
1,78298,49282,1,0.0,0.0,0.0,54.0,4.0,linear
2,78235,49090,1,0.0,0.0,0.0,54.0,4.0,linear
3,78643,49560,1,0.0,0.0,0.0,54.0,4.0,linear
4,79183,50176,1,0.0,0.0,0.0,54.0,4.0,linear
5,79796,50768,1,0.0,0.0,0.0,54.0,4.0,linear
6,79111,50497,1,0.0,0.0,0.0,54.0,4.0,linear
7,78275,49952,1,0.0,0.0,0.0,54.0,4.0,linear
8,77422,49605,1,0.0,0.0,0.0,54.0,4.0,linear
9,78642,50117,1,0.0,0.0,0.0,54.0,4.0,linear
10,78690,49882,1,0.0,0.0,0.0,54.0,4.0,linear
11,403288,49426,1,0.752294,0.752294,0.0,54.0,4.0,linear
12,565777,49706,1,0.809711,0.809711,0.0,54.0,4.0,linear
13,573059,53609,1,0.805514,0.805514,0.0,54.0,4.0,linear
14,574130,54877,1,0.813788,0.813788,0.0,54.0,4.0,linear
15,566737,51536,1,0.834055,0.834055,0.0,54.0,4.0,linear
16,554165,44987,1,0.864956,0.864956,0.0,54.0,4.0,linear
17,537989,35998,1,0.898461,0.898461,0.0,54.0,4.0,linear
18,521997,25967,1,0.928205,0.928205,0.0,54.0,4.0,linear
19,510232,17648,1,0.951605,0.951605,0.0,54.0,4.0,linear
20,501180,11247,1,0.968942,0.968942,0.0,54.0,4.0,linear
21,496329,6927,1,0.980675,0.980675,0.0,54.0,4.0,linear
22,492608,4208,1,0.988462,0.988462,0.0,54.0,4.0,linear
23,490864,2558,1,0.993323,0.993323,0.0,54.0,4.0,linear
24,489518,1441,1,0.996468,0.996468,0.0,54.0,4.0,linear
25,488410,770,1,0.998229,0.998229,0.0,54.0,4.0,linear
26,487983,369,1,0.999207,0.999207,0.0,54.0,4.0,linear
27,487308,144,1,0.999694,0.999694,0.0,54.0,4.0,linear
28,487778,53,1,0.999887,0.999887,0.0,54.0,4.0,linear
29,487854,16,1,0.999967,0.999967,0.0,54.0,4.0,linear
30,487373,3,1,0.999994,0.999994,0.0,54.0,4.0,linear
31,487411,1,1,0.999998,0.999998,0.0,54.0,4.0,linear
32,486672,0,1,1.0,1.0,0.0,54.0,4.0,linear

