generation,size,female_size,fertile_female_size,rate_dr,rate_has_drive,drive_efficiency,drop_ratio,low_density_growth_rate,density_growth_curve
1,78806,49544,1,0.0,0.0,0.0,42.0,8.0,linear
2,78716,49356,1,0.0,0.0,0.0,42.0,8.0,linear
3,78449,49585,1,0.0,0.0,0.0,42.0,8.0,linear
4,78171,49656,1,0.0,0.0,0.0,42.0,8.0,linear
5,79347,50290,1,0.0,0.0,0.0,42.0,8.0,linear
6,78833,49964,1,0.0,0.0,0.0,42.0,8.0,linear
7,77318,49250,1,0.0,0.0,0.0,42.0,8.0,linear
8,78706,50139,1,0.0,0.0,0.0,42.0,8.0,linear
9,80791,51311,1,0.0,0.0,0.0,42.0,8.0,linear
10,79132,50514,1,0.0,0.0,0.0,42.0,8.0,linear
11,329000,49265,1,0.705373,0.705373,0.0,42.0,8.0,linear
12,455953,49611,1,0.738834,0.738834,0.0,42.0,8.0,linear
13,484996,63866,1,0.710455,0.710455,0.0,42.0,8.0,linear
14,498542,71149,1,0.698038,0.698038,0.0,42.0,8.0,linear
15,502445,75300,1,0.701815,0.701815,0.0,42.0,8.0,linear
16,495216,74414,1,0.720259,0.720259,0.0,42.0,8.0,linear
17,484594,69657,1,0.742619,0.742619,0.0,42.0,8.0,linear
18,470807,62194,1,0.764831,0.764831,0.0,42.0,8.0,linear
19,459302,54057,1,0.789397,0.789397,0.0,42.0,8.0,linear
20,449083,46749,1,0.814511,0.814511,0.0,42.0,8.0,linear
21,439243,39822,1,0.839523,0.839523,0.0,42.0,8.0,linear
22,428097,33605,1,0.865497,0.865497,0.0,42.0,8.0,linear
23,418143,27397,1,0.889574,0.889574,0.0,42.0,8.0,linear
24,409690,21918,1,0.911739,0.911739,0.0,42.0,8.0,linear
25,403151,16947,1,0.933188,0.933188,0.0,42.0,8.0,linear
26,396393,12506,1,0.951071,0.951071,0.0,42.0,8.0,linear
27,391402,8980,1,0.96596,0.96596,0.0,42.0,8.0,linear
28,387234,6153,1,0.977392,0.977392,0.0,42.0,8.0,linear
29,384909,4044,1,0.985649,0.985649,0.0,42.0,8.0,linear
30,382448,2456,1,0.991589,0.991589,0.0,42.0,8.0,linear
31,381004,1450,1,0.995341,0.995341,0.0,42.0,8.0,linear
32,380538,789,1,0.997564,0.997564,0.0,42.0,8.0,linear
33,379680,389,1,0.998828,0.998828,0.0,42.0,8.0,linear
34,379636,178,1,0.999455,0.999455,0.0,42.0,8.0,linear
35,379057,70,1,0.99976,0.99976,0.0,42.0,8.0,linear
36,378862,26,1,0.999905,0.999905,0.0,42.0,8.0,linear
37,378959,9,1,0.99996,0.99996,0.0,42.0,8.0,linear
38,378835,6,1,0.999979,0.999979,0.0,42.0,8.0,linear
39,379296,3,1,0.999992,0.999992,0.0,42.0,8.0,linear
40,378934,3,1,0.999992,0.999992,0.0,42.0,8.0,linear
41,378301,1,1,0.999997,0.999997,0.0,42.0,8.0,linear
42,378382,0,1,1.0,1.0,0.0,42.0,8.0,linear

