generation,size,female_size,fertile_female_size,rate_dr,rate_has_drive,drive_efficiency,drop_ratio,low_density_growth_rate,density_growth_curve
1,78114,49041,1,0.0,0.0,0.0,51.0,7.0,linear
2,78281,49136,1,0.0,0.0,0.0,51.0,7.0,linear
3,80625,50660,1,0.0,0.0,0.0,51.0,7.0,linear
4,81467,51453,1,0.0,0.0,0.0,51.0,7.0,linear
5,77050,49378,1,0.0,0.0,0.0,51.0,7.0,linear
6,75169,48386,1,0.0,0.0,0.0,51.0,7.0,linear
7,78622,49897,1,0.0,0.0,0.0,51.0,7.0,linear
8,81290,50857,1,0.0,0.0,0.0,51.0,7.0,linear
9,80358,50640,1,0.0,0.0,0.0,51.0,7.0,linear
10,76360,48995,1,0.0,0.0,0.0,51.0,7.0,linear
11,385121,50021,1,0.738542,0.738542,0.0,51.0,7.0,linear
12,540962,51087,1,0.77726,0.77726,0.0,51.0,7.0,linear
13,562336,61985,1,0.756585,0.756585,0.0,51.0,7.0,linear
14,572731,68018,1,0.75249,0.75249,0.0,51.0,7.0,linear
15,573396,69869,1,0.763913,0.763913,0.0,51.0,7.0,linear
16,561344,66328,1,0.788224,0.788224,0.0,51.0,7.0,linear
17,546926,58735,1,0.817464,0.817464,0.0,51.0,7.0,linear
18,529511,48764,1,0.845752,0.845752,0.0,51.0,7.0,linear
19,515728,39006,1,0.873379,0.873379,0.0,51.0,7.0,linear
20,502809,30601,1,0.898884,0.898884,0.0,51.0,7.0,linear
21,492577,23380,1,0.922117,0.922117,0.0,51.0,7.0,linear
22,484770,17758,1,0.942081,0.942081,0.0,51.0,7.0,linear
23,477663,12964,1,0.958807,0.958807,0.0,51.0,7.0,linear
24,472433,9153,1,0.972015,0.972015,0.0,51.0,7.0,linear
25,468274,6125,1,0.981709,0.981709,0.0,51.0,7.0,linear
26,465112,3842,1,0.988904,0.988904,0.0,51.0,7.0,linear
27,463006,2292,1,0.993493,0.993493,0.0,51.0,7.0,linear
28,461458,1283,1,0.996466,0.996466,0.0,51.0,7.0,linear
29,460094,674,1,0.998235,0.998235,0.0,51.0,7.0,linear
30,460898,355,1,0.999117,0.999117,0.0,51.0,7.0,linear
31,460642,189,1,0.999559,0.999559,0.0,51.0,7.0,linear
32,459826,81,1,0.999819,0.999819,0.0,51.0,7.0,linear
33,460989,29,1,0.999935,0.999935,0.0,51.0,7.0,linear
34,460508,6,1,0.999987,0.999987,0.0,51.0,7.0,linear
35,460389,0,1,1.0,1.0,0.0,51.0,7.0,linear

