generation,size,female_size,fertile_female_size,rate_dr,rate_has_drive,drive_efficiency,drop_ratio,low_density_growth_rate,density_growth_curve
1,78835,49545,1,0.0,0.0,0.0,57.0,9.0,linear
2,78744,49683,1,0.0,0.0,0.0,57.0,9.0,linear
3,80352,50572,1,0.0,0.0,0.0,57.0,9.0,linear
4,78024,49543,1,0.0,0.0,0.0,57.0,9.0,linear
5,77259,49362,1,0.0,0.0,0.0,57.0,9.0,linear
6,78808,50138,1,0.0,0.0,0.0,57.0,9.0,linear
7,80697,51013,1,0.0,0.0,0.0,57.0,9.0,linear
8,78279,49915,1,0.0,0.0,0.0,57.0,9.0,linear
9,75709,48639,1,0.0,0.0,0.0,57.0,9.0,linear
10,77116,49162,1,0.0,0.0,0.0,57.0,9.0,linear
11,423837,50760,1,0.757084,0.757084,0.0,57.0,9.0,linear
12,595136,50987,1,0.7813,0.7813,0.0,57.0,9.0,linear
13,628710,67832,1,0.756768,0.756768,0.0,57.0,9.0,linear
14,642404,76270,1,0.745856,0.745856,0.0,57.0,9.0,linear
15,646872,81069,1,0.750866,0.750866,0.0,57.0,9.0,linear
16,637597,79265,1,0.769654,0.769654,0.0,57.0,9.0,linear
17,624205,73162,1,0.792145,0.792145,0.0,57.0,9.0,linear
18,607875,63999,1,0.815255,0.815255,0.0,57.0,9.0,linear
19,593678,54164,1,0.839951,0.839951,0.0,57.0,9.0,linear
20,580321,45359,1,0.863818,0.863818,0.0,57.0,9.0,linear
21,569160,37584,1,0.88633,0.88633,0.0,57.0,9.0,linear
22,557415,30614,1,0.908613,0.908613,0.0,57.0,9.0,linear
23,547553,23831,1,0.92957,0.92957,0.0,57.0,9.0,linear
24,539373,18198,1,0.947131,0.947131,0.0,57.0,9.0,linear
25,532229,13150,1,0.962745,0.962745,0.0,57.0,9.0,linear
26,525971,9148,1,0.974158,0.974158,0.0,57.0,9.0,linear
27,522496,6240,1,0.983139,0.983139,0.0,57.0,9.0,linear
28,519942,3947,1,0.989467,0.989467,0.0,57.0,9.0,linear
29,516820,2492,1,0.993542,0.993542,0.0,57.0,9.0,linear
30,515358,1456,1,0.99645,0.99645,0.0,57.0,9.0,linear
31,514622,814,1,0.9981,0.9981,0.0,57.0,9.0,linear
32,514678,413,1,0.999064,0.999064,0.0,57.0,9.0,linear
33,514309,187,1,0.999594,0.999594,0.0,57.0,9.0,linear
34,514399,92,1,0.999811,0.999811,0.0,57.0,9.0,linear
35,515148,34,1,0.999928,0.999928,0.0,57.0,9.0,linear
36,514432,13,1,0.999975,0.999975,0.0,57.0,9.0,linear
37,514762,3,1,0.999994,0.999994,0.0,57.0,9.0,linear
38,514426,1,1,0.999998,0.999998,0.0,57.0,9.0,linear
39,513862,0,1,1.0,1.0,0.0,57.0,9.0,linear

