generation,size,female_size,fertile_female_size,rate_dr,rate_has_drive,drive_efficiency,drop_ratio,low_density_growth_rate,density_growth_curve
1,78432,49290,1,0.0,0.0,0.0,24.0,2.0,linear
2,78493,49311,1,0.0,0.0,0.0,24.0,2.0,linear
3,78440,49530,1,0.0,0.0,0.0,24.0,2.0,linear
4,78085,49291,1,0.0,0.0,0.0,24.0,2.0,linear
5,78295,49573,1,0.0,0.0,0.0,24.0,2.0,linear
6,78056,49627,1,0.0,0.0,0.0,24.0,2.0,linear
7,78089,49676,1,0.0,0.0,0.0,24.0,2.0,linear
8,78425,49951,1,0.0,0.0,0.0,24.0,2.0,linear
9,78309,50054,1,0.0,0.0,0.0,24.0,2.0,linear
10,78598,50261,1,0.0,0.0,0.0,24.0,2.0,linear
11,223046,50337,1,0.574844,0.574844,0.0,24.0,2.0,linear
12,295433,49998,1,0.674548,0.674548,0.0,24.0,2.0,linear
13,292709,48788,1,0.68943,0.68943,0.0,24.0,2.0,linear
14,285985,45349,1,0.718327,0.718327,0.0,24.0,2.0,linear
15,275513,39527,1,0.758205,0.758205,0.0,24.0,2.0,linear
16,263098,32294,1,0.805013,0.805013,0.0,24.0,2.0,linear
17,250132,24408,1,0.854884,0.854884,0.0,24.0,2.0,linear
18,238519,17049,1,0.898258,0.898258,0.0,24.0,2.0,linear
19,230960,11279,1,0.932817,0.932817,0.0,24.0,2.0,linear
20,225402,6988,1,0.958361,0.958361,0.0,24.0,2.0,linear
21,221690,4172,1,0.975107,0.975107,0.0,24.0,2.0,linear
22,219786,2382,1,0.986016,0.986016,0.0,24.0,2.0,linear
23,217749,1280,1,0.992782,0.992782,0.0,24.0,2.0,linear
24,217284,665,1,0.996369,0.996369,0.0,24.0,2.0,linear
25,216738,316,1,0.998325,0.998325,0.0,24.0,2.0,linear
26,216985,151,1,0.999212,0.999212,0.0,24.0,2.0,linear
27,216631,63,1,0.999686,0.999686,0.0,24.0,2.0,linear
28,217335,14,1,0.999926,0.999926,0.0,24.0,2.0,linear
29,216741,6,1,0.999968,0.999968,0.0,24.0,2.0,linear
30,216875,1,1,0.999995,0.999995,0.0,24.0,2.0,linear
31,216682,0,1,1.0,1.0,0.0,24.0,2.0,linear

