generation,size,female_size,fertile_female_size,rate_dr,rate_has_drive,drive_efficiency,drop_ratio,low_density_growth_rate,density_growth_curve
1,78170,49164,1,0.0,0.0,0.0,33.0,8.0,linear
2,78313,49187,1,0.0,0.0,0.0,33.0,8.0,linear
3,80480,50467,1,0.0,0.0,0.0,33.0,8.0,linear
4,82034,51597,1,0.0,0.0,0.0,33.0,8.0,linear
5,78494,50228,1,0.0,0.0,0.0,33.0,8.0,linear
6,75071,48500,1,0.0,0.0,0.0,33.0,8.0,linear
7,78221,49813,1,0.0,0.0,0.0,33.0,8.0,linear
8,81690,51223,1,0.0,0.0,0.0,33.0,8.0,linear
9,79127,50032,1,0.0,0.0,0.0,33.0,8.0,linear
10,76946,49388,1,0.0,0.0,0.0,33.0,8.0,linear
11,275820,49526,1,0.646986,0.646986,0.0,33.0,8.0,linear
12,377962,50993,1,0.686119,0.686119,0.0,33.0,8.0,linear
13,404369,64264,1,0.655357,0.655357,0.0,33.0,8.0,linear
14,417743,72088,1,0.641047,0.641047,0.0,33.0,8.0,linear
15,423709,77119,1,0.643581,0.643581,0.0,33.0,8.0,linear
16,417966,76924,1,0.657601,0.657601,0.0,33.0,8.0,linear
17,409473,73794,1,0.675006,0.675006,0.0,33.0,8.0,linear
18,399726,67813,1,0.694089,0.694089,0.0,33.0,8.0,linear
19,390359,61466,1,0.713298,0.713298,0.0,33.0,8.0,linear
20,382051,55849,1,0.734346,0.734346,0.0,33.0,8.0,linear
21,373279,49876,1,0.757342,0.757342,0.0,33.0,8.0,linear
22,364368,44350,1,0.781514,0.781514,0.0,33.0,8.0,linear
23,355707,38631,1,0.806174,0.806174,0.0,33.0,8.0,linear
24,347929,33505,1,0.830479,0.830479,0.0,33.0,8.0,linear
25,339317,28165,1,0.85562,0.85562,0.0,33.0,8.0,linear
26,331115,23135,1,0.880378,0.880378,0.0,33.0,8.0,linear
27,325110,18699,1,0.903388,0.903388,0.0,33.0,8.0,linear
28,319032,14775,1,0.924281,0.924281,0.0,33.0,8.0,linear
29,314424,11318,1,0.94307,0.94307,0.0,33.0,8.0,linear
30,309711,8345,1,0.958965,0.958965,0.0,33.0,8.0,linear
31,305677,5876,1,0.97178,0.97178,0.0,33.0,8.0,linear
32,302757,4035,1,0.9815,0.9815,0.0,33.0,8.0,linear
33,300831,2656,1,0.988221,0.988221,0.0,33.0,8.0,linear
34,299414,1608,1,0.992892,0.992892,0.0,33.0,8.0,linear
35,298649,960,1,0.995839,0.995839,0.0,33.0,8.0,linear
36,298465,548,1,0.997792,0.997792,0.0,33.0,8.0,linear
37,298610,279,1,0.998922,0.998922,0.0,33.0,8.0,linear
38,297889,129,1,0.99954,0.99954,0.0,33.0,8.0,linear
39,298299,55,1,0.999812,0.999812,0.0,33.0,8.0,linear
40,297778,25,1,0.999916,0.999916,0.0,33.0,8.0,linear
41,298197,8,1,0.999973,0.999973,0.0,33.0,8.0,linear
42,297942,1,1,0.999997,0.999997,0.0,33.0,8.0,linear
43,298109,0,1,1.0,1.0,0.0,33.0,8.0,linear

