generation,size,female_size,fertile_female_size,rate_dr,rate_has_drive,drive_efficiency,drop_ratio,low_density_growth_rate,density_growth_curve
1,78164,49244,1,0.0,0.0,0.0,14.0,4.0,linear
2,78081,49089,1,0.0,0.0,0.0,14.0,4.0,linear
3,78732,49589,1,0.0,0.0,0.0,14.0,4.0,linear
4,79100,49993,1,0.0,0.0,0.0,14.0,4.0,linear
5,79121,50127,1,0.0,0.0,0.0,14.0,4.0,linear
6,78755,50242,1,0.0,0.0,0.0,14.0,4.0,linear
7,78315,50106,1,0.0,0.0,0.0,14.0,4.0,linear
8,77769,49853,1,0.0,0.0,0.0,14.0,4.0,linear
9,77888,49675,1,0.0,0.0,0.0,14.0,4.0,linear
10,78347,49853,1,0.0,0.0,0.0,14.0,4.0,linear
11,163507,50361,1,0.439195,0.439195,0.0,14.0,4.0,linear
12,205253,50129,1,0.555483,0.570748,0.0,14.0,4.0,linear
13,202027,46777,1,0.584316,0.619706,0.0,14.0,4.0,linear
14,195939,40932,1,0.616431,0.676439,0.0,14.0,4.0,linear
15,190480,34433,1,0.647034,0.732822,0.0,14.0,4.0,linear
16,186829,28345,1,0.676695,0.783947,0.0,14.0,4.0,linear
17,182603,22287,1,0.705133,0.827931,0.0,14.0,4.0,linear
18,177889,17072,1,0.73399,0.863002,0.0,14.0,4.0,linear
19,172357,13184,1,0.761578,0.88808,0.0,14.0,4.0,linear
20,165774,10280,1,0.78813,0.906684,0.0,14.0,4.0,linear
21,159628,8054,1,0.815278,0.922666,0.0,14.0,4.0,linear
22,153834,6292,1,0.841516,0.937328,0.0,14.0,4.0,linear
23,148862,4878,1,0.866026,0.949077,0.0,14.0,4.0,linear
24,144289,3824,1,0.888286,0.959565,0.0,14.0,4.0,linear
25,140594,2928,1,0.906417,0.967716,0.0,14.0,4.0,linear
26,138052,2214,1,0.925187,0.975888,0.0,14.0,4.0,linear
27,135273,1569,1,0.941851,0.982357,0.0,14.0,4.0,linear
28,133412,1114,1,0.955326,0.987142,0.0,14.0,4.0,linear
29,131769,770,1,0.967355,0.991291,0.0,14.0,4.0,linear
30,130481,515,1,0.976148,0.99396,0.0,14.0,4.0,linear
31,128879,351,1,0.982959,0.996003,0.0,14.0,4.0,linear
32,128091,218,1,0.988561,0.99768,0.0,14.0,4.0,linear
33,127341,119,1,0.992367,0.998757,0.0,14.0,4.0,linear
34,126823,76,1,0.995307,0.999237,0.0,14.0,4.0,linear
35,126673,47,1,0.997028,0.999503,0.0,14.0,4.0,linear
36,126893,28,1,0.998252,0.999748,0.0,14.0,4.0,linear
37,127014,16,1,0.998898,0.99985,0.0,14.0,4.0,linear
38,126438,9,1,0.999352,0.999921,0.0,14.0,4.0,linear
39,126085,8,1,0.999635,0.999937,0.0,14.0,4.0,linear
40,126426,5,1,0.999783,0.99996,0.0,14.0,4.0,linear
41,126814,2,1,0.99983,0.999984,0.0,14.0,4.0,linear
42,126473,0,1,0.999933,1.0,0.0,14.0,4.0,linear

