generation,size,female_size,fertile_female_size,rate_dr,rate_has_drive,drive_efficiency,drop_ratio,low_density_growth_rate,density_growth_curve
1,78609,49544,1,0.0,0.0,0.0,14.0,3.0,linear
2,78658,49399,1,0.0,0.0,0.0,14.0,3.0,linear
3,79054,49900,1,0.0,0.0,0.0,14.0,3.0,linear
4,78652,49852,1,0.0,0.0,0.0,14.0,3.0,linear
5,79122,50174,1,0.0,0.0,0.0,14.0,3.0,linear
6,78701,49880,1,0.0,0.0,0.0,14.0,3.0,linear
7,78810,49906,1,0.0,0.0,0.0,14.0,3.0,linear
8,78651,49897,1,0.0,0.0,0.0,14.0,3.0,linear
9,78965,50010,1,0.0,0.0,0.0,14.0,3.0,linear
10,79288,50305,1,0.0,0.0,0.0,14.0,3.0,linear
11,163361,50287,1,0.438789,0.438789,0.0,14.0,3.0,linear
12,205146,50188,1,0.554908,0.569103,0.0,14.0,3.0,linear
13,201154,46588,1,0.583168,0.617829,0.0,14.0,3.0,linear
14,195854,40854,1,0.617229,0.675049,0.0,14.0,3.0,linear
15,189479,34050,1,0.65282,0.733556,0.0,14.0,3.0,linear
16,184708,27544,1,0.68881,0.786931,0.0,14.0,3.0,linear
17,177983,21137,1,0.723282,0.833258,0.0,14.0,3.0,linear
18,171659,15708,1,0.757605,0.870201,0.0,14.0,3.0,linear
19,164596,11663,1,0.79091,0.897506,0.0,14.0,3.0,linear
20,157466,8699,1,0.821413,0.918558,0.0,14.0,3.0,linear
21,151744,6433,1,0.852177,0.936591,0.0,14.0,3.0,linear
22,146499,4707,1,0.880933,0.951027,0.0,14.0,3.0,linear
23,141274,3451,1,0.905538,0.963332,0.0,14.0,3.0,linear
24,137586,2507,1,0.927524,0.973331,0.0,14.0,3.0,linear
25,134939,1768,1,0.944401,0.981011,0.0,14.0,3.0,linear
26,132631,1207,1,0.959128,0.987219,0.0,14.0,3.0,linear
27,130879,767,1,0.971313,0.992075,0.0,14.0,3.0,linear
28,129769,465,1,0.980343,0.995063,0.0,14.0,3.0,linear
29,128370,278,1,0.987351,0.997082,0.0,14.0,3.0,linear
30,127800,156,1,0.991987,0.998332,0.0,14.0,3.0,linear
31,127043,101,1,0.995033,0.998987,0.0,14.0,3.0,linear
32,126649,58,1,0.997,0.999432,0.0,14.0,3.0,linear
33,126546,31,1,0.998259,0.999732,0.0,14.0,3.0,linear
34,126819,16,1,0.998968,0.999858,0.0,14.0,3.0,linear
35,126566,5,1,0.99949,0.99996,0.0,14.0,3.0,linear
36,126358,2,1,0.999715,0.999984,0.0,14.0,3.0,linear
37,125908,1,1,0.999889,0.999992,0.0,14.0,3.0,linear
38,126290,1,1,0.999941,0.999992,0.0,14.0,3.0,linear
39,126451,0,1,0.999972,1.0,0.0,14.0,3.0,linear

