generation,size,female_size,fertile_female_size,rate_dr,rate_has_drive,drive_efficiency,drop_ratio,low_density_growth_rate,density_growth_curve
1,78118,49252,1,0.0,0.0,0.0,30.0,8.0,linear
2,78438,49282,1,0.0,0.0,0.0,30.0,8.0,linear
3,80174,50184,1,0.0,0.0,0.0,30.0,8.0,linear
4,79939,50280,1,0.0,0.0,0.0,30.0,8.0,linear
5,78399,49826,1,0.0,0.0,0.0,30.0,8.0,linear
6,77891,49696,1,0.0,0.0,0.0,30.0,8.0,linear
7,78232,49665,1,0.0,0.0,0.0,30.0,8.0,linear
8,78097,49604,1,0.0,0.0,0.0,30.0,8.0,linear
9,79308,50155,1,0.0,0.0,0.0,30.0,8.0,linear
10,78943,50147,1,0.0,0.0,0.0,30.0,8.0,linear
11,260069,50405,1,0.627216,0.627216,0.0,30.0,8.0,linear
12,349162,50296,1,0.728925,0.738948,0.0,30.0,8.0,linear
13,343953,45879,1,0.750619,0.774839,0.0,30.0,8.0,linear
14,337930,39314,1,0.764337,0.811965,0.0,30.0,8.0,linear
15,338054,33567,1,0.77502,0.846286,0.0,30.0,8.0,linear
16,340605,28045,1,0.786782,0.879258,0.0,30.0,8.0,linear
17,339999,21590,1,0.801367,0.909953,0.0,30.0,8.0,linear
18,337393,15990,1,0.81694,0.931983,0.0,30.0,8.0,linear
19,333181,12297,1,0.832306,0.945831,0.0,30.0,8.0,linear
20,327697,9632,1,0.848263,0.954662,0.0,30.0,8.0,linear
21,320418,7574,1,0.865509,0.961618,0.0,30.0,8.0,linear
22,313292,6125,1,0.882848,0.967504,0.0,30.0,8.0,linear
23,305573,4999,1,0.898489,0.972201,0.0,30.0,8.0,linear
24,299968,4172,1,0.91177,0.97684,0.0,30.0,8.0,linear
25,295975,3428,1,0.923895,0.980667,0.0,30.0,8.0,linear
26,292095,2800,1,0.933998,0.984278,0.0,30.0,8.0,linear
27,289204,2256,1,0.943616,0.987582,0.0,30.0,8.0,linear
28,286430,1751,1,0.953068,0.99044,0.0,30.0,8.0,linear
29,282910,1309,1,0.961842,0.993096,0.0,30.0,8.0,linear
30,280318,944,1,0.970656,0.995075,0.0,30.0,8.0,linear
31,277572,663,1,0.977116,0.996396,0.0,30.0,8.0,linear
32,276313,442,1,0.983506,0.997582,0.0,30.0,8.0,linear
33,275283,297,1,0.988186,0.998356,0.0,30.0,8.0,linear
34,272930,198,1,0.991625,0.998994,0.0,30.0,8.0,linear
35,272237,124,1,0.994401,0.999392,0.0,30.0,8.0,linear
36,272795,83,1,0.996264,0.999609,0.0,30.0,8.0,linear
37,271031,49,1,0.99766,0.99979,0.0,30.0,8.0,linear
38,270636,32,1,0.99847,0.999867,0.0,30.0,8.0,linear
39,271653,15,1,0.99911,0.999937,0.0,30.0,8.0,linear
40,271398,5,1,0.999506,0.999978,0.0,30.0,8.0,linear
41,271339,3,1,0.999759,0.999989,0.0,30.0,8.0,linear
42,270789,1,1,0.999839,0.999996,0.0,30.0,8.0,linear
43,271464,0,1,0.999913,1.0,0.0,30.0,8.0,linear

