generation,size,female_size,fertile_female_size,rate_dr,rate_has_drive,drive_efficiency,drop_ratio,low_density_growth_rate,density_growth_curve
1,78065,49158,1,0.0,0.0,0.0,24.0,6.0,linear
2,78175,49184,1,0.0,0.0,0.0,24.0,6.0,linear
3,80345,50505,1,0.0,0.0,0.0,24.0,6.0,linear
4,80375,50856,1,0.0,0.0,0.0,24.0,6.0,linear
5,79012,50262,1,0.0,0.0,0.0,24.0,6.0,linear
6,77346,49707,1,0.0,0.0,0.0,24.0,6.0,linear
7,77699,49825,1,0.0,0.0,0.0,24.0,6.0,linear
8,78324,50064,1,0.0,0.0,0.0,24.0,6.0,linear
9,78718,50033,1,0.0,0.0,0.0,24.0,6.0,linear
10,79004,50125,1,0.0,0.0,0.0,24.0,6.0,linear
11,222834,49909,1,0.572963,0.572963,0.0,24.0,6.0,linear
12,295603,50351,1,0.680332,0.691827,0.0,24.0,6.0,linear
13,291093,46347,1,0.704448,0.732381,0.0,24.0,6.0,linear
14,284998,39933,1,0.726406,0.776183,0.0,24.0,6.0,linear
15,282173,33508,1,0.745202,0.819506,0.0,24.0,6.0,linear
16,281217,27546,1,0.762814,0.857273,0.0,24.0,6.0,linear
17,279025,21443,1,0.781934,0.891541,0.0,24.0,6.0,linear
18,275185,15847,1,0.801309,0.915902,0.0,24.0,6.0,linear
19,271064,12266,1,0.820659,0.93297,0.0,24.0,6.0,linear
20,265103,9520,1,0.841047,0.944992,0.0,24.0,6.0,linear
21,257617,7305,1,0.861162,0.954267,0.0,24.0,6.0,linear
22,250589,5838,1,0.881086,0.961794,0.0,24.0,6.0,linear
23,244358,4587,1,0.899014,0.96933,0.0,24.0,6.0,linear
24,239960,3659,1,0.9149,0.975442,0.0,24.0,6.0,linear
25,235518,2836,1,0.929422,0.981081,0.0,24.0,6.0,linear
26,231698,2130,1,0.942623,0.985747,0.0,24.0,6.0,linear
27,228674,1563,1,0.954417,0.989662,0.0,24.0,6.0,linear
28,226167,1135,1,0.964911,0.99244,0.0,24.0,6.0,linear
29,223641,799,1,0.973114,0.99484,0.0,24.0,6.0,linear
30,221512,561,1,0.980256,0.996369,0.0,24.0,6.0,linear
31,220317,394,1,0.985619,0.997494,0.0,24.0,6.0,linear
32,219494,243,1,0.990187,0.998446,0.0,24.0,6.0,linear
33,218597,161,1,0.993288,0.999066,0.0,24.0,6.0,linear
34,217986,117,1,0.995672,0.999382,0.0,24.0,6.0,linear
35,217734,49,1,0.997222,0.999734,0.0,24.0,6.0,linear
36,216901,26,1,0.998463,0.999853,0.0,24.0,6.0,linear
37,216441,12,1,0.999143,0.999926,0.0,24.0,6.0,linear
38,216799,7,1,0.999541,0.999958,0.0,24.0,6.0,linear
39,216957,1,1,0.999758,0.999995,0.0,24.0,6.0,linear
40,216554,1,1,0.999861,0.999995,0.0,24.0,6.0,linear
41,216967,0,1,0.999949,1.0,0.0,24.0,6.0,linear

