generation,size,female_size,fertile_female_size,rate_dr,rate_has_drive,drive_efficiency,drop_ratio,low_density_growth_rate,density_growth_curve
1,77983,49187,1,0.0,0.0,0.0,36.0,5.0,linear
2,78387,49462,1,0.0,0.0,0.0,36.0,5.0,linear
3,78907,49864,1,0.0,0.0,0.0,36.0,5.0,linear
4,79421,50376,1,0.0,0.0,0.0,36.0,5.0,linear
5,79591,50542,1,0.0,0.0,0.0,36.0,5.0,linear
6,78358,49890,1,0.0,0.0,0.0,36.0,5.0,linear
7,77929,49624,1,0.0,0.0,0.0,36.0,5.0,linear
8,78605,50012,1,0.0,0.0,0.0,36.0,5.0,linear
9,78900,50049,1,0.0,0.0,0.0,36.0,5.0,linear
10,78525,49792,1,0.0,0.0,0.0,36.0,5.0,linear
11,295835,49989,1,0.669634,0.669634,0.0,36.0,5.0,linear
12,403233,50075,1,0.761194,0.770616,0.0,36.0,5.0,linear
13,399358,46008,1,0.781963,0.803448,0.0,36.0,5.0,linear
14,392158,39211,1,0.800591,0.838907,0.0,36.0,5.0,linear
15,387860,32498,1,0.8175,0.872469,0.0,36.0,5.0,linear
16,385268,25570,1,0.834373,0.903885,0.0,36.0,5.0,linear
17,382468,18975,1,0.852675,0.931451,0.0,36.0,5.0,linear
18,375988,13062,1,0.871775,0.951463,0.0,36.0,5.0,linear
19,369945,9110,1,0.891826,0.965264,0.0,36.0,5.0,linear
20,361761,6380,1,0.911753,0.974342,0.0,36.0,5.0,linear
21,354364,4467,1,0.92958,0.981068,0.0,36.0,5.0,linear
22,347566,3096,1,0.946134,0.986545,0.0,36.0,5.0,linear
23,340962,2123,1,0.959804,0.99058,0.0,36.0,5.0,linear
24,336979,1507,1,0.970506,0.993432,0.0,36.0,5.0,linear
25,333921,1008,1,0.979089,0.995712,0.0,36.0,5.0,linear
26,330979,614,1,0.98555,0.997375,0.0,36.0,5.0,linear
27,328963,372,1,0.990413,0.998364,0.0,36.0,5.0,linear
28,326973,253,1,0.99368,0.998997,0.0,36.0,5.0,linear
29,325920,154,1,0.995887,0.999403,0.0,36.0,5.0,linear
30,325466,82,1,0.997453,0.999675,0.0,36.0,5.0,linear
31,325186,37,1,0.998447,0.999856,0.0,36.0,5.0,linear
32,325628,18,1,0.999177,0.999929,0.0,36.0,5.0,linear
33,324479,9,1,0.999555,0.999969,0.0,36.0,5.0,linear
34,324653,2,1,0.999794,0.999994,0.0,36.0,5.0,linear
35,325013,1,1,0.999932,0.999997,0.0,36.0,5.0,linear
36,324958,0,1,0.999972,1.0,0.0,36.0,5.0,linear

