generation,size,female_size,fertile_female_size,rate_dr,rate_has_drive,drive_efficiency,drop_ratio,low_density_growth_rate,density_growth_curve
1,78519,49318,1,0.0,0.0,0.0,20.0,3.0,linear
2,78365,49128,1,0.0,0.0,0.0,20.0,3.0,linear
3,78586,49622,1,0.0,0.0,0.0,20.0,3.0,linear
4,79167,50148,1,0.0,0.0,0.0,20.0,3.0,linear
5,78704,50167,1,0.0,0.0,0.0,20.0,3.0,linear
6,79039,50203,1,0.0,0.0,0.0,20.0,3.0,linear
7,78524,49912,1,0.0,0.0,0.0,20.0,3.0,linear
8,78660,49886,1,0.0,0.0,0.0,20.0,3.0,linear
9,78373,49920,1,0.0,0.0,0.0,20.0,3.0,linear
10,78478,49985,1,0.0,0.0,0.0,20.0,3.0,linear
11,198969,50126,1,0.528062,0.528062,0.0,20.0,3.0,linear
12,259089,50248,1,0.640041,0.652761,0.0,20.0,3.0,linear
13,254998,46541,1,0.666189,0.696771,0.0,20.0,3.0,linear
14,248999,40133,1,0.696579,0.746945,0.0,20.0,3.0,linear
15,242519,33041,1,0.729094,0.798368,0.0,20.0,3.0,linear
16,236103,26010,1,0.759561,0.843648,0.0,20.0,3.0,linear
17,230105,19326,1,0.792038,0.88401,0.0,20.0,3.0,linear
18,222959,13618,1,0.823576,0.915294,0.0,20.0,3.0,linear
19,216047,9504,1,0.854267,0.93806,0.0,20.0,3.0,linear
20,209001,6595,1,0.883909,0.955095,0.0,20.0,3.0,linear
21,201446,4496,1,0.909986,0.967832,0.0,20.0,3.0,linear
22,196257,3064,1,0.932715,0.977483,0.0,20.0,3.0,linear
23,191582,2058,1,0.950785,0.984213,0.0,20.0,3.0,linear
24,188404,1373,1,0.964973,0.989408,0.0,20.0,3.0,linear
25,185972,875,1,0.975814,0.993109,0.0,20.0,3.0,linear
26,184477,579,1,0.983853,0.995743,0.0,20.0,3.0,linear
27,182906,353,1,0.989374,0.997498,0.0,20.0,3.0,linear
28,182561,202,1,0.99332,0.998602,0.0,20.0,3.0,linear
29,181834,120,1,0.995993,0.999226,0.0,20.0,3.0,linear
30,180953,60,1,0.997657,0.999597,0.0,20.0,3.0,linear
31,180812,24,1,0.998651,0.999834,0.0,20.0,3.0,linear
32,180113,12,1,0.999301,0.999933,0.0,20.0,3.0,linear
33,180819,2,1,0.999693,0.999989,0.0,20.0,3.0,linear
34,180705,1,1,0.999884,0.999994,0.0,20.0,3.0,linear
35,179998,0,1,0.999953,1.0,0.0,20.0,3.0,linear

