generation,size,female_size,fertile_female_size,rate_dr,rate_has_drive,drive_efficiency,drop_ratio,low_density_growth_rate,density_growth_curve
1,77948,49000,1,0.0,0.0,0.0,34.0,5.0,linear
2,77880,49184,1,0.0,0.0,0.0,34.0,5.0,linear
3,79800,50314,1,0.0,0.0,0.0,34.0,5.0,linear
4,80294,50826,1,0.0,0.0,0.0,34.0,5.0,linear
5,80041,50728,1,0.0,0.0,0.0,34.0,5.0,linear
6,77942,49735,1,0.0,0.0,0.0,34.0,5.0,linear
7,77657,49583,1,0.0,0.0,0.0,34.0,5.0,linear
8,78156,49764,1,0.0,0.0,0.0,34.0,5.0,linear
9,78654,50034,1,0.0,0.0,0.0,34.0,5.0,linear
10,78726,50269,1,0.0,0.0,0.0,34.0,5.0,linear
11,283063,50220,1,0.656692,0.656692,0.0,34.0,5.0,linear
12,385407,50036,1,0.750433,0.760307,0.0,34.0,5.0,linear
13,381357,46399,1,0.77116,0.793853,0.0,34.0,5.0,linear
14,374835,39440,1,0.792188,0.831362,0.0,34.0,5.0,linear
15,370494,32400,1,0.809271,0.866818,0.0,34.0,5.0,linear
16,367005,25828,1,0.826459,0.898626,0.0,34.0,5.0,linear
17,364062,19188,1,0.845526,0.92728,0.0,34.0,5.0,linear
18,358318,13121,1,0.865751,0.949612,0.0,34.0,5.0,linear
19,352327,9071,1,0.886845,0.964165,0.0,34.0,5.0,linear
20,343628,6283,1,0.907313,0.973691,0.0,34.0,5.0,linear
21,335866,4263,1,0.927271,0.980776,0.0,34.0,5.0,linear
22,328609,2940,1,0.944673,0.986111,0.0,34.0,5.0,linear
23,323423,2095,1,0.959061,0.989922,0.0,34.0,5.0,linear
24,318963,1558,1,0.970265,0.99278,0.0,34.0,5.0,linear
25,314946,1110,1,0.978358,0.995022,0.0,34.0,5.0,linear
26,312501,735,1,0.984271,0.996774,0.0,34.0,5.0,linear
27,311228,437,1,0.989051,0.99813,0.0,34.0,5.0,linear
28,309465,247,1,0.992811,0.998976,0.0,34.0,5.0,linear
29,307821,127,1,0.995536,0.999504,0.0,34.0,5.0,linear
30,307611,57,1,0.997496,0.999766,0.0,34.0,5.0,linear
31,307684,34,1,0.998686,0.99987,0.0,34.0,5.0,linear
32,307450,15,1,0.999307,0.999948,0.0,34.0,5.0,linear
33,306924,7,1,0.999671,0.999977,0.0,34.0,5.0,linear
34,307260,4,1,0.999819,0.999987,0.0,34.0,5.0,linear
35,306339,3,1,0.999892,0.99999,0.0,34.0,5.0,linear
36,306443,2,1,0.99993,0.999993,0.0,34.0,5.0,linear
37,307042,0,1,0.999963,1.0,0.0,34.0,5.0,linear

