generation,size,female_size,fertile_female_size,rate_dr,rate_has_drive,drive_efficiency,drop_ratio,low_density_growth_rate,density_growth_curve
1,78323,49220,1,0.0,0.0,0.0,24.0,4.0,linear
2,78287,49207,1,0.0,0.0,0.0,24.0,4.0,linear
3,78981,49715,1,0.0,0.0,0.0,24.0,4.0,linear
4,79337,50003,1,0.0,0.0,0.0,24.0,4.0,linear
5,79491,50289,1,0.0,0.0,0.0,24.0,4.0,linear
6,79346,50282,1,0.0,0.0,0.0,24.0,4.0,linear
7,78670,49881,1,0.0,0.0,0.0,24.0,4.0,linear
8,78060,49815,1,0.0,0.0,0.0,24.0,4.0,linear
9,78495,50040,1,0.0,0.0,0.0,24.0,4.0,linear
10,78762,50034,1,0.0,0.0,0.0,24.0,4.0,linear
11,222616,49782,1,0.573979,0.573979,0.0,24.0,4.0,linear
12,295216,49893,1,0.680488,0.692865,0.0,24.0,4.0,linear
13,291493,46202,1,0.704354,0.73274,0.0,24.0,4.0,linear
14,285214,39995,1,0.730042,0.777525,0.0,24.0,4.0,linear
15,279980,33292,1,0.755953,0.822518,0.0,24.0,4.0,linear
16,275532,26380,1,0.780896,0.863213,0.0,24.0,4.0,linear
17,270518,19814,1,0.805939,0.898945,0.0,24.0,4.0,linear
18,264895,13962,1,0.832557,0.926596,0.0,24.0,4.0,linear
19,257519,9898,1,0.858173,0.945212,0.0,24.0,4.0,linear
20,250413,7110,1,0.882682,0.958629,0.0,24.0,4.0,linear
21,243332,5041,1,0.90553,0.96916,0.0,24.0,4.0,linear
22,237156,3512,1,0.926384,0.977415,0.0,24.0,4.0,linear
23,232237,2529,1,0.943842,0.983433,0.0,24.0,4.0,linear
24,228655,1835,1,0.958029,0.987973,0.0,24.0,4.0,linear
25,224866,1261,1,0.96948,0.991753,0.0,24.0,4.0,linear
26,223137,847,1,0.977845,0.994699,0.0,24.0,4.0,linear
27,220540,538,1,0.984527,0.996651,0.0,24.0,4.0,linear
28,219659,334,1,0.989632,0.998049,0.0,24.0,4.0,linear
29,218476,184,1,0.993617,0.998896,0.0,24.0,4.0,linear
30,217206,93,1,0.996362,0.999462,0.0,24.0,4.0,linear
31,217252,45,1,0.997928,0.999742,0.0,24.0,4.0,linear
32,217217,26,1,0.998804,0.999867,0.0,24.0,4.0,linear
33,216500,13,1,0.999402,0.99994,0.0,24.0,4.0,linear
34,216411,4,1,0.99973,0.999982,0.0,24.0,4.0,linear
35,216856,2,1,0.999896,0.999991,0.0,24.0,4.0,linear
36,217148,0,1,0.999972,1.0,0.0,24.0,4.0,linear

