generation,size,female_size,fertile_female_size,rate_dr,rate_has_drive,drive_efficiency,drop_ratio,low_density_growth_rate,density_growth_curve
1,78507,49455,1,0.0,0.0,0.0,28.0,7.0,linear
2,78115,49229,1,0.0,0.0,0.0,28.0,7.0,linear
3,80206,50367,1,0.0,0.0,0.0,28.0,7.0,linear
4,80254,50991,1,0.0,0.0,0.0,28.0,7.0,linear
5,77566,49744,1,0.0,0.0,0.0,28.0,7.0,linear
6,76229,48930,1,0.0,0.0,0.0,28.0,7.0,linear
7,78744,49976,1,0.0,0.0,0.0,28.0,7.0,linear
8,80700,50714,1,0.0,0.0,0.0,28.0,7.0,linear
9,79278,50083,1,0.0,0.0,0.0,28.0,7.0,linear
10,78362,49811,1,0.0,0.0,0.0,28.0,7.0,linear
11,246843,50313,1,0.608502,0.608502,0.0,28.0,7.0,linear
12,331947,50703,1,0.712087,0.722827,0.0,28.0,7.0,linear
13,327146,46132,1,0.738231,0.763163,0.0,28.0,7.0,linear
14,320147,39298,1,0.755762,0.804269,0.0,28.0,7.0,linear
15,317993,33270,1,0.768803,0.840534,0.0,28.0,7.0,linear
16,318627,27308,1,0.781903,0.87437,0.0,28.0,7.0,linear
17,318400,21296,1,0.79786,0.905452,0.0,28.0,7.0,linear
18,314626,15782,1,0.814974,0.928551,0.0,28.0,7.0,linear
19,310629,11889,1,0.832513,0.943801,0.0,28.0,7.0,linear
20,304597,9172,1,0.850622,0.953511,0.0,28.0,7.0,linear
21,297048,7181,1,0.869369,0.961077,0.0,28.0,7.0,linear
22,289712,5648,1,0.888037,0.967685,0.0,28.0,7.0,linear
23,283537,4616,1,0.903364,0.973205,0.0,28.0,7.0,linear
24,278766,3750,1,0.917171,0.977874,0.0,28.0,7.0,linear
25,274468,3050,1,0.929733,0.981969,0.0,28.0,7.0,linear
26,270328,2408,1,0.940853,0.985524,0.0,28.0,7.0,linear
27,266979,1908,1,0.951852,0.988741,0.0,28.0,7.0,linear
28,263694,1400,1,0.961634,0.991801,0.0,28.0,7.0,linear
29,261789,999,1,0.970234,0.994168,0.0,28.0,7.0,linear
30,259258,700,1,0.977434,0.995975,0.0,28.0,7.0,linear
31,258036,477,1,0.983125,0.997362,0.0,28.0,7.0,linear
32,256589,319,1,0.988164,0.998208,0.0,28.0,7.0,linear
33,255560,199,1,0.991465,0.99886,0.0,28.0,7.0,linear
34,253958,132,1,0.994313,0.99929,0.0,28.0,7.0,linear
35,253077,81,1,0.996183,0.99959,0.0,28.0,7.0,linear
36,253031,48,1,0.997669,0.999759,0.0,28.0,7.0,linear
37,252975,28,1,0.998554,0.999878,0.0,28.0,7.0,linear
38,253101,16,1,0.999119,0.999933,0.0,28.0,7.0,linear
39,252854,9,1,0.999488,0.999964,0.0,28.0,7.0,linear
40,252223,4,1,0.999717,0.999984,0.0,28.0,7.0,linear
41,252634,1,1,0.999842,0.999996,0.0,28.0,7.0,linear
42,252705,0,1,0.999949,1.0,0.0,28.0,7.0,linear

