generation,size,female_size,fertile_female_size,rate_dr,rate_has_drive,drive_efficiency,drop_ratio,low_density_growth_rate,density_growth_curve
1,78584,49367,1,0.0,0.0,0.0,20.0,2.0,linear
2,78544,49386,1,0.0,0.0,0.0,20.0,2.0,linear
3,78024,49487,1,0.0,0.0,0.0,20.0,2.0,linear
4,77965,49455,1,0.0,0.0,0.0,20.0,2.0,linear
5,78329,49482,1,0.0,0.0,0.0,20.0,2.0,linear
6,78289,49827,1,0.0,0.0,0.0,20.0,2.0,linear
7,78115,49677,1,0.0,0.0,0.0,20.0,2.0,linear
8,78614,49932,1,0.0,0.0,0.0,20.0,2.0,linear
9,78648,50054,1,0.0,0.0,0.0,20.0,2.0,linear
10,78555,49953,1,0.0,0.0,0.0,20.0,2.0,linear
11,199011,50026,1,0.528759,0.528759,0.0,20.0,2.0,linear
12,259513,49969,1,0.640644,0.65373,0.0,20.0,2.0,linear
13,255148,46441,1,0.665285,0.695976,0.0,20.0,2.0,linear
14,249199,40239,1,0.698597,0.746828,0.0,20.0,2.0,linear
15,241678,33023,1,0.735107,0.798845,0.0,20.0,2.0,linear
16,233659,25682,1,0.772386,0.846307,0.0,20.0,2.0,linear
17,224846,18613,1,0.809987,0.88766,0.0,20.0,2.0,linear
18,216557,12640,1,0.847828,0.92112,0.0,20.0,2.0,linear
19,208153,8366,1,0.880889,0.945256,0.0,20.0,2.0,linear
20,201168,5492,1,0.911062,0.96284,0.0,20.0,2.0,linear
21,195269,3444,1,0.936418,0.975618,0.0,20.0,2.0,linear
22,190461,2132,1,0.957535,0.984858,0.0,20.0,2.0,linear
23,186870,1343,1,0.971872,0.990369,0.0,20.0,2.0,linear
24,184490,804,1,0.982258,0.99444,0.0,20.0,2.0,linear
25,183342,445,1,0.988902,0.99682,0.0,20.0,2.0,linear
26,182244,258,1,0.993311,0.998211,0.0,20.0,2.0,linear
27,181413,146,1,0.995942,0.999048,0.0,20.0,2.0,linear
28,180946,71,1,0.997896,0.999547,0.0,20.0,2.0,linear
29,180749,31,1,0.99885,0.999818,0.0,20.0,2.0,linear
30,180844,13,1,0.999455,0.999923,0.0,20.0,2.0,linear
31,180627,6,1,0.999737,0.999967,0.0,20.0,2.0,linear
32,180438,2,1,0.999886,0.999989,0.0,20.0,2.0,linear
33,180988,0,1,0.99997,1.0,0.0,20.0,2.0,linear

