generation,size,female_size,fertile_female_size,rate_dr,rate_has_drive,drive_efficiency,drop_ratio,low_density_growth_rate,density_growth_curve
1,77849,48763,1,0.0,0.0,0.0,36.0,6.0,linear
2,78003,49069,1,0.0,0.0,0.0,36.0,6.0,linear
3,81287,50737,1,0.0,0.0,0.0,36.0,6.0,linear
4,80219,50450,1,0.0,0.0,0.0,36.0,6.0,linear
5,77669,49656,1,0.0,0.0,0.0,36.0,6.0,linear
6,77869,49979,1,0.0,0.0,0.0,36.0,6.0,linear
7,79244,50381,1,0.0,0.0,0.0,36.0,6.0,linear
8,78849,49984,1,0.0,0.0,0.0,36.0,6.0,linear
9,77540,49384,1,0.0,0.0,0.0,36.0,6.0,linear
10,78224,49849,1,0.0,0.0,0.0,36.0,6.0,linear
11,296093,50561,1,0.666074,0.666074,0.0,36.0,6.0,linear
12,403748,50069,1,0.761136,0.770665,0.0,36.0,6.0,linear
13,399176,45546,1,0.781939,0.804126,0.0,36.0,6.0,linear
14,391665,38774,1,0.797631,0.838837,0.0,36.0,6.0,linear
15,390203,32658,1,0.812128,0.871177,0.0,36.0,6.0,linear
16,388186,26234,1,0.826367,0.901402,0.0,36.0,6.0,linear
17,385740,19754,1,0.842635,0.928245,0.0,36.0,6.0,linear
18,381680,13757,1,0.860527,0.949094,0.0,36.0,6.0,linear
19,375810,9840,1,0.879438,0.96234,0.0,36.0,6.0,linear
20,368378,7050,1,0.898458,0.971441,0.0,36.0,6.0,linear
21,359941,5077,1,0.917192,0.978005,0.0,36.0,6.0,linear
22,352388,3666,1,0.933884,0.983431,0.0,36.0,6.0,linear
23,345873,2780,1,0.948284,0.987285,0.0,36.0,6.0,linear
24,340644,2050,1,0.95951,0.990456,0.0,36.0,6.0,linear
25,336933,1536,1,0.968994,0.992983,0.0,36.0,6.0,linear
26,333468,1124,1,0.976234,0.995016,0.0,36.0,6.0,linear
27,331977,735,1,0.982688,0.996781,0.0,36.0,6.0,linear
28,329871,490,1,0.987703,0.997833,0.0,36.0,6.0,linear
29,328686,332,1,0.991587,0.998635,0.0,36.0,6.0,linear
30,327647,207,1,0.994128,0.999109,0.0,36.0,6.0,linear
31,326381,138,1,0.996204,0.999486,0.0,36.0,6.0,linear
32,325652,78,1,0.997609,0.999724,0.0,36.0,6.0,linear
33,324981,38,1,0.998576,0.999871,0.0,36.0,6.0,linear
34,325298,13,1,0.999204,0.99996,0.0,36.0,6.0,linear
35,325216,7,1,0.999654,0.999978,0.0,36.0,6.0,linear
36,324786,4,1,0.999798,0.999988,0.0,36.0,6.0,linear
37,324398,0,1,0.999928,1.0,0.0,36.0,6.0,linear

