generation,size,female_size,fertile_female_size,rate_dr,rate_has_drive,drive_efficiency,drop_ratio,low_density_growth_rate,density_growth_curve
1,78289,49336,1,0.0,0.0,0.0,28.0,6.0,linear
2,78352,49263,1,0.0,0.0,0.0,28.0,6.0,linear
3,80063,50488,1,0.0,0.0,0.0,28.0,6.0,linear
4,80000,50459,1,0.0,0.0,0.0,28.0,6.0,linear
5,77977,49668,1,0.0,0.0,0.0,28.0,6.0,linear
6,77564,49658,1,0.0,0.0,0.0,28.0,6.0,linear
7,79527,50560,1,0.0,0.0,0.0,28.0,6.0,linear
8,79456,50625,1,0.0,0.0,0.0,28.0,6.0,linear
9,78208,49769,1,0.0,0.0,0.0,28.0,6.0,linear
10,78188,49921,1,0.0,0.0,0.0,28.0,6.0,linear
11,247372,50139,1,0.610407,0.610407,0.0,28.0,6.0,linear
12,331014,49856,1,0.7141,0.724969,0.0,28.0,6.0,linear
13,326758,45682,1,0.736302,0.762846,0.0,28.0,6.0,linear
14,320431,39360,1,0.755725,0.8027,0.0,28.0,6.0,linear
15,317288,33193,1,0.771288,0.841127,0.0,28.0,6.0,linear
16,317005,26791,1,0.78954,0.8773,0.0,28.0,6.0,linear
17,313938,20401,1,0.80832,0.909152,0.0,28.0,6.0,linear
18,309752,14648,1,0.827571,0.932844,0.0,28.0,6.0,linear
19,304780,10750,1,0.848327,0.948488,0.0,28.0,6.0,linear
20,298547,8109,1,0.868069,0.958919,0.0,28.0,6.0,linear
21,290512,6110,1,0.887393,0.96629,0.0,28.0,6.0,linear
22,284150,4677,1,0.907338,0.973102,0.0,28.0,6.0,linear
23,276903,3693,1,0.923526,0.978632,0.0,28.0,6.0,linear
24,271819,2926,1,0.936655,0.982949,0.0,28.0,6.0,linear
25,268180,2272,1,0.948183,0.986991,0.0,28.0,6.0,linear
26,265000,1674,1,0.958634,0.99041,0.0,28.0,6.0,linear
27,262620,1235,1,0.967852,0.992998,0.0,28.0,6.0,linear
28,260095,894,1,0.974938,0.995137,0.0,28.0,6.0,linear
29,258313,587,1,0.982137,0.996825,0.0,28.0,6.0,linear
30,256941,352,1,0.987323,0.997964,0.0,28.0,6.0,linear
31,255853,236,1,0.991728,0.998755,0.0,28.0,6.0,linear
32,254491,128,1,0.99462,0.999275,0.0,28.0,6.0,linear
33,253487,78,1,0.996664,0.999547,0.0,28.0,6.0,linear
34,253270,51,1,0.998099,0.999759,0.0,28.0,6.0,linear
35,253107,29,1,0.998778,0.99987,0.0,28.0,6.0,linear
36,252794,15,1,0.999367,0.999941,0.0,28.0,6.0,linear
37,252431,6,1,0.999568,0.999976,0.0,28.0,6.0,linear
38,252452,4,1,0.99976,0.999984,0.0,28.0,6.0,linear
39,252415,1,1,0.999851,0.999996,0.0,28.0,6.0,linear
40,252347,0,1,0.999931,1.0,0.0,28.0,6.0,linear

