generation,size,female_size,fertile_female_size,rate_dr,rate_has_drive,drive_efficiency,drop_ratio,low_density_growth_rate,density_growth_curve
1,78097,49043,1,0.0,0.0,0.0,26.0,5.0,linear
2,78343,49053,1,0.0,0.0,0.0,26.0,5.0,linear
3,79253,49932,1,0.0,0.0,0.0,26.0,5.0,linear
4,79875,50357,1,0.0,0.0,0.0,26.0,5.0,linear
5,79403,50278,1,0.0,0.0,0.0,26.0,5.0,linear
6,79155,50330,1,0.0,0.0,0.0,26.0,5.0,linear
7,78233,49802,1,0.0,0.0,0.0,26.0,5.0,linear
8,77987,49629,1,0.0,0.0,0.0,26.0,5.0,linear
9,78561,49872,1,0.0,0.0,0.0,26.0,5.0,linear
10,78171,49754,1,0.0,0.0,0.0,26.0,5.0,linear
11,235217,50057,1,0.59245,0.59245,0.0,26.0,5.0,linear
12,313688,50275,1,0.697593,0.708903,0.0,26.0,5.0,linear
13,308903,46205,1,0.720355,0.746985,0.0,26.0,5.0,linear
14,302936,39826,1,0.743261,0.78984,0.0,26.0,5.0,linear
15,299448,33321,1,0.764277,0.831861,0.0,26.0,5.0,linear
16,296340,26779,1,0.783771,0.869151,0.0,26.0,5.0,linear
17,292934,20416,1,0.805208,0.902632,0.0,26.0,5.0,linear
18,287348,14576,1,0.827278,0.928077,0.0,26.0,5.0,linear
19,281361,10617,1,0.849611,0.944941,0.0,26.0,5.0,linear
20,274847,7889,1,0.871768,0.956873,0.0,26.0,5.0,linear
21,267214,5781,1,0.893906,0.966507,0.0,26.0,5.0,linear
22,260966,4278,1,0.913591,0.974203,0.0,26.0,5.0,linear
23,255065,3192,1,0.931285,0.980413,0.0,26.0,5.0,linear
24,249739,2385,1,0.946003,0.985783,0.0,26.0,5.0,linear
25,246593,1731,1,0.958176,0.989596,0.0,26.0,5.0,linear
26,243225,1236,1,0.968589,0.992686,0.0,26.0,5.0,linear
27,241340,870,1,0.976868,0.995033,0.0,26.0,5.0,linear
28,240080,537,1,0.983547,0.996927,0.0,26.0,5.0,linear
29,238340,328,1,0.988743,0.998165,0.0,26.0,5.0,linear
30,236907,187,1,0.992827,0.998982,0.0,26.0,5.0,linear
31,235725,116,1,0.995414,0.999344,0.0,26.0,5.0,linear
32,235260,62,1,0.997349,0.999652,0.0,26.0,5.0,linear
33,235108,28,1,0.998502,0.999851,0.0,26.0,5.0,linear
34,235395,13,1,0.999134,0.999928,0.0,26.0,5.0,linear
35,234452,9,1,0.999565,0.999962,0.0,26.0,5.0,linear
36,234237,5,1,0.999733,0.999979,0.0,26.0,5.0,linear
37,234755,4,1,0.999891,0.999983,0.0,26.0,5.0,linear
38,235302,0,1,0.999932,1.0,0.0,26.0,5.0,linear

