generation,size,female_size,fertile_female_size,rate_dr,rate_has_drive,drive_efficiency,drop_ratio,low_density_growth_rate,density_growth_curve
1,78284,49118,1,0.0,0.0,0.0,32.0,8.0,linear
2,78266,49125,1,0.0,0.0,0.0,32.0,8.0,linear
3,80881,50705,1,0.0,0.0,0.0,32.0,8.0,linear
4,80865,50871,1,0.0,0.0,0.0,32.0,8.0,linear
5,77545,49384,1,0.0,0.0,0.0,32.0,8.0,linear
6,75475,48518,1,0.0,0.0,0.0,32.0,8.0,linear
7,79894,50382,1,0.0,0.0,0.0,32.0,8.0,linear
8,80682,50594,1,0.0,0.0,0.0,32.0,8.0,linear
9,78659,49678,1,0.0,0.0,0.0,32.0,8.0,linear
10,76775,49166,1,0.0,0.0,0.0,32.0,8.0,linear
11,272510,50970,1,0.637141,0.637141,0.0,32.0,8.0,linear
12,370042,51153,1,0.742314,0.751484,0.0,32.0,8.0,linear
13,360832,44979,1,0.766933,0.790104,0.0,32.0,8.0,linear
14,353455,38241,1,0.777048,0.82482,0.0,32.0,8.0,linear
15,355552,33187,1,0.786314,0.856126,0.0,32.0,8.0,linear
16,357504,27298,1,0.796439,0.885948,0.0,32.0,8.0,linear
17,357204,21267,1,0.809491,0.91443,0.0,32.0,8.0,linear
18,354431,15703,1,0.824956,0.935419,0.0,32.0,8.0,linear
19,350572,12205,1,0.840673,0.948462,0.0,32.0,8.0,linear
20,344229,9484,1,0.856677,0.957237,0.0,32.0,8.0,linear
21,337244,7473,1,0.873445,0.963401,0.0,32.0,8.0,linear
22,330058,6090,1,0.888284,0.968234,0.0,32.0,8.0,linear
23,323890,5210,1,0.902829,0.97338,0.0,32.0,8.0,linear
24,319007,4255,1,0.914857,0.977832,0.0,32.0,8.0,linear
25,314277,3495,1,0.927034,0.981826,0.0,32.0,8.0,linear
26,310704,2799,1,0.938081,0.985658,0.0,32.0,8.0,linear
27,306692,2169,1,0.947811,0.988967,0.0,32.0,8.0,linear
28,303431,1635,1,0.956789,0.991332,0.0,32.0,8.0,linear
29,300923,1278,1,0.965554,0.993312,0.0,32.0,8.0,linear
30,298428,942,1,0.972828,0.995152,0.0,32.0,8.0,linear
31,296345,654,1,0.979093,0.996727,0.0,32.0,8.0,linear
32,294384,446,1,0.984556,0.997878,0.0,32.0,8.0,linear
33,293376,278,1,0.988945,0.998778,0.0,32.0,8.0,linear
34,291563,158,1,0.992684,0.999307,0.0,32.0,8.0,linear
35,290776,84,1,0.99526,0.999654,0.0,32.0,8.0,linear
36,290151,42,1,0.997041,0.999804,0.0,32.0,8.0,linear
37,289839,23,1,0.998352,0.999883,0.0,32.0,8.0,linear
38,289934,8,1,0.999126,0.999924,0.0,32.0,8.0,linear
39,288939,8,1,0.999609,0.999958,0.0,32.0,8.0,linear
40,288708,3,1,0.999813,0.999986,0.0,32.0,8.0,linear
41,288147,1,1,0.999906,0.999997,0.0,32.0,8.0,linear
42,288622,0,1,0.999957,1.0,0.0,32.0,8.0,linear

