generation,size,female_size,fertile_female_size,rate_dr,rate_has_drive,drive_efficiency,drop_ratio,low_density_growth_rate,density_growth_curve
1,78091,49264,1,0.0,0.0,0.0,24.0,4.0,linear
2,77981,49127,1,0.0,0.0,0.0,24.0,4.0,linear
3,79507,49926,1,0.0,0.0,0.0,24.0,4.0,linear
4,79578,50249,1,0.0,0.0,0.0,24.0,4.0,linear
5,79391,50185,1,0.0,0.0,0.0,24.0,4.0,linear
6,78872,50219,1,0.0,0.0,0.0,24.0,4.0,linear
7,78594,50165,1,0.0,0.0,0.0,24.0,4.0,linear
8,77945,49702,1,0.0,0.0,0.0,24.0,4.0,linear
9,78062,49874,1,0.0,0.0,0.0,24.0,4.0,linear
10,78749,50097,1,0.0,0.0,0.0,24.0,4.0,linear
11,223244,49985,1,0.57489,0.57489,0.0,24.0,4.0,linear
12,294410,49706,1,0.681771,0.693482,0.0,24.0,4.0,linear
13,290896,45921,1,0.705371,0.732981,0.0,24.0,4.0,linear
14,284799,39836,1,0.730571,0.777887,0.0,24.0,4.0,linear
15,279454,33085,1,0.755016,0.82214,0.0,24.0,4.0,linear
16,275527,26277,1,0.78032,0.863189,0.0,24.0,4.0,linear
17,270926,19780,1,0.806063,0.89952,0.0,24.0,4.0,linear
18,264376,14073,1,0.831582,0.9262,0.0,24.0,4.0,linear
19,258446,10058,1,0.857244,0.944871,0.0,24.0,4.0,linear
20,250735,7285,1,0.881575,0.957891,0.0,24.0,4.0,linear
21,243750,5174,1,0.904351,0.968145,0.0,24.0,4.0,linear
22,236960,3695,1,0.925063,0.976361,0.0,24.0,4.0,linear
23,231669,2664,1,0.942438,0.982456,0.0,24.0,4.0,linear
24,228524,1943,1,0.956253,0.987498,0.0,24.0,4.0,linear
25,225295,1353,1,0.967459,0.991334,0.0,24.0,4.0,linear
26,223001,867,1,0.976407,0.994369,0.0,24.0,4.0,linear
27,221131,537,1,0.984029,0.996539,0.0,24.0,4.0,linear
28,219552,331,1,0.989318,0.997889,0.0,24.0,4.0,linear
29,218780,198,1,0.993419,0.99877,0.0,24.0,4.0,linear
30,217689,112,1,0.995779,0.999326,0.0,24.0,4.0,linear
31,217389,57,1,0.997551,0.999688,0.0,24.0,4.0,linear
32,216836,31,1,0.998619,0.999843,0.0,24.0,4.0,linear
33,216804,10,1,0.999301,0.999954,0.0,24.0,4.0,linear
34,217091,4,1,0.999664,0.999982,0.0,24.0,4.0,linear
35,216412,3,1,0.999868,0.999986,0.0,24.0,4.0,linear
36,217338,1,1,0.999942,0.999995,0.0,24.0,4.0,linear
37,216480,0,1,0.999986,1.0,0.0,24.0,4.0,linear

