generation,size,female_size,fertile_female_size,rate_dr,rate_has_drive,drive_efficiency,drop_ratio,low_density_growth_rate,density_growth_curve
1,78097,49107,1,0.0,0.0,0.0,30.0,9.0,linear
2,78000,49239,1,0.0,0.0,0.0,30.0,9.0,linear
3,82444,51829,1,0.0,0.0,0.0,30.0,9.0,linear
4,79923,50754,1,0.0,0.0,0.0,30.0,9.0,linear
5,73025,47591,1,0.0,0.0,0.0,30.0,9.0,linear
6,77384,49548,1,0.0,0.0,0.0,30.0,9.0,linear
7,83562,52399,1,0.0,0.0,0.0,30.0,9.0,linear
8,79108,50241,1,0.0,0.0,0.0,30.0,9.0,linear
9,73901,47953,1,0.0,0.0,0.0,30.0,9.0,linear
10,76426,49095,1,0.0,0.0,0.0,30.0,9.0,linear
11,264636,52675,1,0.617691,0.617691,0.0,30.0,9.0,linear
12,353314,51533,1,0.735238,0.743386,0.0,30.0,9.0,linear
13,339264,43794,1,0.758369,0.78317,0.0,30.0,9.0,linear
14,334115,37833,1,0.762621,0.814806,0.0,30.0,9.0,linear
15,340900,33937,1,0.770084,0.845245,0.0,30.0,9.0,linear
16,344119,28092,1,0.779432,0.875997,0.0,30.0,9.0,linear
17,343242,21995,1,0.79339,0.907084,0.0,30.0,9.0,linear
18,341377,17006,1,0.807469,0.928785,0.0,30.0,9.0,linear
19,337958,13516,1,0.820038,0.941144,0.0,30.0,9.0,linear
20,333168,10669,1,0.834905,0.949861,0.0,30.0,9.0,linear
21,326372,8614,1,0.849096,0.955758,0.0,30.0,9.0,linear
22,319258,7271,1,0.864357,0.960482,0.0,30.0,9.0,linear
23,312801,6409,1,0.877195,0.965297,0.0,30.0,9.0,linear
24,308124,5597,1,0.888366,0.969203,0.0,30.0,9.0,linear
25,304278,4860,1,0.898883,0.972983,0.0,30.0,9.0,linear
26,300279,4210,1,0.909882,0.976751,0.0,30.0,9.0,linear
27,296888,3468,1,0.918813,0.980626,0.0,30.0,9.0,linear
28,293174,2850,1,0.929017,0.98419,0.0,30.0,9.0,linear
29,290204,2268,1,0.939022,0.987291,0.0,30.0,9.0,linear
30,287645,1810,1,0.949147,0.989838,0.0,30.0,9.0,linear
31,283812,1375,1,0.958105,0.99235,0.0,30.0,9.0,linear
32,281870,1052,1,0.966083,0.994074,0.0,30.0,9.0,linear
33,279423,812,1,0.973277,0.995747,0.0,30.0,9.0,linear
34,277909,564,1,0.978811,0.997094,0.0,30.0,9.0,linear
35,276199,388,1,0.984629,0.998164,0.0,30.0,9.0,linear
36,274333,233,1,0.988929,0.998947,0.0,30.0,9.0,linear
37,273420,128,1,0.992934,0.99945,0.0,30.0,9.0,linear
38,271843,70,1,0.995591,0.999725,0.0,30.0,9.0,linear
39,271766,24,1,0.997517,0.999908,0.0,30.0,9.0,linear
40,271453,10,1,0.998697,0.999963,0.0,30.0,9.0,linear
41,271395,5,1,0.999335,0.999982,0.0,30.0,9.0,linear
42,270295,3,1,0.999691,0.999989,0.0,30.0,9.0,linear
43,270432,1,1,0.999826,0.999996,0.0,30.0,9.0,linear
44,270503,0,1,0.999941,1.0,0.0,30.0,9.0,linear

