generation,size,female_size,fertile_female_size,rate_dr,rate_has_drive,drive_efficiency,drop_ratio,low_density_growth_rate,density_growth_curve
1,77966,48924,1,0.0,0.0,0.0,40.0,5.0,linear
2,77885,48854,1,0.0,0.0,0.0,40.0,5.0,linear
3,79182,49825,1,0.0,0.0,0.0,40.0,5.0,linear
4,80626,50723,1,0.0,0.0,0.0,40.0,5.0,linear
5,79834,50453,1,0.0,0.0,0.0,40.0,5.0,linear
6,78531,50099,1,0.0,0.0,0.0,40.0,5.0,linear
7,77994,50015,1,0.0,0.0,0.0,40.0,5.0,linear
8,77870,49830,1,0.0,0.0,0.0,40.0,5.0,linear
9,78415,49896,1,0.0,0.0,0.0,40.0,5.0,linear
10,78026,49790,1,0.0,0.0,0.0,40.0,5.0,linear
11,319252,50225,1,0.690291,0.690291,0.0,40.0,5.0,linear
12,439951,50363,1,0.779417,0.788004,0.0,40.0,5.0,linear
13,434670,46056,1,0.797811,0.81847,0.0,40.0,5.0,linear
14,428367,38862,1,0.816517,0.852489,0.0,40.0,5.0,linear
15,424762,32316,1,0.831684,0.883616,0.0,40.0,5.0,linear
16,421521,25462,1,0.847753,0.912469,0.0,40.0,5.0,linear
17,417985,18716,1,0.864838,0.93826,0.0,40.0,5.0,linear
18,412615,12664,1,0.884057,0.957562,0.0,40.0,5.0,linear
19,405234,8687,1,0.904209,0.97041,0.0,40.0,5.0,linear
20,396892,5958,1,0.922405,0.978913,0.0,40.0,5.0,linear
21,388271,3899,1,0.939885,0.985265,0.0,40.0,5.0,linear
22,382388,2625,1,0.95559,0.989817,0.0,40.0,5.0,linear
23,376441,1760,1,0.968258,0.993192,0.0,40.0,5.0,linear
24,370720,1210,1,0.97751,0.995359,0.0,40.0,5.0,linear
25,367832,794,1,0.984475,0.996968,0.0,40.0,5.0,linear
26,366059,499,1,0.989341,0.998129,0.0,40.0,5.0,linear
27,364257,287,1,0.992959,0.998925,0.0,40.0,5.0,linear
28,362792,168,1,0.995586,0.999389,0.0,40.0,5.0,linear
29,362369,86,1,0.997309,0.999669,0.0,40.0,5.0,linear
30,362116,49,1,0.998457,0.999823,0.0,40.0,5.0,linear
31,361602,27,1,0.999117,0.999906,0.0,40.0,5.0,linear
32,360551,16,1,0.999454,0.99995,0.0,40.0,5.0,linear
33,361332,7,1,0.999685,0.999978,0.0,40.0,5.0,linear
34,362013,4,1,0.999825,0.999989,0.0,40.0,5.0,linear
35,361249,1,1,0.999917,0.999997,0.0,40.0,5.0,linear
36,360857,0,1,0.999963,1.0,0.0,40.0,5.0,linear

