generation,size,female_size,fertile_female_size,rate_dr,rate_has_drive,drive_efficiency,drop_ratio,low_density_growth_rate,density_growth_curve
1,77957,49146,1,0.0,0.0,0.0,38.0,8.0,linear
2,78296,49209,1,0.0,0.0,0.0,38.0,8.0,linear
3,79407,49813,1,0.0,0.0,0.0,38.0,8.0,linear
4,81145,50969,1,0.0,0.0,0.0,38.0,8.0,linear
5,79474,50389,1,0.0,0.0,0.0,38.0,8.0,linear
6,77413,49655,1,0.0,0.0,0.0,38.0,8.0,linear
7,79438,50679,1,0.0,0.0,0.0,38.0,8.0,linear
8,79067,50159,1,0.0,0.0,0.0,38.0,8.0,linear
9,76512,48632,1,0.0,0.0,0.0,38.0,8.0,linear
10,78252,49600,1,0.0,0.0,0.0,38.0,8.0,linear
11,310371,51088,1,0.674803,0.674803,0.0,38.0,8.0,linear
12,424719,51290,1,0.771879,0.780285,0.0,38.0,8.0,linear
13,416063,45404,1,0.792575,0.813983,0.0,38.0,8.0,linear
14,409713,38744,1,0.804386,0.845407,0.0,38.0,8.0,linear
15,409369,33167,1,0.811686,0.873691,0.0,38.0,8.0,linear
16,412000,27238,1,0.821878,0.901466,0.0,38.0,8.0,linear
17,411427,20779,1,0.834561,0.928199,0.0,38.0,8.0,linear
18,408046,15050,1,0.849047,0.947258,0.0,38.0,8.0,linear
19,403639,11236,1,0.864527,0.959794,0.0,38.0,8.0,linear
20,397327,8339,1,0.880353,0.967773,0.0,38.0,8.0,linear
21,390061,6216,1,0.897054,0.973636,0.0,38.0,8.0,linear
22,382106,4907,1,0.913485,0.978279,0.0,38.0,8.0,linear
23,373950,4010,1,0.926913,0.982011,0.0,38.0,8.0,linear
24,368076,3341,1,0.937887,0.98473,0.0,38.0,8.0,linear
25,363395,2716,1,0.947793,0.987695,0.0,38.0,8.0,linear
26,359812,2154,1,0.956604,0.990429,0.0,38.0,8.0,linear
27,357168,1662,1,0.963918,0.992537,0.0,38.0,8.0,linear
28,354513,1276,1,0.970896,0.994397,0.0,38.0,8.0,linear
29,352623,926,1,0.977182,0.996246,0.0,38.0,8.0,linear
30,349859,608,1,0.982895,0.997521,0.0,38.0,8.0,linear
31,348159,374,1,0.987772,0.998515,0.0,38.0,8.0,linear
32,346891,229,1,0.991603,0.999111,0.0,38.0,8.0,linear
33,345530,132,1,0.99448,0.999501,0.0,38.0,8.0,linear
34,344520,67,1,0.996536,0.999742,0.0,38.0,8.0,linear
35,343525,29,1,0.998153,0.999889,0.0,38.0,8.0,linear
36,343353,14,1,0.99908,0.999942,0.0,38.0,8.0,linear
37,343028,4,1,0.999586,0.999983,0.0,38.0,8.0,linear
38,343397,1,1,0.999869,0.999997,0.0,38.0,8.0,linear
39,342648,0,1,0.999955,1.0,0.0,38.0,8.0,linear

