generation,size,female_size,fertile_female_size,rate_dr,rate_has_drive,drive_efficiency,drop_ratio,low_density_growth_rate,density_growth_curve
1,78149,49032,1,0.0,0.0,0.0,14.0,3.0,linear
2,78221,48983,1,0.0,0.0,0.0,14.0,3.0,linear
3,78732,49508,1,0.0,0.0,0.0,14.0,3.0,linear
4,79037,50058,1,0.0,0.0,0.0,14.0,3.0,linear
5,79103,50250,1,0.0,0.0,0.0,14.0,3.0,linear
6,78567,50103,1,0.0,0.0,0.0,14.0,3.0,linear
7,78397,50035,1,0.0,0.0,0.0,14.0,3.0,linear
8,78824,50220,1,0.0,0.0,0.0,14.0,3.0,linear
9,78789,50245,1,0.0,0.0,0.0,14.0,3.0,linear
10,78701,50219,1,0.0,0.0,0.0,14.0,3.0,linear
11,162666,49933,1,0.439921,0.439921,0.0,14.0,3.0,linear
12,205068,50196,1,0.554905,0.569484,0.0,14.0,3.0,linear
13,201590,46850,1,0.584213,0.619828,0.0,14.0,3.0,linear
14,195628,40840,1,0.618203,0.676034,0.0,14.0,3.0,linear
15,189734,34415,1,0.653739,0.734402,0.0,14.0,3.0,linear
16,183497,27494,1,0.688224,0.787416,0.0,14.0,3.0,linear
17,177773,21119,1,0.723467,0.834002,0.0,14.0,3.0,linear
18,170972,15704,1,0.757865,0.871079,0.0,14.0,3.0,linear
19,163995,11540,1,0.790704,0.898748,0.0,14.0,3.0,linear
20,157471,8610,1,0.822614,0.919974,0.0,14.0,3.0,linear
21,151273,6244,1,0.853632,0.937968,0.0,14.0,3.0,linear
22,145739,4601,1,0.881419,0.952162,0.0,14.0,3.0,linear
23,141009,3354,1,0.907144,0.964947,0.0,14.0,3.0,linear
24,137097,2375,1,0.929299,0.974892,0.0,14.0,3.0,linear
25,134542,1619,1,0.948045,0.982879,0.0,14.0,3.0,linear
26,132280,1065,1,0.962238,0.988679,0.0,14.0,3.0,linear
27,130732,697,1,0.974041,0.992857,0.0,14.0,3.0,linear
28,129329,432,1,0.982332,0.995565,0.0,14.0,3.0,linear
29,128465,260,1,0.988481,0.997384,0.0,14.0,3.0,linear
30,127579,157,1,0.992539,0.998493,0.0,14.0,3.0,linear
31,126856,93,1,0.995401,0.999064,0.0,14.0,3.0,linear
32,126943,50,1,0.997298,0.999512,0.0,14.0,3.0,linear
33,126808,22,1,0.998495,0.999779,0.0,14.0,3.0,linear
34,126493,14,1,0.999166,0.999874,0.0,14.0,3.0,linear
35,126632,5,1,0.999629,0.999961,0.0,14.0,3.0,linear
36,126531,4,1,0.999798,0.999968,0.0,14.0,3.0,linear
37,126342,2,1,0.999909,0.999984,0.0,14.0,3.0,linear
38,126604,1,1,0.999901,0.999992,0.0,14.0,3.0,linear
39,126622,1,1,0.999933,0.999992,0.0,14.0,3.0,linear
40,126444,0,1,0.999976,1.0,0.0,14.0,3.0,linear

