generation,size,female_size,fertile_female_size,rate_dr,rate_has_drive,drive_efficiency,drop_ratio,low_density_growth_rate,density_growth_curve
1,78182,49187,1,0.0,0.0,0.0,20.0,4.0,linear
2,78108,49087,1,0.0,0.0,0.0,20.0,4.0,linear
3,78513,49379,1,0.0,0.0,0.0,20.0,4.0,linear
4,79139,49889,1,0.0,0.0,0.0,20.0,4.0,linear
5,79718,50444,1,0.0,0.0,0.0,20.0,4.0,linear
6,79408,50464,1,0.0,0.0,0.0,20.0,4.0,linear
7,79101,50434,1,0.0,0.0,0.0,20.0,4.0,linear
8,78683,50177,1,0.0,0.0,0.0,20.0,4.0,linear
9,78807,50266,1,0.0,0.0,0.0,20.0,4.0,linear
10,78034,49774,1,0.0,0.0,0.0,20.0,4.0,linear
11,198768,49803,1,0.529522,0.529522,0.0,20.0,4.0,linear
12,259329,50016,1,0.640692,0.654035,0.0,20.0,4.0,linear
13,255970,46463,1,0.666862,0.697954,0.0,20.0,4.0,linear
14,249083,39876,1,0.69658,0.748784,0.0,20.0,4.0,linear
15,243497,33112,1,0.723732,0.798021,0.0,20.0,4.0,linear
16,239297,26597,1,0.749772,0.84158,0.0,20.0,4.0,linear
17,234359,19962,1,0.777074,0.880686,0.0,20.0,4.0,linear
18,228767,14453,1,0.804347,0.910206,0.0,20.0,4.0,linear
19,223007,10545,1,0.832157,0.931887,0.0,20.0,4.0,linear
20,215260,7663,1,0.858261,0.947203,0.0,20.0,4.0,linear
21,208439,5641,1,0.883023,0.958938,0.0,20.0,4.0,linear
22,202413,4120,1,0.906018,0.968779,0.0,20.0,4.0,linear
23,198109,3087,1,0.9258,0.976125,0.0,20.0,4.0,linear
24,193389,2354,1,0.94245,0.982153,0.0,20.0,4.0,linear
25,190171,1681,1,0.95546,0.987271,0.0,20.0,4.0,linear
26,187421,1152,1,0.966886,0.991186,0.0,20.0,4.0,linear
27,186080,779,1,0.975794,0.994021,0.0,20.0,4.0,linear
28,184422,501,1,0.982972,0.996182,0.0,20.0,4.0,linear
29,182731,312,1,0.988745,0.997661,0.0,20.0,4.0,linear
30,182039,185,1,0.992719,0.998703,0.0,20.0,4.0,linear
31,181489,105,1,0.995451,0.999335,0.0,20.0,4.0,linear
32,180885,59,1,0.997207,0.999658,0.0,20.0,4.0,linear
33,180741,28,1,0.998394,0.999829,0.0,20.0,4.0,linear
34,180377,9,1,0.999169,0.999945,0.0,20.0,4.0,linear
35,181034,5,1,0.999575,0.999972,0.0,20.0,4.0,linear
36,180716,2,1,0.999801,0.999989,0.0,20.0,4.0,linear
37,180545,1,1,0.999917,0.999994,0.0,20.0,4.0,linear
38,180296,1,1,0.99995,0.999994,0.0,20.0,4.0,linear
39,180200,0,1,0.999978,1.0,0.0,20.0,4.0,linear

