generation,size,female_size,fertile_female_size,rate_dr,rate_has_drive,drive_efficiency,drop_ratio,low_density_growth_rate,density_growth_curve
1,77944,48999,1,0.0,0.0,0.0,8.0,2.0,linear
2,78218,49230,1,0.0,0.0,0.0,8.0,2.0,linear
3,78446,49689,1,0.0,0.0,0.0,8.0,2.0,linear
4,78506,50056,1,0.0,0.0,0.0,8.0,2.0,linear
5,78531,50124,1,0.0,0.0,0.0,8.0,2.0,linear
6,78959,50395,1,0.0,0.0,0.0,8.0,2.0,linear
7,78676,50035,1,0.0,0.0,0.0,8.0,2.0,linear
8,78777,50045,1,0.0,0.0,0.0,8.0,2.0,linear
9,78598,49931,1,0.0,0.0,0.0,8.0,2.0,linear
10,78762,50258,1,0.0,0.0,0.0,8.0,2.0,linear
11,126596,50187,1,0.309755,0.309755,0.0,8.0,2.0,linear
12,150563,50173,1,0.419186,0.435442,0.0,8.0,2.0,linear
13,148244,47290,1,0.44902,0.488579,0.0,8.0,2.0,linear
14,142978,42222,1,0.486679,0.550856,0.0,8.0,2.0,linear
15,137059,36312,1,0.528115,0.615759,0.0,8.0,2.0,linear
16,130176,29853,1,0.570022,0.675421,0.0,8.0,2.0,linear
17,122485,23595,1,0.61325,0.731849,0.0,8.0,2.0,linear
18,115473,18179,1,0.655946,0.778956,0.0,8.0,2.0,linear
19,108493,13884,1,0.699005,0.81853,0.0,8.0,2.0,linear
20,101795,10550,1,0.739469,0.850398,0.0,8.0,2.0,linear
21,96092,7922,1,0.778637,0.879643,0.0,8.0,2.0,linear
22,90951,5916,1,0.816614,0.904362,0.0,8.0,2.0,linear
23,86390,4288,1,0.852371,0.927315,0.0,8.0,2.0,linear
24,82980,3069,1,0.885228,0.946241,0.0,8.0,2.0,linear
25,80211,2117,1,0.913857,0.962363,0.0,8.0,2.0,linear
26,77986,1404,1,0.937544,0.974577,0.0,8.0,2.0,linear
27,76511,902,1,0.956331,0.98358,0.0,8.0,2.0,linear
28,74852,560,1,0.97089,0.989833,0.0,8.0,2.0,linear
29,73934,346,1,0.980506,0.993792,0.0,8.0,2.0,linear
30,73049,216,1,0.987686,0.996322,0.0,8.0,2.0,linear
31,72808,114,1,0.992527,0.998057,0.0,8.0,2.0,linear
32,72574,63,1,0.9956,0.99901,0.0,8.0,2.0,linear
33,72351,32,1,0.997715,0.999517,0.0,8.0,2.0,linear
34,72634,11,1,0.998858,0.999849,0.0,8.0,2.0,linear
35,72585,5,1,0.999401,0.999931,0.0,8.0,2.0,linear
36,72094,0,1,0.999792,1.0,0.0,8.0,2.0,linear

