generation,size,female_size,fertile_female_size,rate_dr,rate_has_drive,drive_efficiency,drop_ratio,low_density_growth_rate,density_growth_curve
1,78392,49250,1,0.0,0.0,0.0,32.0,6.0,linear
2,78267,49256,1,0.0,0.0,0.0,32.0,6.0,linear
3,79850,50297,1,0.0,0.0,0.0,32.0,6.0,linear
4,79895,50508,1,0.0,0.0,0.0,32.0,6.0,linear
5,79356,50245,1,0.0,0.0,0.0,32.0,6.0,linear
6,77549,49405,1,0.0,0.0,0.0,32.0,6.0,linear
7,77832,49857,1,0.0,0.0,0.0,32.0,6.0,linear
8,78436,49960,1,0.0,0.0,0.0,32.0,6.0,linear
9,78447,49917,1,0.0,0.0,0.0,32.0,6.0,linear
10,78718,49971,1,0.0,0.0,0.0,32.0,6.0,linear
11,271037,50453,1,0.640321,0.640321,0.0,32.0,6.0,linear
12,367920,50485,1,0.739669,0.749672,0.0,32.0,6.0,linear
13,362934,45968,1,0.761239,0.784801,0.0,32.0,6.0,linear
14,356632,39479,1,0.777787,0.821026,0.0,32.0,6.0,linear
15,353792,33136,1,0.79353,0.85617,0.0,32.0,6.0,linear
16,353334,26822,1,0.809689,0.890004,0.0,32.0,6.0,linear
17,350169,20150,1,0.826919,0.91947,0.0,32.0,6.0,linear
18,345860,14343,1,0.845537,0.941289,0.0,32.0,6.0,linear
19,340578,10454,1,0.865145,0.955794,0.0,32.0,6.0,linear
20,332774,7663,1,0.883793,0.965197,0.0,32.0,6.0,linear
21,325106,5549,1,0.903058,0.972616,0.0,32.0,6.0,linear
22,317440,4185,1,0.921781,0.978816,0.0,32.0,6.0,linear
23,311126,3201,1,0.937159,0.983512,0.0,32.0,6.0,linear
24,306237,2488,1,0.949925,0.987577,0.0,32.0,6.0,linear
25,302392,1833,1,0.960261,0.990904,0.0,32.0,6.0,linear
26,298777,1302,1,0.969052,0.993579,0.0,32.0,6.0,linear
27,297464,902,1,0.976819,0.99556,0.0,32.0,6.0,linear
28,295720,623,1,0.983376,0.996965,0.0,32.0,6.0,linear
29,293096,418,1,0.988629,0.998058,0.0,32.0,6.0,linear
30,291493,270,1,0.992023,0.998792,0.0,32.0,6.0,linear
31,290515,173,1,0.994711,0.999269,0.0,32.0,6.0,linear
32,289327,97,1,0.996552,0.999603,0.0,32.0,6.0,linear
33,289348,61,1,0.997839,0.999769,0.0,32.0,6.0,linear
34,288986,25,1,0.998591,0.99991,0.0,32.0,6.0,linear
35,288870,10,1,0.999156,0.999962,0.0,32.0,6.0,linear
36,288968,2,1,0.999533,0.999993,0.0,32.0,6.0,linear
37,289326,0,1,0.999762,1.0,0.0,32.0,6.0,linear

