generation,size,female_size,fertile_female_size,rate_dr,rate_has_drive,drive_efficiency,drop_ratio,low_density_growth_rate,density_growth_curve
1,78183,49061,1,0.0,0.0,0.0,36.0,6.0,linear
2,78877,49478,1,0.0,0.0,0.0,36.0,6.0,linear
3,79395,50095,1,0.0,0.0,0.0,36.0,6.0,linear
4,79343,50404,1,0.0,0.0,0.0,36.0,6.0,linear
5,79148,50443,1,0.0,0.0,0.0,36.0,6.0,linear
6,76919,49337,1,0.0,0.0,0.0,36.0,6.0,linear
7,77785,49618,1,0.0,0.0,0.0,36.0,6.0,linear
8,78968,49966,1,0.0,0.0,0.0,36.0,6.0,linear
9,78122,49458,1,0.0,0.0,0.0,36.0,6.0,linear
10,78331,49623,1,0.0,0.0,0.0,36.0,6.0,linear
11,296247,50438,1,0.664705,0.664705,0.0,36.0,6.0,linear
12,404893,50844,1,0.760435,0.769302,0.0,36.0,6.0,linear
13,399084,46207,1,0.781408,0.80341,0.0,36.0,6.0,linear
14,391920,39095,1,0.799773,0.839217,0.0,36.0,6.0,linear
15,388928,32365,1,0.812933,0.872016,0.0,36.0,6.0,linear
16,388716,25961,1,0.827189,0.901318,0.0,36.0,6.0,linear
17,385868,19477,1,0.843248,0.92872,0.0,36.0,6.0,linear
18,380684,13610,1,0.860481,0.948486,0.0,36.0,6.0,linear
19,376118,9960,1,0.879492,0.961595,0.0,36.0,6.0,linear
20,368159,7256,1,0.897281,0.970488,0.0,36.0,6.0,linear
21,360177,5247,1,0.915565,0.977301,0.0,36.0,6.0,linear
22,352419,3765,1,0.932622,0.982844,0.0,36.0,6.0,linear
23,346106,2839,1,0.947151,0.987066,0.0,36.0,6.0,linear
24,340732,2113,1,0.958891,0.990399,0.0,36.0,6.0,linear
25,337073,1539,1,0.969358,0.993257,0.0,36.0,6.0,linear
26,333983,1066,1,0.977049,0.995271,0.0,36.0,6.0,linear
27,331461,707,1,0.982934,0.996971,0.0,36.0,6.0,linear
28,330057,431,1,0.987882,0.998229,0.0,36.0,6.0,linear
29,328092,241,1,0.99203,0.999026,0.0,36.0,6.0,linear
30,327074,138,1,0.994913,0.999451,0.0,36.0,6.0,linear
31,326085,84,1,0.996798,0.999666,0.0,36.0,6.0,linear
32,325141,46,1,0.998195,0.99984,0.0,36.0,6.0,linear
33,325773,20,1,0.99901,0.999936,0.0,36.0,6.0,linear
34,325896,9,1,0.999454,0.999972,0.0,36.0,6.0,linear
35,325178,4,1,0.999709,0.999988,0.0,36.0,6.0,linear
36,324814,2,1,0.999868,0.999994,0.0,36.0,6.0,linear
37,324257,0,1,0.999941,1.0,0.0,36.0,6.0,linear

