generation,size,female_size,fertile_female_size,rate_dr,rate_has_drive,drive_efficiency,drop_ratio,low_density_growth_rate,density_growth_curve
1,78078,48981,1,0.0,0.0,0.0,22.0,6.0,linear
2,78332,49065,1,0.0,0.0,0.0,22.0,6.0,linear
3,80089,50523,1,0.0,0.0,0.0,22.0,6.0,linear
4,80606,51201,1,0.0,0.0,0.0,22.0,6.0,linear
5,78906,50657,1,0.0,0.0,0.0,22.0,6.0,linear
6,77059,49829,1,0.0,0.0,0.0,22.0,6.0,linear
7,78325,50283,1,0.0,0.0,0.0,22.0,6.0,linear
8,78590,50132,1,0.0,0.0,0.0,22.0,6.0,linear
9,77970,49806,1,0.0,0.0,0.0,22.0,6.0,linear
10,78449,50078,1,0.0,0.0,0.0,22.0,6.0,linear
11,210625,50118,1,0.551154,0.551154,0.0,22.0,6.0,linear
12,277468,50625,1,0.659766,0.672359,0.0,22.0,6.0,linear
13,273610,46403,1,0.687274,0.715678,0.0,22.0,6.0,linear
14,266847,39868,1,0.709883,0.762234,0.0,22.0,6.0,linear
15,264081,33757,1,0.728616,0.80616,0.0,22.0,6.0,linear
16,263123,27872,1,0.747154,0.845609,0.0,22.0,6.0,linear
17,261084,21988,1,0.765974,0.881038,0.0,22.0,6.0,linear
18,257714,16363,1,0.78716,0.908211,0.0,22.0,6.0,linear
19,253283,12617,1,0.807705,0.926583,0.0,22.0,6.0,linear
20,246767,9966,1,0.827218,0.938623,0.0,22.0,6.0,linear
21,239181,7922,1,0.847521,0.948249,0.0,22.0,6.0,linear
22,233272,6309,1,0.866506,0.956479,0.0,22.0,6.0,linear
23,228266,5124,1,0.884957,0.963553,0.0,22.0,6.0,linear
24,223068,4156,1,0.900447,0.969976,0.0,22.0,6.0,linear
25,219257,3270,1,0.916172,0.976413,0.0,22.0,6.0,linear
26,215025,2462,1,0.930028,0.981615,0.0,22.0,6.0,linear
27,211738,1863,1,0.943615,0.986267,0.0,22.0,6.0,linear
28,209055,1362,1,0.955356,0.989908,0.0,22.0,6.0,linear
29,206430,1027,1,0.965803,0.992534,0.0,22.0,6.0,linear
30,204138,720,1,0.974402,0.994862,0.0,22.0,6.0,linear
31,202516,513,1,0.980765,0.996313,0.0,22.0,6.0,linear
32,202264,326,1,0.986203,0.997656,0.0,22.0,6.0,linear
33,201717,200,1,0.990513,0.998614,0.0,22.0,6.0,linear
34,200352,126,1,0.993443,0.99919,0.0,22.0,6.0,linear
35,199443,73,1,0.996,0.99957,0.0,22.0,6.0,linear
36,199156,41,1,0.997503,0.999779,0.0,22.0,6.0,linear
37,199470,19,1,0.998637,0.9999,0.0,22.0,6.0,linear
38,199082,9,1,0.999224,0.999955,0.0,22.0,6.0,linear
39,198780,5,1,0.99963,0.999975,0.0,22.0,6.0,linear
40,198172,2,1,0.999788,0.99999,0.0,22.0,6.0,linear
41,198102,0,1,0.999942,1.0,0.0,22.0,6.0,linear

