generation,size,female_size,fertile_female_size,rate_dr,rate_has_drive,drive_efficiency,drop_ratio,low_density_growth_rate,density_growth_curve
1,78268,49088,1,0.0,0.0,0.0,8.0,2.0,linear
2,78149,49088,1,0.0,0.0,0.0,8.0,2.0,linear
3,77923,49317,1,0.0,0.0,0.0,8.0,2.0,linear
4,77966,49500,1,0.0,0.0,0.0,8.0,2.0,linear
5,78208,49791,1,0.0,0.0,0.0,8.0,2.0,linear
6,78609,49975,1,0.0,0.0,0.0,8.0,2.0,linear
7,78816,50137,1,0.0,0.0,0.0,8.0,2.0,linear
8,78814,50179,1,0.0,0.0,0.0,8.0,2.0,linear
9,78695,49842,1,0.0,0.0,0.0,8.0,2.0,linear
10,78197,49666,1,0.0,0.0,0.0,8.0,2.0,linear
11,125969,49451,1,0.311612,0.311612,0.0,8.0,2.0,linear
12,150077,49445,1,0.420116,0.436284,0.0,8.0,2.0,linear
13,147411,46529,1,0.450424,0.490043,0.0,8.0,2.0,linear
14,142144,41586,1,0.487235,0.551978,0.0,8.0,2.0,linear
15,136536,35903,1,0.528622,0.616932,0.0,8.0,2.0,linear
16,129623,29536,1,0.570248,0.677167,0.0,8.0,2.0,linear
17,122155,23246,1,0.615363,0.733626,0.0,8.0,2.0,linear
18,114378,17681,1,0.659682,0.780892,0.0,8.0,2.0,linear
19,107512,13564,1,0.702459,0.820764,0.0,8.0,2.0,linear
20,100913,10319,1,0.741364,0.851955,0.0,8.0,2.0,linear
21,95282,7653,1,0.782264,0.882333,0.0,8.0,2.0,linear
22,90145,5750,1,0.820608,0.906994,0.0,8.0,2.0,linear
23,86350,4168,1,0.856932,0.929534,0.0,8.0,2.0,linear
24,82525,2947,1,0.888866,0.948147,0.0,8.0,2.0,linear
25,79952,2023,1,0.917316,0.964205,0.0,8.0,2.0,linear
26,77859,1391,1,0.938863,0.97534,0.0,8.0,2.0,linear
27,76383,886,1,0.95754,0.983967,0.0,8.0,2.0,linear
28,74566,552,1,0.970706,0.990134,0.0,8.0,2.0,linear
29,73524,333,1,0.981043,0.994027,0.0,8.0,2.0,linear
30,73222,189,1,0.988841,0.996847,0.0,8.0,2.0,linear
31,72848,95,1,0.993147,0.998413,0.0,8.0,2.0,linear
32,72852,39,1,0.996408,0.999315,0.0,8.0,2.0,linear
33,72449,19,1,0.997938,0.999641,0.0,8.0,2.0,linear
34,72496,7,1,0.999076,0.999835,0.0,8.0,2.0,linear
35,72180,3,1,0.999647,0.999945,0.0,8.0,2.0,linear
36,72015,1,1,0.999778,0.999986,0.0,8.0,2.0,linear
37,71884,1,1,0.99993,0.999986,0.0,8.0,2.0,linear
38,72164,0,1,0.999945,1.0,0.0,8.0,2.0,linear

