generation,size,female_size,fertile_female_size,rate_dr,rate_has_drive,drive_efficiency,drop_ratio,low_density_growth_rate,density_growth_curve
1,77888,49169,1,0.0,0.0,0.0,18.0,6.0,linear
2,78148,48966,1,0.0,0.0,0.0,18.0,6.0,linear
3,79892,49987,1,0.0,0.0,0.0,18.0,6.0,linear
4,80836,50871,1,0.0,0.0,0.0,18.0,6.0,linear
5,78099,49923,1,0.0,0.0,0.0,18.0,6.0,linear
6,76398,49334,1,0.0,0.0,0.0,18.0,6.0,linear
7,78034,49815,1,0.0,0.0,0.0,18.0,6.0,linear
8,79034,50178,1,0.0,0.0,0.0,18.0,6.0,linear
9,79088,50088,1,0.0,0.0,0.0,18.0,6.0,linear
10,78359,49929,1,0.0,0.0,0.0,18.0,6.0,linear
11,187002,50199,1,0.501533,0.501533,0.0,18.0,6.0,linear
12,241564,50635,1,0.615743,0.629029,0.0,18.0,6.0,linear
13,236681,46542,1,0.644782,0.676473,0.0,18.0,6.0,linear
14,230661,40098,1,0.670467,0.729336,0.0,18.0,6.0,linear
15,227740,33827,1,0.692446,0.778785,0.0,18.0,6.0,linear
16,226557,28117,1,0.711171,0.822305,0.0,18.0,6.0,linear
17,225524,22240,1,0.731661,0.86075,0.0,18.0,6.0,linear
18,222296,16918,1,0.751916,0.88814,0.0,18.0,6.0,linear
19,218686,13548,1,0.772726,0.90634,0.0,18.0,6.0,linear
20,212285,11182,1,0.791275,0.91882,0.0,18.0,6.0,linear
21,206105,9214,1,0.809821,0.927688,0.0,18.0,6.0,linear
22,201084,7692,1,0.829245,0.937779,0.0,18.0,6.0,linear
23,196037,6566,1,0.845825,0.945094,0.0,18.0,6.0,linear
24,191575,5587,1,0.862077,0.9525,0.0,18.0,6.0,linear
25,187554,4647,1,0.877716,0.959588,0.0,18.0,6.0,linear
26,183649,3842,1,0.893275,0.966712,0.0,18.0,6.0,linear
27,180835,3043,1,0.906831,0.973242,0.0,18.0,6.0,linear
28,178213,2396,1,0.921376,0.97873,0.0,18.0,6.0,linear
29,175109,1878,1,0.93401,0.983118,0.0,18.0,6.0,linear
30,173537,1421,1,0.947454,0.987154,0.0,18.0,6.0,linear
31,170528,1050,1,0.957882,0.990317,0.0,18.0,6.0,linear
32,168714,743,1,0.967319,0.993242,0.0,18.0,6.0,linear
33,167447,535,1,0.976044,0.995284,0.0,18.0,6.0,linear
34,165677,357,1,0.982504,0.996956,0.0,18.0,6.0,linear
35,165063,236,1,0.987889,0.998081,0.0,18.0,6.0,linear
36,164481,147,1,0.991425,0.998809,0.0,18.0,6.0,linear
37,164030,80,1,0.994074,0.999332,0.0,18.0,6.0,linear
38,163168,44,1,0.996549,0.999694,0.0,18.0,6.0,linear
39,163073,24,1,0.997975,0.999853,0.0,18.0,6.0,linear
40,162947,11,1,0.998927,0.999933,0.0,18.0,6.0,linear
41,162296,6,1,0.999443,0.999963,0.0,18.0,6.0,linear
42,162820,3,1,0.99973,0.999982,0.0,18.0,6.0,linear
43,162535,0,1,0.999905,1.0,0.0,18.0,6.0,linear

