generation,size,female_size,fertile_female_size,rate_dr,rate_has_drive,drive_efficiency,drop_ratio,low_density_growth_rate,density_growth_curve
1,79216,50003,1,0.0,0.0,0.0,20.0,3.0,linear
2,78779,49662,1,0.0,0.0,0.0,20.0,3.0,linear
3,78703,49760,1,0.0,0.0,0.0,20.0,3.0,linear
4,78410,49873,1,0.0,0.0,0.0,20.0,3.0,linear
5,78694,49996,1,0.0,0.0,0.0,20.0,3.0,linear
6,78963,50076,1,0.0,0.0,0.0,20.0,3.0,linear
7,78836,50163,1,0.0,0.0,0.0,20.0,3.0,linear
8,78700,50086,1,0.0,0.0,0.0,20.0,3.0,linear
9,78036,49638,1,0.0,0.0,0.0,20.0,3.0,linear
10,77957,49569,1,0.0,0.0,0.0,20.0,3.0,linear
11,198229,49605,1,0.529738,0.529738,0.0,20.0,3.0,linear
12,258451,49837,1,0.640601,0.653947,0.0,20.0,3.0,linear
13,254971,46114,1,0.666757,0.697699,0.0,20.0,3.0,linear
14,248786,39913,1,0.69657,0.747048,0.0,20.0,3.0,linear
15,242736,33212,1,0.728489,0.797564,0.0,20.0,3.0,linear
16,236288,26261,1,0.759289,0.842617,0.0,20.0,3.0,linear
17,230121,19598,1,0.791788,0.883199,0.0,20.0,3.0,linear
18,223642,13762,1,0.824275,0.915143,0.0,20.0,3.0,linear
19,216312,9573,1,0.853373,0.937544,0.0,20.0,3.0,linear
20,208965,6615,1,0.88274,0.954467,0.0,20.0,3.0,linear
21,201790,4603,1,0.908188,0.96664,0.0,20.0,3.0,linear
22,195850,3108,1,0.932194,0.976765,0.0,20.0,3.0,linear
23,191907,2173,1,0.950438,0.983975,0.0,20.0,3.0,linear
24,188771,1476,1,0.964234,0.989362,0.0,20.0,3.0,linear
25,186066,945,1,0.975154,0.993168,0.0,20.0,3.0,linear
26,184144,578,1,0.983444,0.995977,0.0,20.0,3.0,linear
27,182339,333,1,0.989258,0.997621,0.0,20.0,3.0,linear
28,182189,177,1,0.993413,0.998769,0.0,20.0,3.0,linear
29,182031,90,1,0.996107,0.999402,0.0,20.0,3.0,linear
30,181512,42,1,0.997938,0.99973,0.0,20.0,3.0,linear
31,180744,20,1,0.998858,0.999867,0.0,20.0,3.0,linear
32,180173,7,1,0.999506,0.999956,0.0,20.0,3.0,linear
33,180319,2,1,0.999787,0.999983,0.0,20.0,3.0,linear
34,180380,1,1,0.99992,0.999989,0.0,20.0,3.0,linear
35,180546,0,1,0.999958,1.0,0.0,20.0,3.0,linear

