generation,size,female_size,fertile_female_size,rate_dr,rate_has_drive,drive_efficiency,drop_ratio,low_density_growth_rate,density_growth_curve
1,78791,49582,1,0.0,0.0,0.0,34.0,2.0,linear
2,78604,49480,1,0.0,0.0,0.0,34.0,2.0,linear
3,78402,49634,1,0.0,0.0,0.0,34.0,2.0,linear
4,78510,49955,1,0.0,0.0,0.0,34.0,2.0,linear
5,78379,49984,1,0.0,0.0,0.0,34.0,2.0,linear
6,78421,49769,1,0.0,0.0,0.0,34.0,2.0,linear
7,78698,49926,1,0.0,0.0,0.0,34.0,2.0,linear
8,78768,50145,1,0.0,0.0,0.0,34.0,2.0,linear
9,78647,50037,1,0.0,0.0,0.0,34.0,2.0,linear
10,78457,49909,1,0.0,0.0,0.0,34.0,2.0,linear
11,282597,49917,1,0.656046,0.656046,0.0,34.0,2.0,linear
12,385218,50055,1,0.750587,0.760231,0.0,34.0,2.0,linear
13,381484,46236,1,0.770887,0.793471,0.0,34.0,2.0,linear
14,374988,39517,1,0.796741,0.83243,0.0,34.0,2.0,linear
15,366695,31966,1,0.82473,0.871189,0.0,34.0,2.0,linear
16,357950,23949,1,0.854215,0.906765,0.0,34.0,2.0,linear
17,349221,16534,1,0.88362,0.936887,0.0,34.0,2.0,linear
18,339591,10444,1,0.911315,0.959607,0.0,34.0,2.0,linear
19,331786,6411,1,0.935737,0.975101,0.0,34.0,2.0,linear
20,324391,3734,1,0.955853,0.985137,0.0,34.0,2.0,linear
21,318952,2109,1,0.971412,0.991263,0.0,34.0,2.0,linear
22,314587,1196,1,0.982002,0.994792,0.0,34.0,2.0,linear
23,310947,663,1,0.989341,0.997089,0.0,34.0,2.0,linear
24,308157,381,1,0.993923,0.998381,0.0,34.0,2.0,linear
25,307716,214,1,0.996596,0.999143,0.0,34.0,2.0,linear
26,307785,127,1,0.998047,0.999536,0.0,34.0,2.0,linear
27,306900,68,1,0.998943,0.999779,0.0,34.0,2.0,linear
28,307022,29,1,0.999401,0.999902,0.0,34.0,2.0,linear
29,306885,11,1,0.999704,0.999961,0.0,34.0,2.0,linear
30,306522,4,1,0.999834,0.999984,0.0,34.0,2.0,linear
31,305968,1,1,0.99992,0.999997,0.0,34.0,2.0,linear
32,306787,0,1,0.999971,1.0,0.0,34.0,2.0,linear

