generation,size,female_size,fertile_female_size,rate_dr,rate_has_drive,drive_efficiency,drop_ratio,low_density_growth_rate,density_growth_curve
1,78661,49628,1,0.0,0.0,0.0,24.0,2.0,linear
2,78432,49495,1,0.0,0.0,0.0,24.0,2.0,linear
3,78278,49613,1,0.0,0.0,0.0,24.0,2.0,linear
4,78174,49640,1,0.0,0.0,0.0,24.0,2.0,linear
5,78128,49568,1,0.0,0.0,0.0,24.0,2.0,linear
6,78772,49885,1,0.0,0.0,0.0,24.0,2.0,linear
7,78847,50146,1,0.0,0.0,0.0,24.0,2.0,linear
8,79042,50286,1,0.0,0.0,0.0,24.0,2.0,linear
9,78920,50371,1,0.0,0.0,0.0,24.0,2.0,linear
10,78698,50148,1,0.0,0.0,0.0,24.0,2.0,linear
11,223160,50166,1,0.573804,0.573804,0.0,24.0,2.0,linear
12,295399,50144,1,0.681026,0.692937,0.0,24.0,2.0,linear
13,291465,46265,1,0.705671,0.733908,0.0,24.0,2.0,linear
14,285154,39928,1,0.736483,0.780983,0.0,24.0,2.0,linear
15,277302,32412,1,0.770229,0.828673,0.0,24.0,2.0,linear
16,268138,24617,1,0.805223,0.872139,0.0,24.0,2.0,linear
17,259433,17540,1,0.840715,0.909817,0.0,24.0,2.0,linear
18,250964,11498,1,0.874663,0.938993,0.0,24.0,2.0,linear
19,243113,7347,1,0.905527,0.959744,0.0,24.0,2.0,linear
20,236054,4627,1,0.932083,0.973968,0.0,24.0,2.0,linear
21,229431,2815,1,0.953054,0.983463,0.0,24.0,2.0,linear
22,225213,1766,1,0.968841,0.989744,0.0,24.0,2.0,linear
23,222446,1058,1,0.979882,0.993847,0.0,24.0,2.0,linear
24,220470,590,1,0.987882,0.996485,0.0,24.0,2.0,linear
25,218872,324,1,0.992904,0.998018,0.0,24.0,2.0,linear
26,217632,181,1,0.99594,0.998908,0.0,24.0,2.0,linear
27,217109,92,1,0.997702,0.999448,0.0,24.0,2.0,linear
28,216527,46,1,0.998726,0.999728,0.0,24.0,2.0,linear
29,216761,22,1,0.999317,0.999894,0.0,24.0,2.0,linear
30,217033,11,1,0.999666,0.999949,0.0,24.0,2.0,linear
31,216272,4,1,0.999838,0.999982,0.0,24.0,2.0,linear
32,216417,2,1,0.999924,0.999991,0.0,24.0,2.0,linear
33,216630,0,1,0.999986,1.0,0.0,24.0,2.0,linear

