generation,size,female_size,fertile_female_size,rate_dr,rate_has_drive,drive_efficiency,drop_ratio,low_density_growth_rate,density_growth_curve
1,78173,49340,1,0.0,0.0,0.0,36.0,7.0,linear
2,78180,49384,1,0.0,0.0,0.0,36.0,7.0,linear
3,81143,51042,1,0.0,0.0,0.0,36.0,7.0,linear
4,80503,51118,1,0.0,0.0,0.0,36.0,7.0,linear
5,77457,49733,1,0.0,0.0,0.0,36.0,7.0,linear
6,76248,49245,1,0.0,0.0,0.0,36.0,7.0,linear
7,79372,50367,1,0.0,0.0,0.0,36.0,7.0,linear
8,79751,50366,1,0.0,0.0,0.0,36.0,7.0,linear
9,77807,49313,1,0.0,0.0,0.0,36.0,7.0,linear
10,76744,49028,1,0.0,0.0,0.0,36.0,7.0,linear
11,296480,50634,1,0.665871,0.665871,0.0,36.0,7.0,linear
12,405015,50733,1,0.761805,0.770848,0.0,36.0,7.0,linear
13,398004,45530,1,0.781996,0.804108,0.0,36.0,7.0,linear
14,391863,38988,1,0.797162,0.838936,0.0,36.0,7.0,linear
15,390934,33000,1,0.809317,0.870455,0.0,36.0,7.0,linear
16,390642,26518,1,0.821245,0.900302,0.0,36.0,7.0,linear
17,389913,20060,1,0.836218,0.927309,0.0,36.0,7.0,linear
18,385866,14348,1,0.851886,0.947396,0.0,36.0,7.0,linear
19,380925,10573,1,0.868173,0.959694,0.0,36.0,7.0,linear
20,372922,7871,1,0.885594,0.968,0.0,36.0,7.0,linear
21,365436,5811,1,0.903464,0.974638,0.0,36.0,7.0,linear
22,357859,4427,1,0.920876,0.980007,0.0,36.0,7.0,linear
23,349935,3423,1,0.935663,0.984035,0.0,36.0,7.0,linear
24,345311,2725,1,0.946801,0.987495,0.0,36.0,7.0,linear
25,341565,2139,1,0.957024,0.990501,0.0,36.0,7.0,linear
26,338325,1563,1,0.965253,0.992943,0.0,36.0,7.0,linear
27,335737,1121,1,0.973113,0.995036,0.0,36.0,7.0,linear
28,333036,773,1,0.979916,0.996489,0.0,36.0,7.0,linear
29,330513,540,1,0.985455,0.997655,0.0,36.0,7.0,linear
30,328877,339,1,0.989811,0.998577,0.0,36.0,7.0,linear
31,328344,220,1,0.992818,0.999081,0.0,36.0,7.0,linear
32,326633,145,1,0.99519,0.999444,0.0,36.0,7.0,linear
33,325450,73,1,0.99694,0.999712,0.0,36.0,7.0,linear
34,325151,38,1,0.998253,0.999852,0.0,36.0,7.0,linear
35,325277,18,1,0.999,0.999932,0.0,36.0,7.0,linear
36,324387,2,1,0.999499,0.999988,0.0,36.0,7.0,linear
37,324293,2,1,0.999784,0.999994,0.0,36.0,7.0,linear
38,324245,0,1,0.999878,1.0,0.0,36.0,7.0,linear

