generation,size,female_size,fertile_female_size,rate_dr,rate_has_drive,drive_efficiency,drop_ratio,low_density_growth_rate,density_growth_curve
1,77999,49171,1,0.0,0.0,0.0,6.0,2.0,linear
2,78657,49502,1,0.0,0.0,0.0,6.0,2.0,linear
3,78335,49615,1,0.0,0.0,0.0,6.0,2.0,linear
4,78206,49826,1,0.0,0.0,0.0,6.0,2.0,linear
5,78201,49892,1,0.0,0.0,0.0,6.0,2.0,linear
6,78711,50210,1,0.0,0.0,0.0,6.0,2.0,linear
7,78602,49920,1,0.0,0.0,0.0,6.0,2.0,linear
8,78376,49749,1,0.0,0.0,0.0,6.0,2.0,linear
9,78411,49965,1,0.0,0.0,0.0,6.0,2.0,linear
10,78420,50011,1,0.0,0.0,0.0,6.0,2.0,linear
11,114713,50271,1,0.252028,0.252028,0.0,6.0,2.0,linear
12,132619,50081,1,0.352113,0.368316,0.0,6.0,2.0,linear
13,130081,47307,1,0.380434,0.418987,0.0,6.0,2.0,linear
14,125820,42931,1,0.417175,0.482068,0.0,6.0,2.0,linear
15,119730,37395,1,0.455562,0.544865,0.0,6.0,2.0,linear
16,113367,31453,1,0.496554,0.606874,0.0,6.0,2.0,linear
17,106955,25554,1,0.53812,0.66283,0.0,6.0,2.0,linear
18,99896,20449,1,0.577406,0.709507,0.0,6.0,2.0,linear
19,93323,16086,1,0.617792,0.75028,0.0,6.0,2.0,linear
20,87280,12728,1,0.65684,0.785714,0.0,6.0,2.0,linear
21,81831,10057,1,0.697721,0.81772,0.0,6.0,2.0,linear
22,76564,7857,1,0.738352,0.848403,0.0,6.0,2.0,linear
23,71906,5966,1,0.776088,0.876529,0.0,6.0,2.0,linear
24,68097,4493,1,0.813883,0.902465,0.0,6.0,2.0,linear
25,65345,3337,1,0.849575,0.925072,0.0,6.0,2.0,linear
26,62710,2379,1,0.882367,0.945119,0.0,6.0,2.0,linear
27,60065,1639,1,0.910132,0.961113,0.0,6.0,2.0,linear
28,58554,1118,1,0.93492,0.973099,0.0,6.0,2.0,linear
29,57361,752,1,0.953979,0.982021,0.0,6.0,2.0,linear
30,56214,500,1,0.967618,0.988091,0.0,6.0,2.0,linear
31,55397,299,1,0.978975,0.992902,0.0,6.0,2.0,linear
32,55072,172,1,0.986583,0.995919,0.0,6.0,2.0,linear
33,54949,96,1,0.992271,0.998004,0.0,6.0,2.0,linear
34,54491,49,1,0.995348,0.998956,0.0,6.0,2.0,linear
35,54558,26,1,0.997546,0.999432,0.0,6.0,2.0,linear
36,54291,16,1,0.998527,0.999577,0.0,6.0,2.0,linear
37,54157,5,1,0.999252,0.999815,0.0,6.0,2.0,linear
38,54150,5,1,0.999668,0.999871,0.0,6.0,2.0,linear
39,54082,2,1,0.999806,0.999963,0.0,6.0,2.0,linear
40,54162,1,1,0.999908,0.999982,0.0,6.0,2.0,linear
41,53974,0,1,0.999917,1.0,0.0,6.0,2.0,linear

