generation,size,female_size,fertile_female_size,rate_dr,rate_has_drive,drive_efficiency,drop_ratio,low_density_growth_rate,density_growth_curve
1,78104,49078,1,0.0,0.0,0.0,24.0,6.0,linear
2,78246,49258,1,0.0,0.0,0.0,24.0,6.0,linear
3,80711,50710,1,0.0,0.0,0.0,24.0,6.0,linear
4,80503,50924,1,0.0,0.0,0.0,24.0,6.0,linear
5,77943,49754,1,0.0,0.0,0.0,24.0,6.0,linear
6,77624,49752,1,0.0,0.0,0.0,24.0,6.0,linear
7,78240,49978,1,0.0,0.0,0.0,24.0,6.0,linear
8,77903,49638,1,0.0,0.0,0.0,24.0,6.0,linear
9,79438,50425,1,0.0,0.0,0.0,24.0,6.0,linear
10,79900,50587,1,0.0,0.0,0.0,24.0,6.0,linear
11,222560,50003,1,0.575408,0.575408,0.0,24.0,6.0,linear
12,294253,49905,1,0.681252,0.692604,0.0,24.0,6.0,linear
13,291166,46422,1,0.705271,0.732688,0.0,24.0,6.0,linear
14,284681,39790,1,0.727395,0.776791,0.0,24.0,6.0,linear
15,281428,33703,1,0.744762,0.818973,0.0,24.0,6.0,linear
16,281036,27648,1,0.762678,0.857088,0.0,24.0,6.0,linear
17,279275,21650,1,0.780601,0.890083,0.0,24.0,6.0,linear
18,275816,16104,1,0.800447,0.915452,0.0,24.0,6.0,linear
19,270659,12275,1,0.820111,0.932368,0.0,24.0,6.0,linear
20,264415,9590,1,0.839496,0.944078,0.0,24.0,6.0,linear
21,258085,7485,1,0.859228,0.952819,0.0,24.0,6.0,linear
22,251164,6015,1,0.878003,0.960644,0.0,24.0,6.0,linear
23,245859,4869,1,0.895557,0.967027,0.0,24.0,6.0,linear
24,240253,4036,1,0.91112,0.972518,0.0,24.0,6.0,linear
25,236227,3284,1,0.925163,0.97801,0.0,24.0,6.0,linear
26,233010,2597,1,0.936862,0.982736,0.0,24.0,6.0,linear
27,229838,1975,1,0.948432,0.987251,0.0,24.0,6.0,linear
28,227768,1402,1,0.957969,0.990693,0.0,24.0,6.0,linear
29,225205,1005,1,0.968164,0.993452,0.0,24.0,6.0,linear
30,222821,677,1,0.97628,0.995551,0.0,24.0,6.0,linear
31,220926,440,1,0.982817,0.997116,0.0,24.0,6.0,linear
32,219771,280,1,0.988441,0.99821,0.0,24.0,6.0,linear
33,218911,174,1,0.992555,0.998926,0.0,24.0,6.0,linear
34,217729,110,1,0.995113,0.99934,0.0,24.0,6.0,linear
35,216721,57,1,0.996877,0.999691,0.0,24.0,6.0,linear
36,216621,28,1,0.998206,0.999852,0.0,24.0,6.0,linear
37,217019,14,1,0.998918,0.999936,0.0,24.0,6.0,linear
38,216915,6,1,0.999327,0.999972,0.0,24.0,6.0,linear
39,216585,0,1,0.999709,1.0,0.0,24.0,6.0,linear

