generation,size,female_size,fertile_female_size,rate_dr,rate_has_drive,drive_efficiency,drop_ratio,low_density_growth_rate,density_growth_curve
1,78389,49226,1,0.0,0.0,0.0,32.0,5.0,linear
2,78324,49226,1,0.0,0.0,0.0,32.0,5.0,linear
3,79619,49967,1,0.0,0.0,0.0,32.0,5.0,linear
4,79932,50487,1,0.0,0.0,0.0,32.0,5.0,linear
5,78861,50146,1,0.0,0.0,0.0,32.0,5.0,linear
6,78662,50229,1,0.0,0.0,0.0,32.0,5.0,linear
7,78337,50041,1,0.0,0.0,0.0,32.0,5.0,linear
8,78253,49831,1,0.0,0.0,0.0,32.0,5.0,linear
9,78682,49832,1,0.0,0.0,0.0,32.0,5.0,linear
10,79264,50329,1,0.0,0.0,0.0,32.0,5.0,linear
11,272274,50291,1,0.642722,0.642722,0.0,32.0,5.0,linear
12,367489,49927,1,0.740434,0.750448,0.0,32.0,5.0,linear
13,363369,45836,1,0.760725,0.783965,0.0,32.0,5.0,linear
14,357306,39283,1,0.780571,0.82118,0.0,32.0,5.0,linear
15,352913,32905,1,0.797927,0.857444,0.0,32.0,5.0,linear
16,350103,26145,1,0.816367,0.890893,0.0,32.0,5.0,linear
17,346291,19668,1,0.835764,0.920812,0.0,32.0,5.0,linear
18,340752,13954,1,0.85618,0.943278,0.0,32.0,5.0,linear
19,335054,9818,1,0.877004,0.958022,0.0,32.0,5.0,linear
20,328318,7059,1,0.896831,0.968285,0.0,32.0,5.0,linear
21,320165,4992,1,0.916703,0.976676,0.0,32.0,5.0,linear
22,312622,3501,1,0.934938,0.982764,0.0,32.0,5.0,linear
23,306375,2548,1,0.950307,0.987347,0.0,32.0,5.0,linear
24,301804,1839,1,0.962766,0.99095,0.0,32.0,5.0,linear
25,298844,1323,1,0.97242,0.993611,0.0,32.0,5.0,linear
26,296045,868,1,0.97984,0.99577,0.0,32.0,5.0,linear
27,294678,532,1,0.986012,0.997435,0.0,32.0,5.0,linear
28,292504,350,1,0.990799,0.998448,0.0,32.0,5.0,linear
29,291410,199,1,0.994119,0.999118,0.0,32.0,5.0,linear
30,290709,106,1,0.996404,0.999557,0.0,32.0,5.0,linear
31,289582,57,1,0.997823,0.999776,0.0,32.0,5.0,linear
32,289224,30,1,0.998773,0.999886,0.0,32.0,5.0,linear
33,289169,14,1,0.999388,0.999952,0.0,32.0,5.0,linear
34,289156,3,1,0.999692,0.99999,0.0,32.0,5.0,linear
35,288055,1,1,0.999844,0.999997,0.0,32.0,5.0,linear
36,288533,0,1,0.999924,1.0,0.0,32.0,5.0,linear

