generation,size,female_size,fertile_female_size,rate_dr,rate_has_drive,drive_efficiency,drop_ratio,low_density_growth_rate,density_growth_curve
1,78686,49517,1,0.0,0.0,0.0,20.0,6.0,linear
2,78009,49183,1,0.0,0.0,0.0,20.0,6.0,linear
3,79110,49837,1,0.0,0.0,0.0,20.0,6.0,linear
4,80598,50703,1,0.0,0.0,0.0,20.0,6.0,linear
5,78817,50052,1,0.0,0.0,0.0,20.0,6.0,linear
6,77661,49660,1,0.0,0.0,0.0,20.0,6.0,linear
7,77607,49662,1,0.0,0.0,0.0,20.0,6.0,linear
8,78897,50142,1,0.0,0.0,0.0,20.0,6.0,linear
9,78344,49899,1,0.0,0.0,0.0,20.0,6.0,linear
10,78337,50009,1,0.0,0.0,0.0,20.0,6.0,linear
11,199253,50353,1,0.529388,0.529388,0.0,20.0,6.0,linear
12,258114,49647,1,0.640443,0.653611,0.0,20.0,6.0,linear
13,255005,45948,1,0.665701,0.696382,0.0,20.0,6.0,linear
14,249746,40075,1,0.689095,0.744289,0.0,20.0,6.0,linear
15,247288,34279,1,0.709265,0.790756,0.0,20.0,6.0,linear
16,245571,28299,1,0.728841,0.832696,0.0,20.0,6.0,linear
17,243234,22310,1,0.748726,0.870215,0.0,20.0,6.0,linear
18,240878,17094,1,0.769046,0.896685,0.0,20.0,6.0,linear
19,235713,13471,1,0.787967,0.914352,0.0,20.0,6.0,linear
20,230445,10706,1,0.807595,0.92733,0.0,20.0,6.0,linear
21,224436,8684,1,0.828123,0.93787,0.0,20.0,6.0,linear
22,218079,7033,1,0.848063,0.947535,0.0,20.0,6.0,linear
23,212690,5838,1,0.865456,0.955269,0.0,20.0,6.0,linear
24,207850,4813,1,0.883043,0.962487,0.0,20.0,6.0,linear
25,203819,3904,1,0.897728,0.968697,0.0,20.0,6.0,linear
26,200017,3172,1,0.913613,0.974508,0.0,20.0,6.0,linear
27,196371,2436,1,0.926609,0.979928,0.0,20.0,6.0,linear
28,193616,1884,1,0.940174,0.984432,0.0,20.0,6.0,linear
29,190755,1453,1,0.951386,0.987896,0.0,20.0,6.0,linear
30,188760,1100,1,0.961511,0.991063,0.0,20.0,6.0,linear
31,186429,787,1,0.970436,0.993658,0.0,20.0,6.0,linear
32,185167,554,1,0.97785,0.99553,0.0,20.0,6.0,linear
33,184206,388,1,0.983723,0.997093,0.0,20.0,6.0,linear
34,183127,244,1,0.988826,0.998199,0.0,20.0,6.0,linear
35,182801,146,1,0.992321,0.998971,0.0,20.0,6.0,linear
36,182067,83,1,0.995051,0.999491,0.0,20.0,6.0,linear
37,180798,37,1,0.996793,0.999724,0.0,20.0,6.0,linear
38,180720,22,1,0.998062,0.999856,0.0,20.0,6.0,linear
39,180910,9,1,0.998983,0.999934,0.0,20.0,6.0,linear
40,180273,5,1,0.999484,0.999967,0.0,20.0,6.0,linear
41,180304,2,1,0.999786,0.999989,0.0,20.0,6.0,linear
42,180110,1,1,0.999897,0.999994,0.0,20.0,6.0,linear
43,180470,1,1,0.999931,0.999994,0.0,20.0,6.0,linear
44,180355,0,1,0.999981,1.0,0.0,20.0,6.0,linear

