generation,size,female_size,fertile_female_size,rate_dr,rate_has_drive,drive_efficiency,drop_ratio,low_density_growth_rate,density_growth_curve
1,77688,48689,1,0.0,0.0,0.0,28.0,8.0,linear
2,77815,48868,1,0.0,0.0,0.0,28.0,8.0,linear
3,83308,51928,1,0.0,0.0,0.0,28.0,8.0,linear
4,81546,51566,1,0.0,0.0,0.0,28.0,8.0,linear
5,75880,49017,1,0.0,0.0,0.0,28.0,8.0,linear
6,76061,49080,1,0.0,0.0,0.0,28.0,8.0,linear
7,80749,51125,1,0.0,0.0,0.0,28.0,8.0,linear
8,80342,50716,1,0.0,0.0,0.0,28.0,8.0,linear
9,76338,48763,1,0.0,0.0,0.0,28.0,8.0,linear
10,76564,49049,1,0.0,0.0,0.0,28.0,8.0,linear
11,248623,50525,1,0.607339,0.607339,0.0,28.0,8.0,linear
12,332177,50249,1,0.712403,0.723698,0.0,28.0,8.0,linear
13,326534,45547,1,0.737428,0.763919,0.0,28.0,8.0,linear
14,320449,39256,1,0.752097,0.802855,0.0,28.0,8.0,linear
15,320293,34081,1,0.762718,0.837933,0.0,28.0,8.0,linear
16,321650,27945,1,0.775956,0.871862,0.0,28.0,8.0,linear
17,321318,21772,1,0.789608,0.902806,0.0,28.0,8.0,linear
18,319554,16510,1,0.804857,0.924908,0.0,28.0,8.0,linear
19,316909,12918,1,0.820449,0.939094,0.0,28.0,8.0,linear
20,309950,10255,1,0.836235,0.948467,0.0,28.0,8.0,linear
21,303067,8232,1,0.852693,0.955352,0.0,28.0,8.0,linear
22,296583,6781,1,0.868717,0.960966,0.0,28.0,8.0,linear
23,289832,5687,1,0.882879,0.965818,0.0,28.0,8.0,linear
24,285584,4960,1,0.896317,0.97016,0.0,28.0,8.0,linear
25,280857,4224,1,0.90801,0.974915,0.0,28.0,8.0,linear
26,276614,3540,1,0.919377,0.979084,0.0,28.0,8.0,linear
27,273350,2881,1,0.929772,0.982614,0.0,28.0,8.0,linear
28,270571,2346,1,0.939324,0.986098,0.0,28.0,8.0,linear
29,268228,1871,1,0.948555,0.988997,0.0,28.0,8.0,linear
30,265889,1473,1,0.957291,0.991318,0.0,28.0,8.0,linear
31,263397,1142,1,0.964996,0.993269,0.0,28.0,8.0,linear
32,260992,862,1,0.971822,0.995076,0.0,28.0,8.0,linear
33,259475,604,1,0.978845,0.996689,0.0,28.0,8.0,linear
34,257923,404,1,0.984263,0.997786,0.0,28.0,8.0,linear
35,256781,264,1,0.988892,0.998499,0.0,28.0,8.0,linear
36,254892,186,1,0.992109,0.998864,0.0,28.0,8.0,linear
37,254053,134,1,0.994169,0.999177,0.0,28.0,8.0,linear
38,253237,98,1,0.996191,0.999448,0.0,28.0,8.0,linear
39,254131,69,1,0.997344,0.999654,0.0,28.0,8.0,linear
40,253546,40,1,0.998107,0.999815,0.0,28.0,8.0,linear
41,252860,25,1,0.998895,0.999893,0.0,28.0,8.0,linear
42,252603,10,1,0.99926,0.99996,0.0,28.0,8.0,linear
43,252997,6,1,0.999607,0.999976,0.0,28.0,8.0,linear
44,252479,2,1,0.999733,0.999992,0.0,28.0,8.0,linear
45,252411,0,1,0.999877,1.0,0.0,28.0,8.0,linear

