generation,size,female_size,fertile_female_size,rate_dr,rate_has_drive,drive_efficiency,drop_ratio,low_density_growth_rate,density_growth_curve
1,78355,49019,1,0.0,0.0,0.0,16.0,4.0,linear
2,78181,48996,1,0.0,0.0,0.0,16.0,4.0,linear
3,79243,49700,1,0.0,0.0,0.0,16.0,4.0,linear
4,78954,49681,1,0.0,0.0,0.0,16.0,4.0,linear
5,78811,49903,1,0.0,0.0,0.0,16.0,4.0,linear
6,79360,50512,1,0.0,0.0,0.0,16.0,4.0,linear
7,79424,50473,1,0.0,0.0,0.0,16.0,4.0,linear
8,78211,49827,1,0.0,0.0,0.0,16.0,4.0,linear
9,77761,49519,1,0.0,0.0,0.0,16.0,4.0,linear
10,78079,49763,1,0.0,0.0,0.0,16.0,4.0,linear
11,174756,49844,1,0.473161,0.473161,0.0,16.0,4.0,linear
12,222946,49738,1,0.587358,0.60184,0.0,16.0,4.0,linear
13,219297,46391,1,0.613818,0.647968,0.0,16.0,4.0,linear
14,213714,40658,1,0.645313,0.702215,0.0,16.0,4.0,linear
15,208438,34235,1,0.675265,0.756889,0.0,16.0,4.0,linear
16,204882,28019,1,0.703884,0.805645,0.0,16.0,4.0,linear
17,200195,21750,1,0.732033,0.847642,0.0,16.0,4.0,linear
18,194786,16373,1,0.760336,0.880849,0.0,16.0,4.0,linear
19,188769,12278,1,0.787787,0.905088,0.0,16.0,4.0,linear
20,182733,9248,1,0.815123,0.923216,0.0,16.0,4.0,linear
21,176063,7062,1,0.843157,0.938449,0.0,16.0,4.0,linear
22,169628,5377,1,0.868568,0.950733,0.0,16.0,4.0,linear
23,164520,4190,1,0.890783,0.960366,0.0,16.0,4.0,linear
24,160798,3245,1,0.9111,0.96938,0.0,16.0,4.0,linear
25,157882,2440,1,0.92816,0.976472,0.0,16.0,4.0,linear
26,154700,1781,1,0.943129,0.98291,0.0,16.0,4.0,linear
27,152251,1220,1,0.95733,0.988358,0.0,16.0,4.0,linear
28,149902,850,1,0.968356,0.992115,0.0,16.0,4.0,linear
29,148777,559,1,0.977514,0.994934,0.0,16.0,4.0,linear
30,147174,327,1,0.984842,0.99701,0.0,16.0,4.0,linear
31,146605,187,1,0.990156,0.998317,0.0,16.0,4.0,linear
32,145338,111,1,0.993936,0.999074,0.0,16.0,4.0,linear
33,144907,54,1,0.996417,0.999566,0.0,16.0,4.0,linear
34,144710,27,1,0.997939,0.999807,0.0,16.0,4.0,linear
35,144370,12,1,0.998875,0.99991,0.0,16.0,4.0,linear
36,144730,7,1,0.999485,0.999952,0.0,16.0,4.0,linear
37,144819,3,1,0.999762,0.999979,0.0,16.0,4.0,linear
38,144085,1,1,0.999892,0.999993,0.0,16.0,4.0,linear
39,144418,1,1,0.999931,0.999993,0.0,16.0,4.0,linear
40,144232,0,1,0.999962,1.0,0.0,16.0,4.0,linear

