generation,size,female_size,fertile_female_size,rate_dr,rate_has_drive,drive_efficiency,drop_ratio,low_density_growth_rate,density_growth_curve
1,78183,49200,1,0.0,0.0,0.0,24.0,8.0,linear
2,78034,49363,1,0.0,0.0,0.0,24.0,8.0,linear
3,80908,51023,1,0.0,0.0,0.0,24.0,8.0,linear
4,79417,50367,1,0.0,0.0,0.0,24.0,8.0,linear
5,76973,49253,1,0.0,0.0,0.0,24.0,8.0,linear
6,76618,49158,1,0.0,0.0,0.0,24.0,8.0,linear
7,80166,50636,1,0.0,0.0,0.0,24.0,8.0,linear
8,80946,50883,1,0.0,0.0,0.0,24.0,8.0,linear
9,77857,49578,1,0.0,0.0,0.0,24.0,8.0,linear
10,77035,49490,1,0.0,0.0,0.0,24.0,8.0,linear
11,223503,50520,1,0.570699,0.570699,0.0,24.0,8.0,linear
12,296583,50601,1,0.681639,0.693383,0.0,24.0,8.0,linear
13,289931,45924,1,0.707485,0.735483,0.0,24.0,8.0,linear
14,283027,39319,1,0.724274,0.77867,0.0,24.0,8.0,linear
15,284363,33806,1,0.737223,0.818842,0.0,24.0,8.0,linear
16,286332,28419,1,0.749897,0.854488,0.0,24.0,8.0,linear
17,285388,22343,1,0.764711,0.887254,0.0,24.0,8.0,linear
18,283380,17265,1,0.779865,0.910939,0.0,24.0,8.0,linear
19,280881,13847,1,0.795057,0.925203,0.0,24.0,8.0,linear
20,276063,11291,1,0.809997,0.934738,0.0,24.0,8.0,linear
21,269658,9477,1,0.825149,0.941194,0.0,24.0,8.0,linear
22,263575,8284,1,0.838778,0.946316,0.0,24.0,8.0,linear
23,258714,7289,1,0.852205,0.952109,0.0,24.0,8.0,linear
24,254570,6458,1,0.864434,0.957368,0.0,24.0,8.0,linear
25,250840,5528,1,0.875755,0.961842,0.0,24.0,8.0,linear
26,247209,4803,1,0.887647,0.967322,0.0,24.0,8.0,linear
27,243706,4062,1,0.899183,0.972026,0.0,24.0,8.0,linear
28,239954,3346,1,0.911626,0.97734,0.0,24.0,8.0,linear
29,236952,2639,1,0.923084,0.981959,0.0,24.0,8.0,linear
30,234197,2103,1,0.935486,0.985578,0.0,24.0,8.0,linear
31,231599,1657,1,0.945263,0.988328,0.0,24.0,8.0,linear
32,228030,1246,1,0.955354,0.990955,0.0,24.0,8.0,linear
33,225626,1004,1,0.963869,0.992823,0.0,24.0,8.0,linear
34,223430,747,1,0.971947,0.994976,0.0,24.0,8.0,linear
35,222576,529,1,0.97819,0.996526,0.0,24.0,8.0,linear
36,220784,374,1,0.983417,0.997638,0.0,24.0,8.0,linear
37,219812,249,1,0.988157,0.998509,0.0,24.0,8.0,linear
38,219402,152,1,0.992015,0.99912,0.0,24.0,8.0,linear
39,217774,93,1,0.994896,0.999483,0.0,24.0,8.0,linear
40,217452,56,1,0.996743,0.999706,0.0,24.0,8.0,linear
41,217550,30,1,0.99793,0.999853,0.0,24.0,8.0,linear
42,216991,15,1,0.998786,0.999931,0.0,24.0,8.0,linear
43,216635,5,1,0.999222,0.999977,0.0,24.0,8.0,linear
44,216870,1,1,0.999567,0.999995,0.0,24.0,8.0,linear
45,216290,0,1,0.999843,1.0,0.0,24.0,8.0,linear

