generation,size,female_size,fertile_female_size,rate_dr,rate_has_drive,drive_efficiency,drop_ratio,low_density_growth_rate,density_growth_curve
1,78474,49305,1,0.0,0.0,0.0,24.0,2.0,linear
2,78275,49110,1,0.0,0.0,0.0,24.0,2.0,linear
3,78324,49466,1,0.0,0.0,0.0,24.0,2.0,linear
4,78260,49484,1,0.0,0.0,0.0,24.0,2.0,linear
5,78149,49424,1,0.0,0.0,0.0,24.0,2.0,linear
6,78498,49937,1,0.0,0.0,0.0,24.0,2.0,linear
7,78816,50091,1,0.0,0.0,0.0,24.0,2.0,linear
8,78502,49801,1,0.0,0.0,0.0,24.0,2.0,linear
9,78714,49947,1,0.0,0.0,0.0,24.0,2.0,linear
10,78663,50146,1,0.0,0.0,0.0,24.0,2.0,linear
11,222985,50280,1,0.573526,0.573526,0.0,24.0,2.0,linear
12,295903,50300,1,0.681016,0.693033,0.0,24.0,2.0,linear
13,291275,46302,1,0.705042,0.732842,0.0,24.0,2.0,linear
14,284425,39801,1,0.736386,0.780139,0.0,24.0,2.0,linear
15,277333,32447,1,0.769882,0.827551,0.0,24.0,2.0,linear
16,268934,24810,1,0.804589,0.871161,0.0,24.0,2.0,linear
17,260047,17643,1,0.83952,0.908782,0.0,24.0,2.0,linear
18,251576,11682,1,0.87364,0.938199,0.0,24.0,2.0,linear
19,243146,7451,1,0.904503,0.959192,0.0,24.0,2.0,linear
20,236047,4681,1,0.931178,0.973519,0.0,24.0,2.0,linear
21,229725,2840,1,0.953044,0.983334,0.0,24.0,2.0,linear
22,225307,1753,1,0.968981,0.989537,0.0,24.0,2.0,linear
23,222233,1038,1,0.979783,0.993715,0.0,24.0,2.0,linear
24,220345,650,1,0.987421,0.996245,0.0,24.0,2.0,linear
25,219038,365,1,0.992194,0.997857,0.0,24.0,2.0,linear
26,217417,208,1,0.995424,0.998825,0.0,24.0,2.0,linear
27,217429,104,1,0.997466,0.999416,0.0,24.0,2.0,linear
28,217140,44,1,0.998637,0.999728,0.0,24.0,2.0,linear
29,216738,20,1,0.999315,0.999894,0.0,24.0,2.0,linear
30,216319,11,1,0.999688,0.999949,0.0,24.0,2.0,linear
31,216890,7,1,0.999836,0.999968,0.0,24.0,2.0,linear
32,216986,2,1,0.999949,0.999991,0.0,24.0,2.0,linear
33,216503,1,1,0.999979,0.999995,0.0,24.0,2.0,linear
34,216415,0,1,0.999988,1.0,0.0,24.0,2.0,linear

