generation,size,female_size,fertile_female_size,rate_dr,rate_has_drive,drive_efficiency,drop_ratio,low_density_growth_rate,density_growth_curve
1,78045,49177,1,0.0,0.0,0.0,38.0,10.0,linear
2,78052,49283,1,0.0,0.0,0.0,38.0,10.0,linear
3,82679,51712,1,0.0,0.0,0.0,38.0,10.0,linear
4,80583,50908,1,0.0,0.0,0.0,38.0,10.0,linear
5,72662,47182,1,0.0,0.0,0.0,38.0,10.0,linear
6,76981,49246,1,0.0,0.0,0.0,38.0,10.0,linear
7,86326,53406,1,0.0,0.0,0.0,38.0,10.0,linear
8,81953,51361,1,0.0,0.0,0.0,38.0,10.0,linear
9,68342,45088,1,0.0,0.0,0.0,38.0,10.0,linear
10,76831,49383,1,0.0,0.0,0.0,38.0,10.0,linear
11,320168,56313,1,0.672692,0.672692,0.0,38.0,10.0,linear
12,423318,50357,1,0.798608,0.802015,0.0,38.0,10.0,linear
13,400219,38412,1,0.798436,0.826822,0.0,38.0,10.0,linear
14,410450,37600,1,0.793719,0.841493,0.0,38.0,10.0,linear
15,420319,35414,1,0.795839,0.863112,0.0,38.0,10.0,linear
16,421644,29071,1,0.805658,0.889759,0.0,38.0,10.0,linear
17,418003,22813,1,0.818948,0.919691,0.0,38.0,10.0,linear
18,417535,18082,1,0.83096,0.938558,0.0,38.0,10.0,linear
19,414300,14244,1,0.840837,0.950073,0.0,38.0,10.0,linear
20,409640,10663,1,0.854515,0.959107,0.0,38.0,10.0,linear
21,402451,8392,1,0.868744,0.964624,0.0,38.0,10.0,linear
22,395494,7108,1,0.882932,0.969043,0.0,38.0,10.0,linear
23,387659,6106,1,0.895064,0.972637,0.0,38.0,10.0,linear
24,381846,5393,1,0.905738,0.975633,0.0,38.0,10.0,linear
25,377452,4612,1,0.915061,0.979045,0.0,38.0,10.0,linear
26,373597,3919,1,0.923876,0.982354,0.0,38.0,10.0,linear
27,371010,3285,1,0.931853,0.984947,0.0,38.0,10.0,linear
28,367709,2746,1,0.940679,0.987675,0.0,38.0,10.0,linear
29,364818,2189,1,0.948652,0.990132,0.0,38.0,10.0,linear
30,360871,1732,1,0.957126,0.992371,0.0,38.0,10.0,linear
31,358049,1307,1,0.964931,0.994388,0.0,38.0,10.0,linear
32,354344,925,1,0.972245,0.995923,0.0,38.0,10.0,linear
33,351786,699,1,0.979087,0.997038,0.0,38.0,10.0,linear
34,349974,477,1,0.983893,0.998039,0.0,38.0,10.0,linear
35,348103,309,1,0.988182,0.998726,0.0,38.0,10.0,linear
36,346138,207,1,0.99179,0.999218,0.0,38.0,10.0,linear
37,346060,127,1,0.994498,0.999548,0.0,38.0,10.0,linear
38,343962,64,1,0.996382,0.999782,0.0,38.0,10.0,linear
39,343705,31,1,0.997919,0.999907,0.0,38.0,10.0,linear
40,343224,13,1,0.998866,0.999962,0.0,38.0,10.0,linear
41,343332,5,1,0.999386,0.999985,0.0,38.0,10.0,linear
42,342836,1,1,0.999732,0.999997,0.0,38.0,10.0,linear
43,342999,0,1,0.999914,1.0,0.0,38.0,10.0,linear

