generation,size,female_size,fertile_female_size,rate_dr,rate_has_drive,drive_efficiency,drop_ratio,low_density_growth_rate,density_growth_curve
1,77864,48992,1,0.0,0.0,0.0,36.0,5.0,linear
2,77952,49174,1,0.0,0.0,0.0,36.0,5.0,linear
3,79647,50066,1,0.0,0.0,0.0,36.0,5.0,linear
4,79522,50251,1,0.0,0.0,0.0,36.0,5.0,linear
5,79621,50496,1,0.0,0.0,0.0,36.0,5.0,linear
6,78619,50183,1,0.0,0.0,0.0,36.0,5.0,linear
7,78339,50083,1,0.0,0.0,0.0,36.0,5.0,linear
8,78349,50057,1,0.0,0.0,0.0,36.0,5.0,linear
9,77657,49655,1,0.0,0.0,0.0,36.0,5.0,linear
10,78379,49986,1,0.0,0.0,0.0,36.0,5.0,linear
11,294993,49973,1,0.66802,0.66802,0.0,36.0,5.0,linear
12,402992,50113,1,0.760829,0.770415,0.0,36.0,5.0,linear
13,398969,45949,1,0.781292,0.803018,0.0,36.0,5.0,linear
14,392625,39159,1,0.800269,0.838462,0.0,36.0,5.0,linear
15,388452,32500,1,0.817396,0.872556,0.0,36.0,5.0,linear
16,385541,25594,1,0.834387,0.903686,0.0,36.0,5.0,linear
17,381702,19008,1,0.852375,0.930842,0.0,36.0,5.0,linear
18,375984,12878,1,0.872424,0.952127,0.0,36.0,5.0,linear
19,369780,8885,1,0.893309,0.966153,0.0,36.0,5.0,linear
20,361856,6179,1,0.913235,0.975884,0.0,36.0,5.0,linear
21,353229,4124,1,0.931978,0.982928,0.0,36.0,5.0,linear
22,346114,2760,1,0.949186,0.987871,0.0,36.0,5.0,linear
23,340742,1915,1,0.96296,0.991546,0.0,36.0,5.0,linear
24,335524,1311,1,0.973678,0.994315,0.0,36.0,5.0,linear
25,332129,872,1,0.981543,0.996369,0.0,36.0,5.0,linear
26,329679,543,1,0.987588,0.997771,0.0,36.0,5.0,linear
27,327616,321,1,0.991653,0.998697,0.0,36.0,5.0,linear
28,327143,191,1,0.994509,0.999195,0.0,36.0,5.0,linear
29,326339,114,1,0.996531,0.999541,0.0,36.0,5.0,linear
30,325435,54,1,0.997997,0.999791,0.0,36.0,5.0,linear
31,325057,35,1,0.998882,0.999855,0.0,36.0,5.0,linear
32,324923,22,1,0.999349,0.999917,0.0,36.0,5.0,linear
33,324930,12,1,0.999658,0.999957,0.0,36.0,5.0,linear
34,324423,7,1,0.99984,0.999978,0.0,36.0,5.0,linear
35,324644,4,1,0.999892,0.999988,0.0,36.0,5.0,linear
36,325033,2,1,0.999931,0.999994,0.0,36.0,5.0,linear
37,324761,2,1,0.999948,0.999994,0.0,36.0,5.0,linear
38,324475,0,1,0.999977,1.0,0.0,36.0,5.0,linear

