generation,size,female_size,fertile_female_size,rate_dr,rate_has_drive,drive_efficiency,drop_ratio,low_density_growth_rate,density_growth_curve
1,77968,49029,1,0.0,0.0,0.0,38.0,10.0,linear
2,78058,49150,1,0.0,0.0,0.0,38.0,10.0,linear
3,83076,51800,1,0.0,0.0,0.0,38.0,10.0,linear
4,82880,51950,1,0.0,0.0,0.0,38.0,10.0,linear
5,73378,47771,1,0.0,0.0,0.0,38.0,10.0,linear
6,72476,47334,1,0.0,0.0,0.0,38.0,10.0,linear
7,83448,52403,1,0.0,0.0,0.0,38.0,10.0,linear
8,84898,52757,1,0.0,0.0,0.0,38.0,10.0,linear
9,71661,46630,1,0.0,0.0,0.0,38.0,10.0,linear
10,71621,46944,1,0.0,0.0,0.0,38.0,10.0,linear
11,316717,54840,1,0.663197,0.663197,0.0,38.0,10.0,linear
12,429305,53658,1,0.787985,0.791275,0.0,38.0,10.0,linear
13,403604,40795,1,0.808721,0.83102,0.0,38.0,10.0,linear
14,401837,35249,1,0.801418,0.852485,0.0,38.0,10.0,linear
15,416205,33497,1,0.803735,0.872642,0.0,38.0,10.0,linear
16,418983,27509,1,0.808837,0.89688,0.0,38.0,10.0,linear
17,417625,21065,1,0.82166,0.924316,0.0,38.0,10.0,linear
18,415463,16373,1,0.833977,0.942499,0.0,38.0,10.0,linear
19,413944,13361,1,0.845282,0.953115,0.0,38.0,10.0,linear
20,407869,10170,1,0.857493,0.961113,0.0,38.0,10.0,linear
21,400562,7893,1,0.871592,0.966692,0.0,38.0,10.0,linear
22,393665,6629,1,0.885843,0.970774,0.0,38.0,10.0,linear
23,387265,5778,1,0.897847,0.973933,0.0,38.0,10.0,linear
24,380566,5133,1,0.908531,0.977067,0.0,38.0,10.0,linear
25,376569,4284,1,0.917852,0.980733,0.0,38.0,10.0,linear
26,373099,3498,1,0.927471,0.98418,0.0,38.0,10.0,linear
27,369047,2867,1,0.937461,0.98737,0.0,38.0,10.0,linear
28,364499,2229,1,0.947349,0.990617,0.0,38.0,10.0,linear
29,361342,1658,1,0.95634,0.99316,0.0,38.0,10.0,linear
30,357321,1211,1,0.965366,0.994922,0.0,38.0,10.0,linear
31,353820,867,1,0.973092,0.996335,0.0,38.0,10.0,linear
32,351303,609,1,0.979936,0.997385,0.0,38.0,10.0,linear
33,348684,409,1,0.98507,0.998262,0.0,38.0,10.0,linear
34,346971,273,1,0.989628,0.998894,0.0,38.0,10.0,linear
35,346636,165,1,0.992725,0.999377,0.0,38.0,10.0,linear
36,345136,94,1,0.995274,0.999627,0.0,38.0,10.0,linear
37,344036,63,1,0.997081,0.999762,0.0,38.0,10.0,linear
38,343424,31,1,0.998257,0.999881,0.0,38.0,10.0,linear
39,343437,14,1,0.998845,0.999945,0.0,38.0,10.0,linear
40,343832,6,1,0.99934,0.999974,0.0,38.0,10.0,linear
41,343117,3,1,0.999633,0.999991,0.0,38.0,10.0,linear
42,343079,2,1,0.999846,0.999994,0.0,38.0,10.0,linear
43,342722,0,1,0.999942,1.0,0.0,38.0,10.0,linear

