generation,size,female_size,fertile_female_size,rate_dr,rate_has_drive,drive_efficiency,drop_ratio,low_density_growth_rate,density_growth_curve
1,78293,49310,1,0.0,0.0,0.0,26.0,5.0,linear
2,78214,49406,1,0.0,0.0,0.0,26.0,5.0,linear
3,79170,50063,1,0.0,0.0,0.0,26.0,5.0,linear
4,78911,49920,1,0.0,0.0,0.0,26.0,5.0,linear
5,79083,49973,1,0.0,0.0,0.0,26.0,5.0,linear
6,78448,49898,1,0.0,0.0,0.0,26.0,5.0,linear
7,79232,50398,1,0.0,0.0,0.0,26.0,5.0,linear
8,78886,50194,1,0.0,0.0,0.0,26.0,5.0,linear
9,78001,49637,1,0.0,0.0,0.0,26.0,5.0,linear
10,77753,49512,1,0.0,0.0,0.0,26.0,5.0,linear
11,234806,49666,1,0.5923,0.5923,0.0,26.0,5.0,linear
12,313473,50053,1,0.696947,0.708547,0.0,26.0,5.0,linear
13,308851,46030,1,0.721908,0.748647,0.0,26.0,5.0,linear
14,302068,39326,1,0.744804,0.792482,0.0,26.0,5.0,linear
15,298325,32998,1,0.765016,0.832817,0.0,26.0,5.0,linear
16,296122,26750,1,0.78453,0.870272,0.0,26.0,5.0,linear
17,292481,20209,1,0.805592,0.903656,0.0,26.0,5.0,linear
18,287583,14542,1,0.828046,0.929393,0.0,26.0,5.0,linear
19,281662,10629,1,0.850836,0.946453,0.0,26.0,5.0,linear
20,274503,7788,1,0.873449,0.958834,0.0,26.0,5.0,linear
21,267532,5626,1,0.894886,0.967913,0.0,26.0,5.0,linear
22,260945,4194,1,0.915362,0.975159,0.0,26.0,5.0,linear
23,254859,3098,1,0.931842,0.980619,0.0,26.0,5.0,linear
24,250224,2367,1,0.945913,0.985149,0.0,26.0,5.0,linear
25,246696,1769,1,0.957868,0.98906,0.0,26.0,5.0,linear
26,243478,1310,1,0.96775,0.99202,0.0,26.0,5.0,linear
27,241712,899,1,0.975933,0.994824,0.0,26.0,5.0,linear
28,239257,576,1,0.982508,0.996753,0.0,26.0,5.0,linear
29,238649,360,1,0.987949,0.998007,0.0,26.0,5.0,linear
30,237283,230,1,0.992244,0.998795,0.0,26.0,5.0,linear
31,235956,134,1,0.995088,0.999332,0.0,26.0,5.0,linear
32,235726,78,1,0.997104,0.99961,0.0,26.0,5.0,linear
33,235470,44,1,0.998267,0.999788,0.0,26.0,5.0,linear
34,234939,28,1,0.999011,0.999872,0.0,26.0,5.0,linear
35,234757,11,1,0.999423,0.99994,0.0,26.0,5.0,linear
36,234375,7,1,0.999714,0.99997,0.0,26.0,5.0,linear
37,234238,4,1,0.999829,0.999983,0.0,26.0,5.0,linear
38,234631,2,1,0.999911,0.999991,0.0,26.0,5.0,linear
39,234268,1,1,0.999949,0.999996,0.0,26.0,5.0,linear
40,234625,0,1,0.999977,1.0,0.0,26.0,5.0,linear

