generation,size,female_size,fertile_female_size,rate_dr,rate_has_drive,drive_efficiency,drop_ratio,low_density_growth_rate,density_growth_curve
1,77852,49156,1,0.0,0.0,0.0,28.0,4.0,linear
2,77962,49063,1,0.0,0.0,0.0,28.0,4.0,linear
3,79060,49886,1,0.0,0.0,0.0,28.0,4.0,linear
4,79716,50511,1,0.0,0.0,0.0,28.0,4.0,linear
5,79056,50207,1,0.0,0.0,0.0,28.0,4.0,linear
6,78133,49814,1,0.0,0.0,0.0,28.0,4.0,linear
7,78256,49817,1,0.0,0.0,0.0,28.0,4.0,linear
8,78733,50037,1,0.0,0.0,0.0,28.0,4.0,linear
9,78629,50235,1,0.0,0.0,0.0,28.0,4.0,linear
10,79250,50484,1,0.0,0.0,0.0,28.0,4.0,linear
11,247442,50333,1,0.611462,0.611462,0.0,28.0,4.0,linear
12,331372,50073,1,0.714251,0.724996,0.0,28.0,4.0,linear
13,326246,46023,1,0.736324,0.76195,0.0,28.0,4.0,linear
14,319365,39372,1,0.760128,0.803541,0.0,28.0,4.0,linear
15,314611,32466,1,0.783474,0.84489,0.0,28.0,4.0,linear
16,310928,25585,1,0.807091,0.882765,0.0,28.0,4.0,linear
17,305860,18825,1,0.830951,0.915563,0.0,28.0,4.0,linear
18,299509,12934,1,0.855618,0.940278,0.0,28.0,4.0,linear
19,292282,8821,1,0.880623,0.957863,0.0,28.0,4.0,linear
20,285142,6090,1,0.903745,0.969417,0.0,28.0,4.0,linear
21,277238,4138,1,0.924918,0.97779,0.0,28.0,4.0,linear
22,271017,2834,1,0.944137,0.984347,0.0,28.0,4.0,linear
23,265441,1974,1,0.959509,0.989262,0.0,28.0,4.0,linear
24,261962,1362,1,0.971251,0.992741,0.0,28.0,4.0,linear
25,259537,920,1,0.97995,0.995248,0.0,28.0,4.0,linear
26,256745,586,1,0.986239,0.99707,0.0,28.0,4.0,linear
27,254912,354,1,0.990906,0.998271,0.0,28.0,4.0,linear
28,254610,209,1,0.994221,0.999025,0.0,28.0,4.0,linear
29,253539,100,1,0.996379,0.999543,0.0,28.0,4.0,linear
30,254149,47,1,0.998038,0.999792,0.0,28.0,4.0,linear
31,253295,17,1,0.998946,0.999929,0.0,28.0,4.0,linear
32,252970,7,1,0.999468,0.999972,0.0,28.0,4.0,linear
33,253331,2,1,0.999771,0.999992,0.0,28.0,4.0,linear
34,252972,1,1,0.999923,0.999996,0.0,28.0,4.0,linear
35,252432,1,1,0.999966,0.999996,0.0,28.0,4.0,linear
36,252214,0,1,0.999996,1.0,0.0,28.0,4.0,linear

