generation,size,female_size,fertile_female_size,rate_dr,rate_has_drive,drive_efficiency,drop_ratio,low_density_growth_rate,density_growth_curve
1,78472,49242,1,0.0,0.0,0.0,26.0,8.0,linear
2,78273,49365,1,0.0,0.0,0.0,26.0,8.0,linear
3,80272,50596,1,0.0,0.0,0.0,26.0,8.0,linear
4,79837,50489,1,0.0,0.0,0.0,26.0,8.0,linear
5,76876,49213,1,0.0,0.0,0.0,26.0,8.0,linear
6,75819,48788,1,0.0,0.0,0.0,26.0,8.0,linear
7,79957,50650,1,0.0,0.0,0.0,26.0,8.0,linear
8,81736,51587,1,0.0,0.0,0.0,26.0,8.0,linear
9,76950,49204,1,0.0,0.0,0.0,26.0,8.0,linear
10,74532,48045,1,0.0,0.0,0.0,26.0,8.0,linear
11,236182,50685,1,0.582604,0.582604,0.0,26.0,8.0,linear
12,318358,52234,1,0.694796,0.705824,0.0,26.0,8.0,linear
13,309012,45974,1,0.727067,0.751985,0.0,26.0,8.0,linear
14,298393,38328,1,0.742335,0.795633,0.0,26.0,8.0,linear
15,300949,33419,1,0.753396,0.832391,0.0,26.0,8.0,linear
16,303513,27790,1,0.764416,0.865085,0.0,26.0,8.0,linear
17,303287,21666,1,0.778194,0.895919,0.0,26.0,8.0,linear
18,301274,16415,1,0.794826,0.919527,0.0,26.0,8.0,linear
19,298984,13323,1,0.808967,0.932067,0.0,26.0,8.0,linear
20,292875,10914,1,0.823723,0.941521,0.0,26.0,8.0,linear
21,286378,8834,1,0.83926,0.948597,0.0,26.0,8.0,linear
22,279857,7542,1,0.855612,0.954998,0.0,26.0,8.0,linear
23,274405,6491,1,0.86946,0.960307,0.0,26.0,8.0,linear
24,269966,5641,1,0.882603,0.965835,0.0,26.0,8.0,linear
25,265727,4674,1,0.895033,0.971176,0.0,26.0,8.0,linear
26,262062,3851,1,0.906918,0.975846,0.0,26.0,8.0,linear
27,258240,3181,1,0.918465,0.980256,0.0,26.0,8.0,linear
28,254670,2510,1,0.930134,0.984178,0.0,26.0,8.0,linear
29,251071,1929,1,0.941223,0.987324,0.0,26.0,8.0,linear
30,248242,1491,1,0.952181,0.990118,0.0,26.0,8.0,linear
31,245254,1178,1,0.962115,0.992324,0.0,26.0,8.0,linear
32,242956,886,1,0.969994,0.994082,0.0,26.0,8.0,linear
33,241055,671,1,0.97636,0.995733,0.0,26.0,8.0,linear
34,239073,476,1,0.981995,0.996919,0.0,26.0,8.0,linear
35,237799,345,1,0.986209,0.997942,0.0,26.0,8.0,linear
36,237012,238,1,0.990028,0.998662,0.0,26.0,8.0,linear
37,236607,161,1,0.992682,0.999176,0.0,26.0,8.0,linear
38,236278,84,1,0.994805,0.999574,0.0,26.0,8.0,linear
39,236206,48,1,0.99675,0.99978,0.0,26.0,8.0,linear
40,235445,30,1,0.997894,0.999873,0.0,26.0,8.0,linear
41,234549,13,1,0.998743,0.999945,0.0,26.0,8.0,linear
42,234820,5,1,0.999344,0.999979,0.0,26.0,8.0,linear
43,234272,1,1,0.999652,0.999996,0.0,26.0,8.0,linear
44,234472,0,1,0.999861,1.0,0.0,26.0,8.0,linear

