generation,size,female_size,fertile_female_size,rate_dr,rate_has_drive,drive_efficiency,drop_ratio,low_density_growth_rate,density_growth_curve
1,78433,49455,1,0.0,0.0,0.0,32.0,2.0,linear
2,78151,49171,1,0.0,0.0,0.0,32.0,2.0,linear
3,78224,49187,1,0.0,0.0,0.0,32.0,2.0,linear
4,77898,49206,1,0.0,0.0,0.0,32.0,2.0,linear
5,77671,49284,1,0.0,0.0,0.0,32.0,2.0,linear
6,77994,49459,1,0.0,0.0,0.0,32.0,2.0,linear
7,78271,49734,1,0.0,0.0,0.0,32.0,2.0,linear
8,78290,49905,1,0.0,0.0,0.0,32.0,2.0,linear
9,78205,49883,1,0.0,0.0,0.0,32.0,2.0,linear
10,78609,49988,1,0.0,0.0,0.0,32.0,2.0,linear
11,270753,49835,1,0.642768,0.642768,0.0,32.0,2.0,linear
12,367109,49782,1,0.739501,0.749505,0.0,32.0,2.0,linear
13,363371,45955,1,0.76071,0.78441,0.0,32.0,2.0,linear
14,356331,39121,1,0.787854,0.824775,0.0,32.0,2.0,linear
15,348601,31444,1,0.817682,0.865802,0.0,32.0,2.0,linear
16,340167,23665,1,0.848724,0.903154,0.0,32.0,2.0,linear
17,330732,16421,1,0.87903,0.934108,0.0,32.0,2.0,linear
18,321378,10415,1,0.907917,0.95767,0.0,32.0,2.0,linear
19,312894,6423,1,0.932691,0.97326,0.0,32.0,2.0,linear
20,306452,3911,1,0.953176,0.983452,0.0,32.0,2.0,linear
21,300030,2245,1,0.969064,0.990257,0.0,32.0,2.0,linear
22,295622,1227,1,0.980807,0.994448,0.0,32.0,2.0,linear
23,293160,741,1,0.988399,0.996764,0.0,32.0,2.0,linear
24,292103,411,1,0.993087,0.998242,0.0,32.0,2.0,linear
25,291057,215,1,0.99595,0.999064,0.0,32.0,2.0,linear
26,289099,97,1,0.997818,0.999571,0.0,32.0,2.0,linear
27,288940,57,1,0.998831,0.999765,0.0,32.0,2.0,linear
28,289030,30,1,0.99936,0.999882,0.0,32.0,2.0,linear
29,288810,10,1,0.999687,0.999965,0.0,32.0,2.0,linear
30,288818,7,1,0.999836,0.999976,0.0,32.0,2.0,linear
31,288648,5,1,0.999912,0.999983,0.0,32.0,2.0,linear
32,288242,3,1,0.999944,0.99999,0.0,32.0,2.0,linear
33,288619,0,1,0.999984,1.0,0.0,32.0,2.0,linear

