generation,size,female_size,fertile_female_size,rate_dr,rate_has_drive,drive_efficiency,drop_ratio,low_density_growth_rate,density_growth_curve
1,78034,48883,1,0.0,0.0,0.0,24.0,6.0,linear
2,77894,48904,1,0.0,0.0,0.0,24.0,6.0,linear
3,79929,50197,1,0.0,0.0,0.0,24.0,6.0,linear
4,81042,51066,1,0.0,0.0,0.0,24.0,6.0,linear
5,79015,50435,1,0.0,0.0,0.0,24.0,6.0,linear
6,77633,49901,1,0.0,0.0,0.0,24.0,6.0,linear
7,77887,49949,1,0.0,0.0,0.0,24.0,6.0,linear
8,79650,50394,1,0.0,0.0,0.0,24.0,6.0,linear
9,79607,50365,1,0.0,0.0,0.0,24.0,6.0,linear
10,77423,49269,1,0.0,0.0,0.0,24.0,6.0,linear
11,222200,49289,1,0.57371,0.57371,0.0,24.0,6.0,linear
12,295783,50137,1,0.678664,0.690459,0.0,24.0,6.0,linear
13,292376,46525,1,0.703854,0.731905,0.0,24.0,6.0,linear
14,284526,39628,1,0.727877,0.778782,0.0,24.0,6.0,linear
15,281054,33483,1,0.74619,0.821406,0.0,24.0,6.0,linear
16,280766,27261,1,0.764308,0.859584,0.0,24.0,6.0,linear
17,279247,21277,1,0.782849,0.89325,0.0,24.0,6.0,linear
18,274481,15566,1,0.802248,0.91781,0.0,24.0,6.0,linear
19,270172,11801,1,0.823318,0.935474,0.0,24.0,6.0,linear
20,264094,9142,1,0.84438,0.947205,0.0,24.0,6.0,linear
21,256333,7149,1,0.863776,0.95559,0.0,24.0,6.0,linear
22,249607,5665,1,0.882371,0.963432,0.0,24.0,6.0,linear
23,244795,4519,1,0.90028,0.97048,0.0,24.0,6.0,linear
24,239634,3527,1,0.915996,0.97637,0.0,24.0,6.0,linear
25,235827,2788,1,0.930175,0.981437,0.0,24.0,6.0,linear
26,231877,2133,1,0.943027,0.985714,0.0,24.0,6.0,linear
27,228615,1584,1,0.953953,0.989382,0.0,24.0,6.0,linear
28,226158,1102,1,0.963659,0.99231,0.0,24.0,6.0,linear
29,223965,814,1,0.973051,0.994669,0.0,24.0,6.0,linear
30,221608,555,1,0.980055,0.996539,0.0,24.0,6.0,linear
31,220498,358,1,0.985804,0.99791,0.0,24.0,6.0,linear
32,218930,223,1,0.990574,0.99876,0.0,24.0,6.0,linear
33,218068,128,1,0.993769,0.999264,0.0,24.0,6.0,linear
34,217654,71,1,0.996057,0.999587,0.0,24.0,6.0,linear
35,216856,35,1,0.997718,0.999774,0.0,24.0,6.0,linear
36,216913,20,1,0.998692,0.999889,0.0,24.0,6.0,linear
37,216621,7,1,0.999352,0.999963,0.0,24.0,6.0,linear
38,216409,5,1,0.999663,0.999977,0.0,24.0,6.0,linear
39,216173,3,1,0.99982,0.999986,0.0,24.0,6.0,linear
40,217263,2,1,0.999899,0.999991,0.0,24.0,6.0,linear
41,217011,1,1,0.999961,0.999995,0.0,24.0,6.0,linear
42,216106,0,1,0.999984,1.0,0.0,24.0,6.0,linear

