generation,size,female_size,fertile_female_size,rate_dr,rate_has_drive,drive_efficiency,drop_ratio,low_density_growth_rate,density_growth_curve
1,78194,49158,1,0.0,0.0,0.0,18.0,3.0,linear
2,78350,49199,1,0.0,0.0,0.0,18.0,3.0,linear
3,78434,49543,1,0.0,0.0,0.0,18.0,3.0,linear
4,79172,50201,1,0.0,0.0,0.0,18.0,3.0,linear
5,79033,50112,1,0.0,0.0,0.0,18.0,3.0,linear
6,78861,50030,1,0.0,0.0,0.0,18.0,3.0,linear
7,78372,49903,1,0.0,0.0,0.0,18.0,3.0,linear
8,78372,49662,1,0.0,0.0,0.0,18.0,3.0,linear
9,78187,49544,1,0.0,0.0,0.0,18.0,3.0,linear
10,78447,49929,1,0.0,0.0,0.0,18.0,3.0,linear
11,186400,49989,1,0.502191,0.502191,0.0,18.0,3.0,linear
12,240895,50067,1,0.614522,0.62803,0.0,18.0,3.0,linear
13,237479,46377,1,0.642245,0.67453,0.0,18.0,3.0,linear
14,231440,40282,1,0.67463,0.727328,0.0,18.0,3.0,linear
15,224702,33416,1,0.706849,0.779956,0.0,18.0,3.0,linear
16,218678,26576,1,0.739759,0.828701,0.0,18.0,3.0,linear
17,212671,19937,1,0.773747,0.871314,0.0,18.0,3.0,linear
18,205674,14311,1,0.805487,0.903669,0.0,18.0,3.0,linear
19,198718,10143,1,0.837413,0.927625,0.0,18.0,3.0,linear
20,191902,7149,1,0.868079,0.945927,0.0,18.0,3.0,linear
21,184738,5074,1,0.894845,0.959562,0.0,18.0,3.0,linear
22,179011,3572,1,0.91929,0.970494,0.0,18.0,3.0,linear
23,174349,2515,1,0.939305,0.9788,0.0,18.0,3.0,linear
24,171334,1782,1,0.955418,0.985021,0.0,18.0,3.0,linear
25,168836,1206,1,0.967674,0.990186,0.0,18.0,3.0,linear
26,166705,768,1,0.977095,0.993598,0.0,18.0,3.0,linear
27,165373,501,1,0.984335,0.995874,0.0,18.0,3.0,linear
28,164111,305,1,0.989515,0.997539,0.0,18.0,3.0,linear
29,163641,165,1,0.993693,0.998684,0.0,18.0,3.0,linear
30,162965,88,1,0.99626,0.999332,0.0,18.0,3.0,linear
31,162367,46,1,0.997859,0.999655,0.0,18.0,3.0,linear
32,162446,24,1,0.998929,0.999834,0.0,18.0,3.0,linear
33,162530,9,1,0.999477,0.999945,0.0,18.0,3.0,linear
34,162630,3,1,0.99972,0.999982,0.0,18.0,3.0,linear
35,162613,0,1,0.99988,1.0,0.0,18.0,3.0,linear

