generation,size,female_size,fertile_female_size,rate_dr,rate_has_drive,drive_efficiency,drop_ratio,low_density_growth_rate,density_growth_curve
1,78616,49274,1,0.0,0.0,0.0,10.0,4.0,linear
2,78596,49322,1,0.0,0.0,0.0,10.0,4.0,linear
3,78541,49823,1,0.0,0.0,0.0,10.0,4.0,linear
4,78788,49958,1,0.0,0.0,0.0,10.0,4.0,linear
5,78960,50092,1,0.0,0.0,0.0,10.0,4.0,linear
6,78715,49971,1,0.0,0.0,0.0,10.0,4.0,linear
7,78457,49965,1,0.0,0.0,0.0,10.0,4.0,linear
8,78703,50156,1,0.0,0.0,0.0,10.0,4.0,linear
9,78946,50330,1,0.0,0.0,0.0,10.0,4.0,linear
10,78662,50225,1,0.0,0.0,0.0,10.0,4.0,linear
11,138767,50177,1,0.360803,0.360803,0.0,10.0,4.0,linear
12,168561,49924,1,0.475197,0.491251,0.0,10.0,4.0,linear
13,165759,46753,1,0.505184,0.543411,0.0,10.0,4.0,linear
14,160096,41531,1,0.537161,0.603335,0.0,10.0,4.0,linear
15,155742,35557,1,0.569797,0.664497,0.0,10.0,4.0,linear
16,152625,29952,1,0.600414,0.719625,0.0,10.0,4.0,linear
17,149173,24486,1,0.629865,0.766779,0.0,10.0,4.0,linear
18,144268,19620,1,0.657224,0.802915,0.0,10.0,4.0,linear
19,139572,15953,1,0.683417,0.829375,0.0,10.0,4.0,linear
20,134387,13353,1,0.70711,0.850584,0.0,10.0,4.0,linear
21,129619,11151,1,0.729273,0.866397,0.0,10.0,4.0,linear
22,124696,9426,1,0.752774,0.882501,0.0,10.0,4.0,linear
23,119744,7869,1,0.774674,0.896906,0.0,10.0,4.0,linear
24,116369,6630,1,0.798458,0.910177,0.0,10.0,4.0,linear
25,112484,5438,1,0.819814,0.923289,0.0,10.0,4.0,linear
26,109533,4427,1,0.843361,0.935944,0.0,10.0,4.0,linear
27,106022,3561,1,0.86508,0.947133,0.0,10.0,4.0,linear
28,103406,2845,1,0.886232,0.957217,0.0,10.0,4.0,linear
29,101443,2182,1,0.905257,0.966519,0.0,10.0,4.0,linear
30,99097,1635,1,0.922374,0.974444,0.0,10.0,4.0,linear
31,96997,1216,1,0.938576,0.981084,0.0,10.0,4.0,linear
32,95453,869,1,0.952323,0.98583,0.0,10.0,4.0,linear
33,94293,611,1,0.964202,0.990353,0.0,10.0,4.0,linear
34,93188,407,1,0.974074,0.993729,0.0,10.0,4.0,linear
35,92484,252,1,0.982028,0.995858,0.0,10.0,4.0,linear
36,91665,177,1,0.98794,0.997354,0.0,10.0,4.0,linear
37,91036,99,1,0.992275,0.998589,0.0,10.0,4.0,linear
38,90710,72,1,0.994603,0.998901,0.0,10.0,4.0,linear
39,90892,51,1,0.996436,0.999319,0.0,10.0,4.0,linear
40,90615,27,1,0.997658,0.999614,0.0,10.0,4.0,linear
41,90781,16,1,0.99847,0.999747,0.0,10.0,4.0,linear
42,90528,6,1,0.999172,0.999923,0.0,10.0,4.0,linear
43,90399,1,1,0.999558,0.999978,0.0,10.0,4.0,linear
44,90070,0,1,0.999828,1.0,0.0,10.0,4.0,linear

