generation,size,female_size,fertile_female_size,rate_dr,rate_has_drive,drive_efficiency,drop_ratio,low_density_growth_rate,density_growth_curve
1,78560,49223,1,0.0,0.0,0.0,22.0,7.0,linear
2,78084,49082,1,0.0,0.0,0.0,22.0,7.0,linear
3,79570,50426,1,0.0,0.0,0.0,22.0,7.0,linear
4,79891,50822,1,0.0,0.0,0.0,22.0,7.0,linear
5,77748,49675,1,0.0,0.0,0.0,22.0,7.0,linear
6,76766,49195,1,0.0,0.0,0.0,22.0,7.0,linear
7,78185,49802,1,0.0,0.0,0.0,22.0,7.0,linear
8,80348,50673,1,0.0,0.0,0.0,22.0,7.0,linear
9,79232,50002,1,0.0,0.0,0.0,22.0,7.0,linear
10,77684,49516,1,0.0,0.0,0.0,22.0,7.0,linear
11,210038,49787,1,0.550733,0.550733,0.0,22.0,7.0,linear
12,277225,50361,1,0.660792,0.673368,0.0,22.0,7.0,linear
13,272745,46171,1,0.687192,0.716623,0.0,22.0,7.0,linear
14,266685,39677,1,0.707816,0.762706,0.0,22.0,7.0,linear
15,265165,33990,1,0.724237,0.805395,0.0,22.0,7.0,linear
16,265885,28416,1,0.740845,0.844861,0.0,22.0,7.0,linear
17,264399,22355,1,0.756984,0.879167,0.0,22.0,7.0,linear
18,261896,16968,1,0.776197,0.906139,0.0,22.0,7.0,linear
19,258317,13483,1,0.793231,0.92233,0.0,22.0,7.0,linear
20,253746,10819,1,0.810019,0.932898,0.0,22.0,7.0,linear
21,246728,8837,1,0.828598,0.94187,0.0,22.0,7.0,linear
22,240224,7469,1,0.844838,0.947602,0.0,22.0,7.0,linear
23,234915,6557,1,0.859918,0.953402,0.0,22.0,7.0,linear
24,229878,5499,1,0.874089,0.960257,0.0,22.0,7.0,linear
25,225959,4705,1,0.888214,0.966268,0.0,22.0,7.0,linear
26,222502,3844,1,0.901352,0.972175,0.0,22.0,7.0,linear
27,219268,3017,1,0.914518,0.977554,0.0,22.0,7.0,linear
28,216537,2451,1,0.928576,0.981859,0.0,22.0,7.0,linear
29,213123,1848,1,0.939525,0.985639,0.0,22.0,7.0,linear
30,210707,1486,1,0.951362,0.988875,0.0,22.0,7.0,linear
31,208002,1129,1,0.960519,0.991574,0.0,22.0,7.0,linear
32,205771,862,1,0.968647,0.993746,0.0,22.0,7.0,linear
33,204085,592,1,0.976325,0.995904,0.0,22.0,7.0,linear
34,203251,414,1,0.981688,0.997205,0.0,22.0,7.0,linear
35,202082,263,1,0.987164,0.998237,0.0,22.0,7.0,linear
36,201194,165,1,0.99104,0.998928,0.0,22.0,7.0,linear
37,200523,95,1,0.993834,0.999404,0.0,22.0,7.0,linear
38,199441,45,1,0.996077,0.99975,0.0,22.0,7.0,linear
39,199202,24,1,0.99785,0.99987,0.0,22.0,7.0,linear
40,199136,8,1,0.998931,0.99996,0.0,22.0,7.0,linear
41,198683,4,1,0.999555,0.99998,0.0,22.0,7.0,linear
42,198881,2,1,0.999756,0.99999,0.0,22.0,7.0,linear
43,198740,0,1,0.999849,1.0,0.0,22.0,7.0,linear

