generation,size,female_size,fertile_female_size,rate_dr,rate_has_drive,drive_efficiency,drop_ratio,low_density_growth_rate,density_growth_curve
1,78447,49473,1,0.0,0.0,0.0,36.0,3.0,linear
2,78649,49450,1,0.0,0.0,0.0,36.0,3.0,linear
3,78603,49654,1,0.0,0.0,0.0,36.0,3.0,linear
4,78592,49835,1,0.0,0.0,0.0,36.0,3.0,linear
5,78772,50071,1,0.0,0.0,0.0,36.0,3.0,linear
6,78707,50054,1,0.0,0.0,0.0,36.0,3.0,linear
7,78387,49966,1,0.0,0.0,0.0,36.0,3.0,linear
8,78414,49797,1,0.0,0.0,0.0,36.0,3.0,linear
9,78576,49945,1,0.0,0.0,0.0,36.0,3.0,linear
10,78857,50018,1,0.0,0.0,0.0,36.0,3.0,linear
11,294679,49728,1,0.669354,0.669354,0.0,36.0,3.0,linear
12,403333,49894,1,0.761392,0.77086,0.0,36.0,3.0,linear
13,400169,46032,1,0.780916,0.80302,0.0,36.0,3.0,linear
14,393065,39453,1,0.804271,0.840262,0.0,36.0,3.0,linear
15,386122,32107,1,0.827328,0.875669,0.0,36.0,3.0,linear
16,380020,24621,1,0.851165,0.908258,0.0,36.0,3.0,linear
17,372117,17639,1,0.874712,0.936227,0.0,36.0,3.0,linear
18,363876,11406,1,0.899372,0.958167,0.0,36.0,3.0,linear
19,356811,7145,1,0.922719,0.973249,0.0,36.0,3.0,linear
20,348679,4463,1,0.942967,0.982664,0.0,36.0,3.0,linear
21,341758,2815,1,0.9602,0.988662,0.0,36.0,3.0,linear
22,336118,1693,1,0.973432,0.993026,0.0,36.0,3.0,linear
23,332628,1048,1,0.98299,0.995786,0.0,36.0,3.0,linear
24,329165,671,1,0.989084,0.997365,0.0,36.0,3.0,linear
25,327868,373,1,0.993087,0.998584,0.0,36.0,3.0,linear
26,326964,221,1,0.995817,0.999188,0.0,36.0,3.0,linear
27,325206,103,1,0.997483,0.999601,0.0,36.0,3.0,linear
28,325261,47,1,0.998699,0.999819,0.0,36.0,3.0,linear
29,325304,21,1,0.99935,0.999908,0.0,36.0,3.0,linear
30,324828,8,1,0.999675,0.99996,0.0,36.0,3.0,linear
31,324644,4,1,0.999872,0.999985,0.0,36.0,3.0,linear
32,324598,4,1,0.999937,0.999985,0.0,36.0,3.0,linear
33,324733,2,1,0.999951,0.999994,0.0,36.0,3.0,linear
34,324800,1,1,0.999977,0.999997,0.0,36.0,3.0,linear
35,324796,1,1,0.999986,0.999997,0.0,36.0,3.0,linear
36,324285,0,1,0.999995,1.0,0.0,36.0,3.0,linear

