generation,size,female_size,fertile_female_size,rate_dr,rate_has_drive,drive_efficiency,drop_ratio,low_density_growth_rate,density_growth_curve
1,78083,48954,1,0.0,0.0,0.0,26.0,3.0,linear
2,77925,49030,1,0.0,0.0,0.0,26.0,3.0,linear
3,78555,49533,1,0.0,0.0,0.0,26.0,3.0,linear
4,78530,49635,1,0.0,0.0,0.0,26.0,3.0,linear
5,79053,50073,1,0.0,0.0,0.0,26.0,3.0,linear
6,78860,50011,1,0.0,0.0,0.0,26.0,3.0,linear
7,78806,50136,1,0.0,0.0,0.0,26.0,3.0,linear
8,78769,49999,1,0.0,0.0,0.0,26.0,3.0,linear
9,78477,49824,1,0.0,0.0,0.0,26.0,3.0,linear
10,78044,49677,1,0.0,0.0,0.0,26.0,3.0,linear
11,234318,49780,1,0.593226,0.593226,0.0,26.0,3.0,linear
12,312851,49768,1,0.698045,0.709676,0.0,26.0,3.0,linear
13,309845,45982,1,0.721114,0.747892,0.0,26.0,3.0,linear
14,303030,39707,1,0.747839,0.791755,0.0,26.0,3.0,linear
15,296545,32666,1,0.776486,0.836783,0.0,26.0,3.0,linear
16,290500,25278,1,0.804992,0.877087,0.0,26.0,3.0,linear
17,283510,18423,1,0.833227,0.911388,0.0,26.0,3.0,linear
18,275639,12498,1,0.862104,0.937996,0.0,26.0,3.0,linear
19,268643,8514,1,0.889581,0.956477,0.0,26.0,3.0,linear
20,261281,5722,1,0.913322,0.968936,0.0,26.0,3.0,linear
21,254123,3890,1,0.93542,0.978318,0.0,26.0,3.0,linear
22,248265,2552,1,0.953502,0.985235,0.0,26.0,3.0,linear
23,244019,1673,1,0.96707,0.99019,0.0,26.0,3.0,linear
24,241040,1121,1,0.977359,0.993664,0.0,26.0,3.0,linear
25,239043,680,1,0.984655,0.996161,0.0,26.0,3.0,linear
26,237628,400,1,0.990314,0.997755,0.0,26.0,3.0,linear
27,236492,217,1,0.994025,0.998841,0.0,26.0,3.0,linear
28,235699,117,1,0.99652,0.999415,0.0,26.0,3.0,linear
29,235377,44,1,0.998189,0.999788,0.0,26.0,3.0,linear
30,235163,17,1,0.999086,0.999906,0.0,26.0,3.0,linear
31,235080,11,1,0.999558,0.999953,0.0,26.0,3.0,linear
32,234863,3,1,0.999764,0.999987,0.0,26.0,3.0,linear
33,234780,1,1,0.999859,0.999996,0.0,26.0,3.0,linear
34,234465,0,1,0.999953,1.0,0.0,26.0,3.0,linear

