generation,size,female_size,fertile_female_size,rate_dr,rate_has_drive,drive_efficiency,drop_ratio,low_density_growth_rate,density_growth_curve
1,78460,49319,1,0.0,0.0,0.0,18.0,5.0,linear
2,78290,49212,1,0.0,0.0,0.0,18.0,5.0,linear
3,79133,49802,1,0.0,0.0,0.0,18.0,5.0,linear
4,80047,50434,1,0.0,0.0,0.0,18.0,5.0,linear
5,79310,50344,1,0.0,0.0,0.0,18.0,5.0,linear
6,78367,50063,1,0.0,0.0,0.0,18.0,5.0,linear
7,77956,49947,1,0.0,0.0,0.0,18.0,5.0,linear
8,78401,49866,1,0.0,0.0,0.0,18.0,5.0,linear
9,78388,49612,1,0.0,0.0,0.0,18.0,5.0,linear
10,78936,50089,1,0.0,0.0,0.0,18.0,5.0,linear
11,187574,50473,1,0.50333,0.50333,0.0,18.0,5.0,linear
12,240937,49890,1,0.616378,0.630322,0.0,18.0,5.0,linear
13,237043,46232,1,0.642196,0.674574,0.0,18.0,5.0,linear
14,230807,40051,1,0.668743,0.725706,0.0,18.0,5.0,linear
15,227860,34210,1,0.693603,0.774616,0.0,18.0,5.0,linear
16,225509,28146,1,0.7162,0.818967,0.0,18.0,5.0,linear
17,222677,22113,1,0.740377,0.858532,0.0,18.0,5.0,linear
18,218540,16957,1,0.764024,0.888592,0.0,18.0,5.0,linear
19,213210,13106,1,0.786988,0.908879,0.0,18.0,5.0,linear
20,206891,10383,1,0.808946,0.923819,0.0,18.0,5.0,linear
21,200786,8225,1,0.831641,0.936129,0.0,18.0,5.0,linear
22,195031,6500,1,0.853389,0.946647,0.0,18.0,5.0,linear
23,189677,5322,1,0.873467,0.955666,0.0,18.0,5.0,linear
24,185281,4195,1,0.891782,0.963713,0.0,18.0,5.0,linear
25,181259,3317,1,0.90937,0.970924,0.0,18.0,5.0,linear
26,177266,2558,1,0.924917,0.977308,0.0,18.0,5.0,linear
27,174539,1937,1,0.9394,0.982947,0.0,18.0,5.0,linear
28,172179,1414,1,0.952917,0.987776,0.0,18.0,5.0,linear
29,169715,983,1,0.964592,0.991382,0.0,18.0,5.0,linear
30,167777,690,1,0.973512,0.993934,0.0,18.0,5.0,linear
31,166459,456,1,0.980846,0.995944,0.0,18.0,5.0,linear
32,164892,316,1,0.985994,0.997313,0.0,18.0,5.0,linear
33,164471,208,1,0.99058,0.998197,0.0,18.0,5.0,linear
34,163911,133,1,0.993439,0.99887,0.0,18.0,5.0,linear
35,163243,70,1,0.995919,0.999438,0.0,18.0,5.0,linear
36,162731,38,1,0.997667,0.999724,0.0,18.0,5.0,linear
37,163128,22,1,0.998606,0.999859,0.0,18.0,5.0,linear
38,162796,10,1,0.999217,0.999932,0.0,18.0,5.0,linear
39,162434,6,1,0.999585,0.999963,0.0,18.0,5.0,linear
40,162395,3,1,0.999751,0.999982,0.0,18.0,5.0,linear
41,162522,1,1,0.999898,0.999994,0.0,18.0,5.0,linear
42,162576,0,1,0.999954,1.0,0.0,18.0,5.0,linear

