generation,size,female_size,fertile_female_size,rate_dr,rate_has_drive,drive_efficiency,drop_ratio,low_density_growth_rate,density_growth_curve
1,78697,49760,1,0.0,0.0,0.0,36.0,3.0,linear
2,78587,49467,1,0.0,0.0,0.0,36.0,3.0,linear
3,78498,49674,1,0.0,0.0,0.0,36.0,3.0,linear
4,78423,49828,1,0.0,0.0,0.0,36.0,3.0,linear
5,78223,49609,1,0.0,0.0,0.0,36.0,3.0,linear
6,78612,49750,1,0.0,0.0,0.0,36.0,3.0,linear
7,78601,49853,1,0.0,0.0,0.0,36.0,3.0,linear
8,78301,49725,1,0.0,0.0,0.0,36.0,3.0,linear
9,78707,50048,1,0.0,0.0,0.0,36.0,3.0,linear
10,78595,49965,1,0.0,0.0,0.0,36.0,3.0,linear
11,295123,49841,1,0.670003,0.670003,0.0,36.0,3.0,linear
12,403114,49703,1,0.761392,0.770651,0.0,36.0,3.0,linear
13,399458,45771,1,0.780919,0.802546,0.0,36.0,3.0,linear
14,392171,39025,1,0.803808,0.839221,0.0,36.0,3.0,linear
15,385789,31778,1,0.8276,0.8761,0.0,36.0,3.0,linear
16,379681,24380,1,0.85209,0.909296,0.0,36.0,3.0,linear
17,371804,17275,1,0.876509,0.93754,0.0,36.0,3.0,linear
18,363581,11199,1,0.90045,0.958999,0.0,36.0,3.0,linear
19,356864,7161,1,0.922901,0.972864,0.0,36.0,3.0,linear
20,348721,4456,1,0.942692,0.982473,0.0,36.0,3.0,linear
21,341008,2712,1,0.959936,0.988838,0.0,36.0,3.0,linear
22,336409,1663,1,0.973276,0.993034,0.0,36.0,3.0,linear
23,331566,1048,1,0.982949,0.995817,0.0,36.0,3.0,linear
24,329121,629,1,0.989272,0.997531,0.0,36.0,3.0,linear
25,326916,366,1,0.993326,0.998561,0.0,36.0,3.0,linear
26,326442,211,1,0.996033,0.999242,0.0,36.0,3.0,linear
27,325662,109,1,0.997591,0.999601,0.0,36.0,3.0,linear
28,325324,56,1,0.998662,0.999816,0.0,36.0,3.0,linear
29,325483,25,1,0.999272,0.99992,0.0,36.0,3.0,linear
30,324968,11,1,0.999637,0.999966,0.0,36.0,3.0,linear
31,325426,6,1,0.999831,0.999982,0.0,36.0,3.0,linear
32,325006,2,1,0.999926,0.999994,0.0,36.0,3.0,linear
33,325109,1,1,0.999968,0.999997,0.0,36.0,3.0,linear
34,325001,0,1,0.999988,1.0,0.0,36.0,3.0,linear

