generation,size,female_size,fertile_female_size,rate_dr,rate_has_drive,drive_efficiency,drop_ratio,low_density_growth_rate,density_growth_curve
1,78104,49308,1,0.0,0.0,0.0,30.0,8.0,linear
2,78499,49290,1,0.0,0.0,0.0,30.0,8.0,linear
3,80931,50773,1,0.0,0.0,0.0,30.0,8.0,linear
4,79434,50596,1,0.0,0.0,0.0,30.0,8.0,linear
5,75797,48969,1,0.0,0.0,0.0,30.0,8.0,linear
6,78462,50366,1,0.0,0.0,0.0,30.0,8.0,linear
7,80128,50895,1,0.0,0.0,0.0,30.0,8.0,linear
8,76645,49067,1,0.0,0.0,0.0,30.0,8.0,linear
9,77002,49316,1,0.0,0.0,0.0,30.0,8.0,linear
10,80585,51094,1,0.0,0.0,0.0,30.0,8.0,linear
11,261070,51126,1,0.630887,0.630887,0.0,30.0,8.0,linear
12,345995,48723,1,0.731384,0.741563,0.0,30.0,8.0,linear
13,342943,44839,1,0.748922,0.773928,0.0,30.0,8.0,linear
14,339601,39711,1,0.760021,0.807043,0.0,30.0,8.0,linear
15,340404,34390,1,0.772149,0.841564,0.0,30.0,8.0,linear
16,340057,28535,1,0.78432,0.875636,0.0,30.0,8.0,linear
17,339640,22508,1,0.798919,0.906954,0.0,30.0,8.0,linear
18,337112,16774,1,0.814057,0.929132,0.0,30.0,8.0,linear
19,332745,12792,1,0.829179,0.94347,0.0,30.0,8.0,linear
20,327522,9886,1,0.846138,0.953364,0.0,30.0,8.0,linear
21,320594,7674,1,0.862727,0.959831,0.0,30.0,8.0,linear
22,313751,6378,1,0.879493,0.965329,0.0,30.0,8.0,linear
23,307120,5325,1,0.89495,0.970367,0.0,30.0,8.0,linear
24,302101,4517,1,0.907515,0.973975,0.0,30.0,8.0,linear
25,297797,3881,1,0.918819,0.978092,0.0,30.0,8.0,linear
26,293226,3197,1,0.928953,0.982389,0.0,30.0,8.0,linear
27,290287,2539,1,0.93859,0.985984,0.0,30.0,8.0,linear
28,287800,1954,1,0.947773,0.989311,0.0,30.0,8.0,linear
29,285119,1509,1,0.957554,0.991466,0.0,30.0,8.0,linear
30,282307,1153,1,0.966615,0.993471,0.0,30.0,8.0,linear
31,279524,870,1,0.97379,0.995042,0.0,30.0,8.0,linear
32,277384,633,1,0.979717,0.996406,0.0,30.0,8.0,linear
33,275767,470,1,0.983927,0.997335,0.0,30.0,8.0,linear
34,274318,338,1,0.987856,0.998199,0.0,30.0,8.0,linear
35,273313,227,1,0.990962,0.998796,0.0,30.0,8.0,linear
36,272148,161,1,0.993512,0.999195,0.0,30.0,8.0,linear
37,272484,93,1,0.995703,0.999528,0.0,30.0,8.0,linear
38,271339,51,1,0.997227,0.999742,0.0,30.0,8.0,linear
39,270917,35,1,0.998232,0.999841,0.0,30.0,8.0,linear
40,270964,19,1,0.998925,0.999915,0.0,30.0,8.0,linear
41,270781,12,1,0.999461,0.999952,0.0,30.0,8.0,linear
42,270773,4,1,0.999662,0.999985,0.0,30.0,8.0,linear
43,270538,1,1,0.999824,0.999996,0.0,30.0,8.0,linear
44,270220,0,1,0.999907,1.0,0.0,30.0,8.0,linear

