generation,size,female_size,fertile_female_size,rate_dr,rate_has_drive,drive_efficiency,drop_ratio,low_density_growth_rate,density_growth_curve
1,78046,49219,1,0.0,0.0,0.0,24.0,5.0,linear
2,77881,49113,1,0.0,0.0,0.0,24.0,5.0,linear
3,79110,49842,1,0.0,0.0,0.0,24.0,5.0,linear
4,80680,50982,1,0.0,0.0,0.0,24.0,5.0,linear
5,79851,50691,1,0.0,0.0,0.0,24.0,5.0,linear
6,78099,49984,1,0.0,0.0,0.0,24.0,5.0,linear
7,76848,49439,1,0.0,0.0,0.0,24.0,5.0,linear
8,77403,49339,1,0.0,0.0,0.0,24.0,5.0,linear
9,78225,49684,1,0.0,0.0,0.0,24.0,5.0,linear
10,79309,49994,1,0.0,0.0,0.0,24.0,5.0,linear
11,223528,50111,1,0.573122,0.573122,0.0,24.0,5.0,linear
12,295257,49978,1,0.679122,0.691439,0.0,24.0,5.0,linear
13,291887,46353,1,0.703342,0.731384,0.0,24.0,5.0,linear
14,285093,40062,1,0.726211,0.774924,0.0,24.0,5.0,linear
15,281284,33686,1,0.748605,0.818697,0.0,24.0,5.0,linear
16,279017,27224,1,0.7699,0.858872,0.0,24.0,5.0,linear
17,275198,20887,1,0.791522,0.893518,0.0,24.0,5.0,linear
18,270428,15233,1,0.814426,0.920119,0.0,24.0,5.0,linear
19,264883,11239,1,0.836463,0.938465,0.0,24.0,5.0,linear
20,258435,8432,1,0.858765,0.951486,0.0,24.0,5.0,linear
21,250721,6220,1,0.881108,0.961537,0.0,24.0,5.0,linear
22,244291,4607,1,0.902764,0.969995,0.0,24.0,5.0,linear
23,238473,3466,1,0.921212,0.97662,0.0,24.0,5.0,linear
24,233312,2696,1,0.937099,0.982139,0.0,24.0,5.0,linear
25,229537,2001,1,0.950201,0.986994,0.0,24.0,5.0,linear
26,226628,1434,1,0.961894,0.990895,0.0,24.0,5.0,linear
27,224503,973,1,0.972231,0.993889,0.0,24.0,5.0,linear
28,222052,654,1,0.979434,0.995923,0.0,24.0,5.0,linear
29,220814,414,1,0.985797,0.997485,0.0,24.0,5.0,linear
30,219267,242,1,0.99046,0.998494,0.0,24.0,5.0,linear
31,218831,143,1,0.994058,0.999075,0.0,24.0,5.0,linear
32,217647,84,1,0.99637,0.999459,0.0,24.0,5.0,linear
33,217327,54,1,0.997849,0.999697,0.0,24.0,5.0,linear
34,216387,24,1,0.998702,0.999866,0.0,24.0,5.0,linear
35,216053,17,1,0.999163,0.999917,0.0,24.0,5.0,linear
36,216132,13,1,0.999487,0.99994,0.0,24.0,5.0,linear
37,216640,4,1,0.999728,0.999982,0.0,24.0,5.0,linear
38,216703,2,1,0.999822,0.999991,0.0,24.0,5.0,linear
39,216473,0,1,0.999928,1.0,0.0,24.0,5.0,linear

