generation,size,female_size,fertile_female_size,rate_dr,rate_has_drive,drive_efficiency,drop_ratio,low_density_growth_rate,density_growth_curve
1,77915,49156,1,0.0,0.0,0.0,34.0,5.0,linear
2,77941,49056,1,0.0,0.0,0.0,34.0,5.0,linear
3,79004,49772,1,0.0,0.0,0.0,34.0,5.0,linear
4,79948,50543,1,0.0,0.0,0.0,34.0,5.0,linear
5,79250,50370,1,0.0,0.0,0.0,34.0,5.0,linear
6,78430,50090,1,0.0,0.0,0.0,34.0,5.0,linear
7,78501,50178,1,0.0,0.0,0.0,34.0,5.0,linear
8,78085,49890,1,0.0,0.0,0.0,34.0,5.0,linear
9,78202,50140,1,0.0,0.0,0.0,34.0,5.0,linear
10,78071,50069,1,0.0,0.0,0.0,34.0,5.0,linear
11,282422,49797,1,0.656029,0.656029,0.0,34.0,5.0,linear
12,385745,50148,1,0.750607,0.760596,0.0,34.0,5.0,linear
13,381573,45956,1,0.771232,0.793991,0.0,34.0,5.0,linear
14,374981,39328,1,0.791365,0.830844,0.0,34.0,5.0,linear
15,369733,32498,1,0.808662,0.866373,0.0,34.0,5.0,linear
16,367116,25651,1,0.826568,0.898656,0.0,34.0,5.0,linear
17,364137,19099,1,0.845842,0.927252,0.0,34.0,5.0,linear
18,358294,13255,1,0.86585,0.948083,0.0,34.0,5.0,linear
19,352578,9336,1,0.885957,0.962178,0.0,34.0,5.0,linear
20,344551,6682,1,0.905289,0.971729,0.0,34.0,5.0,linear
21,336745,4661,1,0.924064,0.979068,0.0,34.0,5.0,linear
22,329475,3276,1,0.941491,0.984605,0.0,34.0,5.0,linear
23,324258,2349,1,0.955684,0.988892,0.0,34.0,5.0,linear
24,320025,1698,1,0.966948,0.991946,0.0,34.0,5.0,linear
25,316283,1182,1,0.975514,0.99441,0.0,34.0,5.0,linear
26,314218,830,1,0.982548,0.996285,0.0,34.0,5.0,linear
27,311585,552,1,0.987775,0.997553,0.0,34.0,5.0,linear
28,309928,317,1,0.991537,0.998581,0.0,34.0,5.0,linear
29,309149,187,1,0.994214,0.999143,0.0,34.0,5.0,linear
30,308447,122,1,0.996416,0.999482,0.0,34.0,5.0,linear
31,307322,66,1,0.997756,0.999711,0.0,34.0,5.0,linear
32,306704,38,1,0.99876,0.99985,0.0,34.0,5.0,linear
33,306867,19,1,0.999358,0.999925,0.0,34.0,5.0,linear
34,306678,11,1,0.999645,0.999961,0.0,34.0,5.0,linear
35,307208,7,1,0.999814,0.999977,0.0,34.0,5.0,linear
36,307340,2,1,0.999893,0.999993,0.0,34.0,5.0,linear
37,306967,0,1,0.999925,1.0,0.0,34.0,5.0,linear

