generation,size,female_size,fertile_female_size,rate_dr,rate_has_drive,drive_efficiency,drop_ratio,low_density_growth_rate,density_growth_curve
1,78312,49249,1,0.0,0.0,0.0,6.0,2.0,linear
2,78342,49173,1,0.0,0.0,0.0,6.0,2.0,linear
3,78151,49442,1,0.0,0.0,0.0,6.0,2.0,linear
4,78280,49629,1,0.0,0.0,0.0,6.0,2.0,linear
5,78713,49947,1,0.0,0.0,0.0,6.0,2.0,linear
6,78629,49953,1,0.0,0.0,0.0,6.0,2.0,linear
7,79038,50232,1,0.0,0.0,0.0,6.0,2.0,linear
8,79049,50216,1,0.0,0.0,0.0,6.0,2.0,linear
9,78553,49939,1,0.0,0.0,0.0,6.0,2.0,linear
10,78384,49930,1,0.0,0.0,0.0,6.0,2.0,linear
11,114661,49731,1,0.252294,0.252294,0.0,6.0,2.0,linear
12,133009,49972,1,0.351792,0.367853,0.0,6.0,2.0,linear
13,130206,47495,1,0.379577,0.419351,0.0,6.0,2.0,linear
14,125653,43112,1,0.416036,0.480754,0.0,6.0,2.0,linear
15,119961,37654,1,0.455928,0.54499,0.0,6.0,2.0,linear
16,113587,31627,1,0.495946,0.604949,0.0,6.0,2.0,linear
17,106990,25809,1,0.536701,0.660206,0.0,6.0,2.0,linear
18,100083,20756,1,0.576062,0.706974,0.0,6.0,2.0,linear
19,93679,16368,1,0.615813,0.748422,0.0,6.0,2.0,linear
20,87453,13017,1,0.653988,0.781777,0.0,6.0,2.0,linear
21,81768,10207,1,0.693915,0.815422,0.0,6.0,2.0,linear
22,76212,7873,1,0.732563,0.844942,0.0,6.0,2.0,linear
23,72162,6050,1,0.772544,0.874452,0.0,6.0,2.0,linear
24,68435,4546,1,0.811193,0.900367,0.0,6.0,2.0,linear
25,65380,3408,1,0.846557,0.92303,0.0,6.0,2.0,linear
26,62727,2395,1,0.880112,0.943703,0.0,6.0,2.0,linear
27,60357,1689,1,0.908428,0.959562,0.0,6.0,2.0,linear
28,58739,1164,1,0.932916,0.972108,0.0,6.0,2.0,linear
29,57339,769,1,0.952159,0.981576,0.0,6.0,2.0,linear
30,56656,476,1,0.967404,0.988746,0.0,6.0,2.0,linear
31,55919,291,1,0.978386,0.993091,0.0,6.0,2.0,linear
32,54845,155,1,0.9868,0.996265,0.0,6.0,2.0,linear
33,54437,90,1,0.991728,0.997767,0.0,6.0,2.0,linear
34,54430,37,1,0.995534,0.998991,0.0,6.0,2.0,linear
35,54257,23,1,0.997449,0.999466,0.0,6.0,2.0,linear
36,54230,8,1,0.998793,0.99976,0.0,6.0,2.0,linear
37,53937,7,1,0.999333,0.999852,0.0,6.0,2.0,linear
38,54054,7,1,0.999584,0.999871,0.0,6.0,2.0,linear
39,54053,4,1,0.999769,0.999926,0.0,6.0,2.0,linear
40,53954,2,1,0.99987,0.999963,0.0,6.0,2.0,linear
41,54168,1,1,0.999935,0.999982,0.0,6.0,2.0,linear
42,54087,1,1,0.999935,0.999982,0.0,6.0,2.0,linear
43,54071,0,1,0.999972,1.0,0.0,6.0,2.0,linear

