generation,size,female_size,fertile_female_size,rate_dr,rate_has_drive,drive_efficiency,drop_ratio,low_density_growth_rate,density_growth_curve
1,78135,49220,1,0.0,0.0,0.0,38.0,5.0,linear
2,78102,49279,1,0.0,0.0,0.0,38.0,5.0,linear
3,79378,50303,1,0.0,0.0,0.0,38.0,5.0,linear
4,80272,50810,1,0.0,0.0,0.0,38.0,5.0,linear
5,79114,50030,1,0.0,0.0,0.0,38.0,5.0,linear
6,77234,49244,1,0.0,0.0,0.0,38.0,5.0,linear
7,78089,49851,1,0.0,0.0,0.0,38.0,5.0,linear
8,79014,50187,1,0.0,0.0,0.0,38.0,5.0,linear
9,78977,50176,1,0.0,0.0,0.0,38.0,5.0,linear
10,78816,50068,1,0.0,0.0,0.0,38.0,5.0,linear
11,307220,49927,1,0.681638,0.681638,0.0,38.0,5.0,linear
12,421427,50213,1,0.771171,0.780284,0.0,38.0,5.0,linear
13,416958,45844,1,0.790292,0.811362,0.0,38.0,5.0,linear
14,410172,38994,1,0.80827,0.845755,0.0,38.0,5.0,linear
15,406858,32366,1,0.824483,0.878433,0.0,38.0,5.0,linear
16,402908,25629,1,0.841551,0.908781,0.0,38.0,5.0,linear
17,398818,18647,1,0.859088,0.93531,0.0,38.0,5.0,linear
18,393805,12708,1,0.878603,0.955246,0.0,38.0,5.0,linear
19,387515,8766,1,0.898466,0.968406,0.0,38.0,5.0,linear
20,378888,5928,1,0.918397,0.977507,0.0,38.0,5.0,linear
21,370530,3932,1,0.93672,0.983859,0.0,38.0,5.0,linear
22,363914,2671,1,0.952671,0.988651,0.0,38.0,5.0,linear
23,357630,1909,1,0.965111,0.991986,0.0,38.0,5.0,linear
24,353651,1355,1,0.974991,0.994195,0.0,38.0,5.0,linear
25,350328,933,1,0.981954,0.996147,0.0,38.0,5.0,linear
26,348467,629,1,0.987367,0.997493,0.0,38.0,5.0,linear
27,346260,374,1,0.99147,0.998511,0.0,38.0,5.0,linear
28,345118,212,1,0.994488,0.999197,0.0,38.0,5.0,linear
29,344234,120,1,0.996618,0.999542,0.0,38.0,5.0,linear
30,343831,58,1,0.998016,0.999779,0.0,38.0,5.0,linear
31,343410,27,1,0.998859,0.999904,0.0,38.0,5.0,linear
32,343203,13,1,0.999366,0.999953,0.0,38.0,5.0,linear
33,342881,3,1,0.999679,0.999991,0.0,38.0,5.0,linear
34,343480,1,1,0.999873,0.999997,0.0,38.0,5.0,linear
35,343103,0,1,0.999936,1.0,0.0,38.0,5.0,linear

