generation,size,female_size,fertile_female_size,rate_dr,rate_has_drive,drive_efficiency,drop_ratio,low_density_growth_rate,density_growth_curve
1,78192,49082,1,0.0,0.0,0.0,20.0,3.0,linear
2,78059,49241,1,0.0,0.0,0.0,20.0,3.0,linear
3,78483,49576,1,0.0,0.0,0.0,20.0,3.0,linear
4,79279,50113,1,0.0,0.0,0.0,20.0,3.0,linear
5,79330,50115,1,0.0,0.0,0.0,20.0,3.0,linear
6,79062,50087,1,0.0,0.0,0.0,20.0,3.0,linear
7,78701,50132,1,0.0,0.0,0.0,20.0,3.0,linear
8,78401,49866,1,0.0,0.0,0.0,20.0,3.0,linear
9,78506,49977,1,0.0,0.0,0.0,20.0,3.0,linear
10,78853,50201,1,0.0,0.0,0.0,20.0,3.0,linear
11,198600,49827,1,0.529508,0.529508,0.0,20.0,3.0,linear
12,258394,49622,1,0.640699,0.653793,0.0,20.0,3.0,linear
13,255637,46302,1,0.667082,0.697384,0.0,20.0,3.0,linear
14,249652,40369,1,0.696837,0.747139,0.0,20.0,3.0,linear
15,243659,33409,1,0.728018,0.797285,0.0,20.0,3.0,linear
16,236951,26114,1,0.760241,0.844246,0.0,20.0,3.0,linear
17,230395,19474,1,0.791806,0.884189,0.0,20.0,3.0,linear
18,222657,13644,1,0.823138,0.914512,0.0,20.0,3.0,linear
19,215875,9516,1,0.853648,0.937092,0.0,20.0,3.0,linear
20,208932,6783,1,0.8823,0.953236,0.0,20.0,3.0,linear
21,202354,4737,1,0.907487,0.965307,0.0,20.0,3.0,linear
22,195678,3300,1,0.928863,0.975133,0.0,20.0,3.0,linear
23,192070,2248,1,0.947513,0.982737,0.0,20.0,3.0,linear
24,188719,1539,1,0.962075,0.988266,0.0,20.0,3.0,linear
25,186425,1011,1,0.97358,0.992323,0.0,20.0,3.0,linear
26,184076,634,1,0.982308,0.995288,0.0,20.0,3.0,linear
27,182976,390,1,0.988576,0.997098,0.0,20.0,3.0,linear
28,182564,230,1,0.992678,0.998324,0.0,20.0,3.0,linear
29,181691,135,1,0.995531,0.99905,0.0,20.0,3.0,linear
30,180857,74,1,0.997113,0.999476,0.0,20.0,3.0,linear
31,180516,45,1,0.998397,0.999712,0.0,20.0,3.0,linear
32,180854,12,1,0.999072,0.999917,0.0,20.0,3.0,linear
33,180859,6,1,0.999583,0.999961,0.0,20.0,3.0,linear
34,180728,3,1,0.999787,0.999978,0.0,20.0,3.0,linear
35,180415,1,1,0.99992,0.999994,0.0,20.0,3.0,linear
36,180115,1,1,0.999961,0.999994,0.0,20.0,3.0,linear
37,180413,0,1,0.999989,1.0,0.0,20.0,3.0,linear

