generation,size,female_size,fertile_female_size,rate_dr,rate_has_drive,drive_efficiency,drop_ratio,low_density_growth_rate,density_growth_curve
1,78245,49412,1,0.0,0.0,0.0,26.0,5.0,linear
2,78181,49332,1,0.0,0.0,0.0,26.0,5.0,linear
3,79573,50016,1,0.0,0.0,0.0,26.0,5.0,linear
4,79064,50026,1,0.0,0.0,0.0,26.0,5.0,linear
5,78946,50215,1,0.0,0.0,0.0,26.0,5.0,linear
6,78482,50106,1,0.0,0.0,0.0,26.0,5.0,linear
7,78998,50377,1,0.0,0.0,0.0,26.0,5.0,linear
8,78352,50160,1,0.0,0.0,0.0,26.0,5.0,linear
9,77501,49447,1,0.0,0.0,0.0,26.0,5.0,linear
10,78019,49668,1,0.0,0.0,0.0,26.0,5.0,linear
11,235701,50252,1,0.592083,0.592083,0.0,26.0,5.0,linear
12,313839,49995,1,0.698263,0.709875,0.0,26.0,5.0,linear
13,308994,45895,1,0.722051,0.748686,0.0,26.0,5.0,linear
14,302053,39448,1,0.744579,0.791957,0.0,26.0,5.0,linear
15,298409,32686,1,0.765566,0.834182,0.0,26.0,5.0,linear
16,296048,26391,1,0.784262,0.869966,0.0,26.0,5.0,linear
17,292861,20187,1,0.805855,0.903264,0.0,26.0,5.0,linear
18,287416,14547,1,0.828251,0.92847,0.0,26.0,5.0,linear
19,281671,10619,1,0.85023,0.945339,0.0,26.0,5.0,linear
20,274431,7783,1,0.872356,0.957333,0.0,26.0,5.0,linear
21,267166,5793,1,0.893871,0.966218,0.0,26.0,5.0,linear
22,260604,4347,1,0.913473,0.973859,0.0,26.0,5.0,linear
23,254747,3277,1,0.930195,0.979855,0.0,26.0,5.0,linear
24,251257,2489,1,0.945244,0.985079,0.0,26.0,5.0,linear
25,246878,1851,1,0.956553,0.988997,0.0,26.0,5.0,linear
26,243900,1265,1,0.967637,0.992526,0.0,26.0,5.0,linear
27,241817,821,1,0.976634,0.994978,0.0,26.0,5.0,linear
28,240258,560,1,0.983478,0.996764,0.0,26.0,5.0,linear
29,238255,348,1,0.988878,0.998052,0.0,26.0,5.0,linear
30,236945,214,1,0.992523,0.998777,0.0,26.0,5.0,linear
31,236450,137,1,0.995136,0.999274,0.0,26.0,5.0,linear
32,235718,79,1,0.996847,0.999585,0.0,26.0,5.0,linear
33,235528,46,1,0.997943,0.999762,0.0,26.0,5.0,linear
34,235221,26,1,0.998702,0.999873,0.0,26.0,5.0,linear
35,234746,15,1,0.999268,0.999923,0.0,26.0,5.0,linear
36,234906,5,1,0.999581,0.99997,0.0,26.0,5.0,linear
37,234590,2,1,0.999783,0.999987,0.0,26.0,5.0,linear
38,234212,1,1,0.999889,0.999996,0.0,26.0,5.0,linear
39,234336,1,1,0.999942,0.999996,0.0,26.0,5.0,linear
40,234613,1,1,0.999972,0.999996,0.0,26.0,5.0,linear
41,234619,0,1,0.999991,1.0,0.0,26.0,5.0,linear

