generation,size,female_size,fertile_female_size,rate_dr,rate_has_drive,drive_efficiency,drop_ratio,low_density_growth_rate,density_growth_curve
1,78238,49308,1,0.0,0.0,0.0,10.0,4.0,linear
2,78700,49471,1,0.0,0.0,0.0,10.0,4.0,linear
3,79122,49934,1,0.0,0.0,0.0,10.0,4.0,linear
4,79031,50179,1,0.0,0.0,0.0,10.0,4.0,linear
5,79128,50232,1,0.0,0.0,0.0,10.0,4.0,linear
6,78914,50133,1,0.0,0.0,0.0,10.0,4.0,linear
7,78852,50084,1,0.0,0.0,0.0,10.0,4.0,linear
8,78528,49945,1,0.0,0.0,0.0,10.0,4.0,linear
9,77590,49442,1,0.0,0.0,0.0,10.0,4.0,linear
10,78263,49841,1,0.0,0.0,0.0,10.0,4.0,linear
11,138781,49899,1,0.359149,0.359149,0.0,10.0,4.0,linear
12,168952,50216,1,0.473747,0.489865,0.0,10.0,4.0,linear
13,165749,47008,1,0.504039,0.542479,0.0,10.0,4.0,linear
14,160367,41632,1,0.537819,0.604388,0.0,10.0,4.0,linear
15,155975,35679,1,0.570345,0.66472,0.0,10.0,4.0,linear
16,152330,29928,1,0.601239,0.720072,0.0,10.0,4.0,linear
17,148323,24047,1,0.632064,0.769649,0.0,10.0,4.0,linear
18,144240,19170,1,0.659883,0.80689,0.0,10.0,4.0,linear
19,139585,15706,1,0.684234,0.832164,0.0,10.0,4.0,linear
20,134268,13119,1,0.707352,0.850691,0.0,10.0,4.0,linear
21,129168,10900,1,0.731787,0.86796,0.0,10.0,4.0,linear
22,124422,9166,1,0.756324,0.883617,0.0,10.0,4.0,linear
23,119625,7694,1,0.779683,0.898899,0.0,10.0,4.0,linear
24,115442,6378,1,0.802462,0.913585,0.0,10.0,4.0,linear
25,111422,5214,1,0.823577,0.925595,0.0,10.0,4.0,linear
26,108829,4330,1,0.846339,0.937046,0.0,10.0,4.0,linear
27,105870,3452,1,0.868274,0.948452,0.0,10.0,4.0,linear
28,103096,2713,1,0.888583,0.959529,0.0,10.0,4.0,linear
29,100722,2059,1,0.908367,0.969141,0.0,10.0,4.0,linear
30,98844,1521,1,0.925974,0.976862,0.0,10.0,4.0,linear
31,96861,1081,1,0.941435,0.983432,0.0,10.0,4.0,linear
32,95165,730,1,0.956693,0.988428,0.0,10.0,4.0,linear
33,93819,510,1,0.96807,0.991895,0.0,10.0,4.0,linear
34,92985,361,1,0.977906,0.994836,0.0,10.0,4.0,linear
35,92119,210,1,0.984433,0.996967,0.0,10.0,4.0,linear
36,91502,114,1,0.99018,0.998336,0.0,10.0,4.0,linear
37,90908,69,1,0.9939,0.999002,0.0,10.0,4.0,linear
38,90356,35,1,0.996249,0.999415,0.0,10.0,4.0,linear
39,90753,18,1,0.997848,0.999681,0.0,10.0,4.0,linear
40,90467,9,1,0.998895,0.999812,0.0,10.0,4.0,linear
41,90214,8,1,0.999512,0.9999,0.0,10.0,4.0,linear
42,90571,7,1,0.999669,0.999923,0.0,10.0,4.0,linear
43,90106,4,1,0.999723,0.999956,0.0,10.0,4.0,linear
44,90313,1,1,0.999823,0.999989,0.0,10.0,4.0,linear
45,90089,0,1,0.999867,1.0,0.0,10.0,4.0,linear

