generation,size,female_size,fertile_female_size,rate_dr,rate_has_drive,drive_efficiency,drop_ratio,low_density_growth_rate,density_growth_curve
1,78618,49553,1,0.0,0.0,0.0,34.0,6.0,linear
2,78595,49564,1,0.0,0.0,0.0,34.0,6.0,linear
3,79912,50434,1,0.0,0.0,0.0,34.0,6.0,linear
4,79872,50424,1,0.0,0.0,0.0,34.0,6.0,linear
5,78939,50167,1,0.0,0.0,0.0,34.0,6.0,linear
6,78751,50200,1,0.0,0.0,0.0,34.0,6.0,linear
7,78718,50160,1,0.0,0.0,0.0,34.0,6.0,linear
8,77780,49704,1,0.0,0.0,0.0,34.0,6.0,linear
9,77982,49593,1,0.0,0.0,0.0,34.0,6.0,linear
10,78660,49837,1,0.0,0.0,0.0,34.0,6.0,linear
11,284446,50454,1,0.654123,0.654123,0.0,34.0,6.0,linear
12,386438,50197,1,0.750499,0.760237,0.0,34.0,6.0,linear
13,381399,45862,1,0.771233,0.794159,0.0,34.0,6.0,linear
14,374964,39346,1,0.788696,0.829634,0.0,34.0,6.0,linear
15,371880,32950,1,0.80263,0.863671,0.0,34.0,6.0,linear
16,370472,26637,1,0.817292,0.89467,0.0,34.0,6.0,linear
17,368190,20205,1,0.834714,0.923609,0.0,34.0,6.0,linear
18,363556,14262,1,0.852896,0.945106,0.0,34.0,6.0,linear
19,358408,10151,1,0.872485,0.959534,0.0,34.0,6.0,linear
20,350113,7339,1,0.891129,0.96877,0.0,34.0,6.0,linear
21,342448,5336,1,0.910506,0.975994,0.0,34.0,6.0,linear
22,335067,3815,1,0.928322,0.982159,0.0,34.0,6.0,linear
23,328710,2763,1,0.944183,0.986675,0.0,34.0,6.0,linear
24,322778,2088,1,0.956478,0.990071,0.0,34.0,6.0,linear
25,318971,1525,1,0.966464,0.992799,0.0,34.0,6.0,linear
26,316491,1051,1,0.974528,0.994836,0.0,34.0,6.0,linear
27,314050,715,1,0.981503,0.996466,0.0,34.0,6.0,linear
28,312330,497,1,0.986859,0.99762,0.0,34.0,6.0,linear
29,309947,344,1,0.990653,0.998338,0.0,34.0,6.0,linear
30,309632,238,1,0.993595,0.998928,0.0,34.0,6.0,linear
31,308254,150,1,0.995292,0.999321,0.0,34.0,6.0,linear
32,308319,94,1,0.99698,0.999602,0.0,34.0,6.0,linear
33,308296,47,1,0.998038,0.999815,0.0,34.0,6.0,linear
34,307811,24,1,0.998862,0.999909,0.0,34.0,6.0,linear
35,307056,11,1,0.999381,0.999964,0.0,34.0,6.0,linear
36,306581,5,1,0.999682,0.999984,0.0,34.0,6.0,linear
37,306360,3,1,0.999829,0.99999,0.0,34.0,6.0,linear
38,306915,0,1,0.999927,1.0,0.0,34.0,6.0,linear

