generation,size,female_size,fertile_female_size,rate_dr,rate_has_drive,drive_efficiency,drop_ratio,low_density_growth_rate,density_growth_curve
1,78741,49448,1,0.0,0.0,0.0,36.0,7.0,linear
2,78736,49334,1,0.0,0.0,0.0,36.0,7.0,linear
3,79767,50221,1,0.0,0.0,0.0,36.0,7.0,linear
4,80359,50707,1,0.0,0.0,0.0,36.0,7.0,linear
5,78455,49965,1,0.0,0.0,0.0,36.0,7.0,linear
6,76951,49464,1,0.0,0.0,0.0,36.0,7.0,linear
7,77938,49811,1,0.0,0.0,0.0,36.0,7.0,linear
8,79635,50411,1,0.0,0.0,0.0,36.0,7.0,linear
9,79136,50265,1,0.0,0.0,0.0,36.0,7.0,linear
10,79070,50346,1,0.0,0.0,0.0,36.0,7.0,linear
11,294812,50027,1,0.671364,0.671364,0.0,36.0,7.0,linear
12,401856,49592,1,0.763037,0.772268,0.0,36.0,7.0,linear
13,397931,45547,1,0.780713,0.802998,0.0,36.0,7.0,linear
14,392634,39200,1,0.794815,0.835655,0.0,36.0,7.0,linear
15,391871,33305,1,0.807164,0.868823,0.0,36.0,7.0,linear
16,391523,26934,1,0.819861,0.899328,0.0,36.0,7.0,linear
17,389795,20600,1,0.833927,0.92645,0.0,36.0,7.0,linear
18,386453,14697,1,0.850615,0.946911,0.0,36.0,7.0,linear
19,380189,10607,1,0.867645,0.960108,0.0,36.0,7.0,linear
20,373879,7712,1,0.885902,0.968721,0.0,36.0,7.0,linear
21,366377,5709,1,0.904288,0.974962,0.0,36.0,7.0,linear
22,358392,4380,1,0.920581,0.979907,0.0,36.0,7.0,linear
23,351267,3488,1,0.934919,0.984218,0.0,36.0,7.0,linear
24,345727,2751,1,0.947106,0.987819,0.0,36.0,7.0,linear
25,341870,2009,1,0.957339,0.991107,0.0,36.0,7.0,linear
26,338340,1518,1,0.966217,0.993319,0.0,36.0,7.0,linear
27,335070,1072,1,0.973993,0.995425,0.0,36.0,7.0,linear
28,332202,705,1,0.980387,0.996766,0.0,36.0,7.0,linear
29,330491,491,1,0.986243,0.997814,0.0,36.0,7.0,linear
30,328815,323,1,0.99051,0.998633,0.0,36.0,7.0,linear
31,327635,217,1,0.993497,0.999106,0.0,36.0,7.0,linear
32,326775,134,1,0.995605,0.999435,0.0,36.0,7.0,linear
33,326158,83,1,0.997159,0.999694,0.0,36.0,7.0,linear
34,325711,51,1,0.99825,0.999822,0.0,36.0,7.0,linear
35,325173,21,1,0.99894,0.999929,0.0,36.0,7.0,linear
36,325299,15,1,0.999481,0.999954,0.0,36.0,7.0,linear
37,324722,7,1,0.99966,0.999978,0.0,36.0,7.0,linear
38,324189,3,1,0.999829,0.999991,0.0,36.0,7.0,linear
39,324999,0,1,0.999874,1.0,0.0,36.0,7.0,linear

