generation,size,female_size,fertile_female_size,rate_dr,rate_has_drive,drive_efficiency,drop_ratio,low_density_growth_rate,density_growth_curve
1,78299,49502,1,0.0,0.0,0.5,10.0,6.0,linear
2,77901,49259,1,0.0,0.0,0.5,10.0,6.0,linear
3,78220,49577,1,0.0,0.0,0.5,10.0,6.0,linear
4,80755,50902,1,0.0,0.0,0.5,10.0,6.0,linear
5,79221,50395,1,0.0,0.0,0.5,10.0,6.0,linear
6,77845,49743,1,0.0,0.0,0.5,10.0,6.0,linear
7,77926,49802,1,0.0,0.0,0.5,10.0,6.0,linear
8,78353,49733,1,0.0,0.0,0.5,10.0,6.0,linear
9,79777,50487,1,0.0,0.0,0.5,10.0,6.0,linear
10,79419,50272,1,0.0,0.0,0.5,10.0,6.0,linear
11,138325,49883,1,0.359895,0.359895,0.5,10.0,6.0,linear
12,168931,50222,1,0.472769,0.487391,0.5,10.0,6.0,linear
13,165411,47089,1,0.503805,0.54092,0.5,10.0,6.0,linear
14,160079,41523,1,0.532361,0.600391,0.5,10.0,6.0,linear
15,158070,36452,1,0.556989,0.656744,0.5,10.0,6.0,linear
16,157755,31801,1,0.580816,0.710328,0.5,10.0,6.0,linear
17,156675,26762,1,0.60377,0.757487,0.5,10.0,6.0,linear
18,155064,22300,1,0.624517,0.793914,0.5,10.0,6.0,linear
19,152289,18914,1,0.64296,0.819906,0.5,10.0,6.0,linear
20,148742,16222,1,0.660385,0.839407,0.5,10.0,6.0,linear
21,144579,13894,1,0.678101,0.855498,0.5,10.0,6.0,linear
22,139527,11994,1,0.695959,0.869798,0.5,10.0,6.0,linear
23,135476,10444,1,0.714788,0.881958,0.5,10.0,6.0,linear
24,130883,9021,1,0.733806,0.894933,0.5,10.0,6.0,linear
25,126993,7827,1,0.752179,0.906199,0.5,10.0,6.0,linear
26,122752,6539,1,0.769885,0.918167,0.5,10.0,6.0,linear
27,118733,5451,1,0.790641,0.92897,0.5,10.0,6.0,linear
28,115218,4487,1,0.812109,0.939277,0.5,10.0,6.0,linear
29,112111,3696,1,0.83523,0.948351,0.5,10.0,6.0,linear
30,108469,2969,1,0.856054,0.956769,0.5,10.0,6.0,linear
31,105236,2347,1,0.875145,0.965057,0.5,10.0,6.0,linear
32,102680,1874,1,0.894113,0.972159,0.5,10.0,6.0,linear
33,100579,1404,1,0.911728,0.979361,0.5,10.0,6.0,linear
34,98382,1024,1,0.930206,0.984963,0.5,10.0,6.0,linear
35,96766,730,1,0.94603,0.989514,0.5,10.0,6.0,linear
36,95004,478,1,0.959268,0.992876,0.5,10.0,6.0,linear
37,93662,330,1,0.969924,0.99484,0.5,10.0,6.0,linear
38,92823,205,1,0.978677,0.996863,0.5,10.0,6.0,linear
39,92072,132,1,0.986479,0.998112,0.5,10.0,6.0,linear
40,91122,74,1,0.991217,0.999017,0.5,10.0,6.0,linear
41,91035,43,1,0.994718,0.999485,0.5,10.0,6.0,linear
42,90699,24,1,0.996906,0.999692,0.5,10.0,6.0,linear
43,90578,9,1,0.998136,0.999868,0.5,10.0,6.0,linear
44,90744,3,1,0.999163,0.999934,0.5,10.0,6.0,linear
45,90486,0,1,0.999608,0.999967,0.5,10.0,6.0,linear

