generation,size,female_size,fertile_female_size,rate_dr,rate_has_drive,drive_efficiency,drop_ratio,low_density_growth_rate,density_growth_curve
1,78162,49183,1,0.0,0.0,0.5,9.0,6.0,linear
2,78188,49238,1,0.0,0.0,0.5,9.0,6.0,linear
3,80449,50375,1,0.0,0.0,0.5,9.0,6.0,linear
4,81150,51010,1,0.0,0.0,0.5,9.0,6.0,linear
5,78914,50162,1,0.0,0.0,0.5,9.0,6.0,linear
6,77614,49542,1,0.0,0.0,0.5,9.0,6.0,linear
7,77287,49410,1,0.0,0.0,0.5,9.0,6.0,linear
8,78989,50202,1,0.0,0.0,0.5,9.0,6.0,linear
9,79539,50425,1,0.0,0.0,0.5,9.0,6.0,linear
10,79273,50485,1,0.0,0.0,0.5,9.0,6.0,linear
11,133119,50371,1,0.337444,0.337444,0.5,9.0,6.0,linear
12,159321,49726,1,0.449901,0.465303,0.5,9.0,6.0,linear
13,156016,46514,1,0.477378,0.516307,0.5,9.0,6.0,linear
14,151698,41641,1,0.50626,0.57711,0.5,9.0,6.0,linear
15,150433,37081,1,0.533241,0.637054,0.5,9.0,6.0,linear
16,149282,32344,1,0.558212,0.691992,0.5,9.0,6.0,linear
17,148036,27433,1,0.582317,0.740574,0.5,9.0,6.0,linear
18,146539,22978,1,0.60432,0.779184,0.5,9.0,6.0,linear
19,143888,19535,1,0.621925,0.805618,0.5,9.0,6.0,linear
20,140336,16742,1,0.638529,0.825743,0.5,9.0,6.0,linear
21,136147,14596,1,0.657146,0.843691,0.5,9.0,6.0,linear
22,131900,12443,1,0.675694,0.859285,0.5,9.0,6.0,linear
23,127443,10794,1,0.693525,0.873028,0.5,9.0,6.0,linear
24,123179,9327,1,0.712671,0.885545,0.5,9.0,6.0,linear
25,118693,8060,1,0.731565,0.896914,0.5,9.0,6.0,linear
26,114679,6882,1,0.750544,0.908234,0.5,9.0,6.0,linear
27,110758,5705,1,0.770169,0.919361,0.5,9.0,6.0,linear
28,107731,4889,1,0.793628,0.930198,0.5,9.0,6.0,linear
29,103861,4026,1,0.813073,0.94079,0.5,9.0,6.0,linear
30,100758,3221,1,0.834901,0.950137,0.5,9.0,6.0,linear
31,97555,2619,1,0.856899,0.959573,0.5,9.0,6.0,linear
32,95018,2004,1,0.87735,0.968599,0.5,9.0,6.0,linear
33,92149,1488,1,0.898989,0.975928,0.5,9.0,6.0,linear
34,90017,1097,1,0.919885,0.98202,0.5,9.0,6.0,linear
35,87806,773,1,0.937415,0.986523,0.5,9.0,6.0,linear
36,86007,537,1,0.95344,0.99058,0.5,9.0,6.0,linear
37,84645,383,1,0.965892,0.993322,0.5,9.0,6.0,linear
38,83619,267,1,0.9747,0.995268,0.5,9.0,6.0,linear
39,83180,178,1,0.981423,0.997091,0.5,9.0,6.0,linear
40,82647,108,1,0.98745,0.998306,0.5,9.0,6.0,linear
41,82256,73,1,0.991916,0.998886,0.5,9.0,6.0,linear
42,81726,38,1,0.994957,0.999451,0.5,9.0,6.0,linear
43,81576,19,1,0.996934,0.999718,0.5,9.0,6.0,linear
44,81270,6,1,0.998309,0.999865,0.5,9.0,6.0,linear
45,81682,2,1,0.999052,0.999927,0.5,9.0,6.0,linear
46,80947,0,1,0.999561,0.999975,0.5,9.0,6.0,linear

