generation,size,female_size,fertile_female_size,rate_dr,rate_has_drive,drive_efficiency,drop_ratio,low_density_growth_rate,density_growth_curve
1,77676,48675,1,0.0,0.0,0.5,9.5,6.0,linear
2,78019,48884,1,0.0,0.0,0.5,9.5,6.0,linear
3,80897,50636,1,0.0,0.0,0.5,9.5,6.0,linear
4,81141,51151,1,0.0,0.0,0.5,9.5,6.0,linear
5,79378,50597,1,0.0,0.0,0.5,9.5,6.0,linear
6,77157,49684,1,0.0,0.0,0.5,9.5,6.0,linear
7,78069,49914,1,0.0,0.0,0.5,9.5,6.0,linear
8,78268,49709,1,0.0,0.0,0.5,9.5,6.0,linear
9,78469,49762,1,0.0,0.0,0.5,9.5,6.0,linear
10,78259,49875,1,0.0,0.0,0.5,9.5,6.0,linear
11,135887,50291,1,0.350219,0.350219,0.5,9.5,6.0,linear
12,164021,49927,1,0.463163,0.478475,0.5,9.5,6.0,linear
13,161004,46889,1,0.492964,0.530367,0.5,9.5,6.0,linear
14,155225,41489,1,0.520904,0.588435,0.5,9.5,6.0,linear
15,153248,36632,1,0.544693,0.645568,0.5,9.5,6.0,linear
16,153564,32100,1,0.568711,0.699114,0.5,9.5,6.0,linear
17,152625,27149,1,0.591927,0.747637,0.5,9.5,6.0,linear
18,150928,22946,1,0.613057,0.78348,0.5,9.5,6.0,linear
19,148631,19486,1,0.632278,0.810364,0.5,9.5,6.0,linear
20,144725,16845,1,0.648009,0.829969,0.5,9.5,6.0,linear
21,140317,14433,1,0.665376,0.846118,0.5,9.5,6.0,linear
22,136402,12660,1,0.683454,0.862226,0.5,9.5,6.0,linear
23,132364,10888,1,0.701905,0.876357,0.5,9.5,6.0,linear
24,127641,9482,1,0.719278,0.888869,0.5,9.5,6.0,linear
25,123730,8161,1,0.738753,0.900817,0.5,9.5,6.0,linear
26,119789,6904,1,0.759675,0.913121,0.5,9.5,6.0,linear
27,115396,5756,1,0.780333,0.925163,0.5,9.5,6.0,linear
28,111642,4676,1,0.801671,0.935686,0.5,9.5,6.0,linear
29,107899,3809,1,0.822861,0.945326,0.5,9.5,6.0,linear
30,104778,3066,1,0.844676,0.954612,0.5,9.5,6.0,linear
31,101732,2440,1,0.866839,0.962606,0.5,9.5,6.0,linear
32,99049,1922,1,0.888281,0.971517,0.5,9.5,6.0,linear
33,96505,1440,1,0.908079,0.978003,0.5,9.5,6.0,linear
34,93900,1053,1,0.926817,0.983429,0.5,9.5,6.0,linear
35,92233,745,1,0.9418,0.988011,0.5,9.5,6.0,linear
36,90516,504,1,0.956965,0.991568,0.5,9.5,6.0,linear
37,89351,320,1,0.968732,0.994607,0.5,9.5,6.0,linear
38,87996,206,1,0.978452,0.996374,0.5,9.5,6.0,linear
39,87196,147,1,0.985294,0.997554,0.5,9.5,6.0,linear
40,86936,97,1,0.989875,0.998502,0.5,9.5,6.0,linear
41,86428,61,1,0.993692,0.999112,0.5,9.5,6.0,linear
42,85982,29,1,0.995576,0.999652,0.5,9.5,6.0,linear
43,85956,17,1,0.997565,0.999802,0.5,9.5,6.0,linear
44,85993,2,1,0.998675,0.999977,0.5,9.5,6.0,linear
45,85848,0,1,0.999389,1.0,0.5,9.5,6.0,linear

