generation,size,female_size,fertile_female_size,rate_dr,rate_has_drive,drive_efficiency,drop_ratio,low_density_growth_rate,density_growth_curve
1,78394,49156,1,0.0,0.0,0.5,9.0,6.0,linear
2,78055,48975,1,0.0,0.0,0.5,9.0,6.0,linear
3,80128,50262,1,0.0,0.0,0.5,9.0,6.0,linear
4,80692,50983,1,0.0,0.0,0.5,9.0,6.0,linear
5,79154,50376,1,0.0,0.0,0.5,9.0,6.0,linear
6,77817,49676,1,0.0,0.0,0.5,9.0,6.0,linear
7,77531,49621,1,0.0,0.0,0.5,9.0,6.0,linear
8,77981,49605,1,0.0,0.0,0.5,9.0,6.0,linear
9,78763,49955,1,0.0,0.0,0.5,9.0,6.0,linear
10,79181,50292,1,0.0,0.0,0.5,9.0,6.0,linear
11,133202,50270,1,0.338643,0.338643,0.5,9.0,6.0,linear
12,158475,49471,1,0.449094,0.464318,0.5,9.0,6.0,linear
13,156343,46714,1,0.475444,0.514577,0.5,9.0,6.0,linear
14,152579,42207,1,0.504646,0.572433,0.5,9.0,6.0,linear
15,149892,37219,1,0.531911,0.6333,0.5,9.0,6.0,linear
16,149078,32449,1,0.555946,0.687007,0.5,9.0,6.0,linear
17,148612,27989,1,0.579383,0.735471,0.5,9.0,6.0,linear
18,147035,23418,1,0.600652,0.772411,0.5,9.0,6.0,linear
19,143902,20034,1,0.617616,0.798838,0.5,9.0,6.0,linear
20,141125,17487,1,0.634477,0.818552,0.5,9.0,6.0,linear
21,137600,15283,1,0.652117,0.837079,0.5,9.0,6.0,linear
22,133388,13409,1,0.666964,0.85032,0.5,9.0,6.0,linear
23,129196,11714,1,0.684823,0.864405,0.5,9.0,6.0,linear
24,124601,10184,1,0.701871,0.876998,0.5,9.0,6.0,linear
25,121031,8825,1,0.719511,0.888848,0.5,9.0,6.0,linear
26,117481,7644,1,0.737377,0.899202,0.5,9.0,6.0,linear
27,113684,6593,1,0.755259,0.909493,0.5,9.0,6.0,linear
28,109573,5624,1,0.774464,0.919076,0.5,9.0,6.0,linear
29,106327,4803,1,0.794767,0.929096,0.5,9.0,6.0,linear
30,103191,4104,1,0.814004,0.939969,0.5,9.0,6.0,linear
31,100380,3303,1,0.833098,0.949402,0.5,9.0,6.0,linear
32,97692,2660,1,0.856275,0.958486,0.5,9.0,6.0,linear
33,95435,2072,1,0.875988,0.966903,0.5,9.0,6.0,linear
34,93091,1609,1,0.896056,0.974198,0.5,9.0,6.0,linear
35,90573,1153,1,0.916436,0.981231,0.5,9.0,6.0,linear
36,88228,838,1,0.933749,0.98644,0.5,9.0,6.0,linear
37,86021,596,1,0.949786,0.990324,0.5,9.0,6.0,linear
38,85077,392,1,0.962079,0.993554,0.5,9.0,6.0,linear
39,84193,229,1,0.97364,0.996106,0.5,9.0,6.0,linear
40,83228,128,1,0.982544,0.99787,0.5,9.0,6.0,linear
41,82358,73,1,0.989309,0.998925,0.5,9.0,6.0,linear
42,81976,37,1,0.993876,0.999501,0.5,9.0,6.0,linear
43,81770,13,1,0.996806,0.999829,0.5,9.0,6.0,linear
44,81563,7,1,0.998401,0.999914,0.5,9.0,6.0,linear
45,81130,1,1,0.999347,0.999988,0.5,9.0,6.0,linear
46,80996,0,1,0.999759,1.0,0.5,9.0,6.0,linear

