generation,size,female_size,fertile_female_size,rate_dr,rate_has_drive,drive_efficiency,drop_ratio,low_density_growth_rate,density_growth_curve
1,78148,49174,1,0.0,0.0,0.0,22.5,6.0,linear
2,78361,49271,1,0.0,0.0,0.0,22.5,6.0,linear
3,78979,49829,1,0.0,0.0,0.0,22.5,6.0,linear
4,79997,50508,1,0.0,0.0,0.0,22.5,6.0,linear
5,79100,50363,1,0.0,0.0,0.0,22.5,6.0,linear
6,79035,50551,1,0.0,0.0,0.0,22.5,6.0,linear
7,78161,50069,1,0.0,0.0,0.0,22.5,6.0,linear
8,77955,49850,1,0.0,0.0,0.0,22.5,6.0,linear
9,78408,49986,1,0.0,0.0,0.0,22.5,6.0,linear
10,78364,49762,1,0.0,0.0,0.0,22.5,6.0,linear
11,213510,49875,1,0.556462,0.556462,0.0,22.5,6.0,linear
12,282081,50192,1,0.619007,0.619007,0.0,22.5,6.0,linear
13,299005,58619,1,0.594677,0.594677,0.0,22.5,6.0,linear
14,308251,64135,1,0.584703,0.584703,0.0,22.5,6.0,linear
15,311061,66786,1,0.588166,0.588166,0.0,22.5,6.0,linear
16,306883,66407,1,0.60291,0.60291,0.0,22.5,6.0,linear
17,299591,63054,1,0.622397,0.622397,0.0,22.5,6.0,linear
18,291501,58237,1,0.644355,0.644355,0.0,22.5,6.0,linear
19,282001,52402,1,0.665142,0.665142,0.0,22.5,6.0,linear
20,275480,47734,1,0.687969,0.687969,0.0,22.5,6.0,linear
21,267674,42855,1,0.711829,0.711829,0.0,22.5,6.0,linear
22,260768,38001,1,0.739269,0.739269,0.0,22.5,6.0,linear
23,253018,33302,1,0.768033,0.768033,0.0,22.5,6.0,linear
24,245856,28712,1,0.797054,0.797054,0.0,22.5,6.0,linear
25,238333,24176,1,0.826451,0.826451,0.0,22.5,6.0,linear
26,232033,19866,1,0.855479,0.855479,0.0,22.5,6.0,linear
27,226535,16098,1,0.882411,0.882411,0.0,22.5,6.0,linear
28,220948,12470,1,0.908264,0.908264,0.0,22.5,6.0,linear
29,216616,9508,1,0.930949,0.930949,0.0,22.5,6.0,linear
30,212552,6980,1,0.949785,0.949785,0.0,22.5,6.0,linear
31,209322,4961,1,0.96522,0.96522,0.0,22.5,6.0,linear
32,206814,3304,1,0.977479,0.977479,0.0,22.5,6.0,linear
33,205267,2089,1,0.986056,0.986056,0.0,22.5,6.0,linear
34,204739,1256,1,0.991862,0.991862,0.0,22.5,6.0,linear
35,204208,721,1,0.99551,0.99551,0.0,22.5,6.0,linear
36,204000,390,1,0.997564,0.997564,0.0,22.5,6.0,linear
37,203463,229,1,0.998712,0.998712,0.0,22.5,6.0,linear
38,203365,116,1,0.99939,0.99939,0.0,22.5,6.0,linear
39,203532,44,1,0.999769,0.999769,0.0,22.5,6.0,linear
40,203325,15,1,0.999926,0.999926,0.0,22.5,6.0,linear
41,203036,7,1,0.999966,0.999966,0.0,22.5,6.0,linear
42,202793,3,1,0.999985,0.999985,0.0,22.5,6.0,linear
43,202845,0,1,1.0,1.0,0.0,22.5,6.0,linear

