generation,size,female_size,fertile_female_size,rate_dr,rate_has_drive,drive_efficiency,drop_ratio,low_density_growth_rate,density_growth_curve
1,78306,49213,1,0.0,0.0,0.0,21.25,6.0,linear
2,78427,49353,1,0.0,0.0,0.0,21.25,6.0,linear
3,79235,50031,1,0.0,0.0,0.0,21.25,6.0,linear
4,79259,50157,1,0.0,0.0,0.0,21.25,6.0,linear
5,78954,49981,1,0.0,0.0,0.0,21.25,6.0,linear
6,78147,49698,1,0.0,0.0,0.0,21.25,6.0,linear
7,78752,49996,1,0.0,0.0,0.0,21.25,6.0,linear
8,77591,49511,1,0.0,0.0,0.0,21.25,6.0,linear
9,78537,50021,1,0.0,0.0,0.0,21.25,6.0,linear
10,79071,50194,1,0.0,0.0,0.0,21.25,6.0,linear
11,206270,50145,1,0.543434,0.543434,0.0,21.25,6.0,linear
12,270352,50257,1,0.606104,0.606104,0.0,21.25,6.0,linear
13,286839,58497,1,0.581456,0.581456,0.0,21.25,6.0,linear
14,297229,63931,1,0.571639,0.571639,0.0,21.25,6.0,linear
15,299400,66555,1,0.574806,0.574806,0.0,21.25,6.0,linear
16,294618,65793,1,0.590064,0.590064,0.0,21.25,6.0,linear
17,287280,62689,1,0.609718,0.609718,0.0,21.25,6.0,linear
18,278883,58047,1,0.628947,0.628947,0.0,21.25,6.0,linear
19,270995,52520,1,0.651405,0.651405,0.0,21.25,6.0,linear
20,263796,47513,1,0.674723,0.674723,0.0,21.25,6.0,linear
21,256404,42640,1,0.699198,0.699198,0.0,21.25,6.0,linear
22,249713,38280,1,0.725334,0.725334,0.0,21.25,6.0,linear
23,242594,33945,1,0.752607,0.752607,0.0,21.25,6.0,linear
24,235064,29489,1,0.780606,0.780606,0.0,21.25,6.0,linear
25,228206,25143,1,0.809711,0.809711,0.0,21.25,6.0,linear
26,221997,20968,1,0.838122,0.838122,0.0,21.25,6.0,linear
27,216736,17247,1,0.866724,0.866724,0.0,21.25,6.0,linear
28,211181,13734,1,0.893975,0.893975,0.0,21.25,6.0,linear
29,206627,10510,1,0.919359,0.919359,0.0,21.25,6.0,linear
30,202478,7842,1,0.941129,0.941129,0.0,21.25,6.0,linear
31,199297,5497,1,0.959172,0.959172,0.0,21.25,6.0,linear
32,195548,3674,1,0.972877,0.972877,0.0,21.25,6.0,linear
33,194299,2348,1,0.983314,0.983314,0.0,21.25,6.0,linear
34,193589,1419,1,0.990097,0.990097,0.0,21.25,6.0,linear
35,192542,834,1,0.994501,0.994501,0.0,21.25,6.0,linear
36,192172,476,1,0.99704,0.99704,0.0,21.25,6.0,linear
37,191904,253,1,0.998489,0.998489,0.0,21.25,6.0,linear
38,191496,124,1,0.999279,0.999279,0.0,21.25,6.0,linear
39,191363,45,1,0.999749,0.999749,0.0,21.25,6.0,linear
40,191511,23,1,0.99988,0.99988,0.0,21.25,6.0,linear
41,191855,7,1,0.999964,0.999964,0.0,21.25,6.0,linear
42,191697,3,1,0.999984,0.999984,0.0,21.25,6.0,linear
43,191272,0,1,1.0,1.0,0.0,21.25,6.0,linear

