generation,size,female_size,fertile_female_size,rate_dr,rate_has_drive,drive_efficiency,drop_ratio,low_density_growth_rate,density_growth_curve
1,78299,49167,1,0.0,0.0,0.0,25.0,6.0,linear
2,78071,49231,1,0.0,0.0,0.0,25.0,6.0,linear
3,80969,50826,1,0.0,0.0,0.0,25.0,6.0,linear
4,80770,50863,1,0.0,0.0,0.0,25.0,6.0,linear
5,77907,49684,1,0.0,0.0,0.0,25.0,6.0,linear
6,77087,49293,1,0.0,0.0,0.0,25.0,6.0,linear
7,78552,49768,1,0.0,0.0,0.0,25.0,6.0,linear
8,79838,50300,1,0.0,0.0,0.0,25.0,6.0,linear
9,78446,49849,1,0.0,0.0,0.0,25.0,6.0,linear
10,78615,50181,1,0.0,0.0,0.0,25.0,6.0,linear
11,229999,50674,1,0.582012,0.582012,0.0,25.0,6.0,linear
12,304455,50516,1,0.643302,0.643302,0.0,25.0,6.0,linear
13,322056,58813,1,0.62097,0.62097,0.0,25.0,6.0,linear
14,330194,63657,1,0.610828,0.610828,0.0,25.0,6.0,linear
15,333201,66556,1,0.614032,0.614032,0.0,25.0,6.0,linear
16,328558,65949,1,0.629564,0.629564,0.0,25.0,6.0,linear
17,321588,62844,1,0.649459,0.649459,0.0,25.0,6.0,linear
18,312891,57774,1,0.668466,0.668466,0.0,25.0,6.0,linear
19,305389,52411,1,0.689537,0.689537,0.0,25.0,6.0,linear
20,297664,47382,1,0.711397,0.711397,0.0,25.0,6.0,linear
21,289816,42579,1,0.734156,0.734156,0.0,25.0,6.0,linear
22,282451,38034,1,0.759381,0.759381,0.0,25.0,6.0,linear
23,275065,33578,1,0.785217,0.785217,0.0,25.0,6.0,linear
24,268458,28999,1,0.81112,0.81112,0.0,25.0,6.0,linear
25,261706,24492,1,0.83722,0.83722,0.0,25.0,6.0,linear
26,255670,20373,1,0.863775,0.863775,0.0,25.0,6.0,linear
27,249364,16460,1,0.890213,0.890213,0.0,25.0,6.0,linear
28,243958,12806,1,0.913978,0.913978,0.0,25.0,6.0,linear
29,239474,9835,1,0.935017,0.935017,0.0,25.0,6.0,linear
30,235326,7154,1,0.953711,0.953711,0.0,25.0,6.0,linear
31,231857,4911,1,0.968928,0.968928,0.0,25.0,6.0,linear
32,229415,3200,1,0.980416,0.980416,0.0,25.0,6.0,linear
33,228114,2089,1,0.987835,0.987835,0.0,25.0,6.0,linear
34,226843,1260,1,0.992856,0.992856,0.0,25.0,6.0,linear
35,225922,660,1,0.996252,0.996252,0.0,25.0,6.0,linear
36,225615,357,1,0.998116,0.998116,0.0,25.0,6.0,linear
37,225955,171,1,0.999137,0.999137,0.0,25.0,6.0,linear
38,225409,85,1,0.999579,0.999579,0.0,25.0,6.0,linear
39,225668,37,1,0.999827,0.999827,0.0,25.0,6.0,linear
40,225848,21,1,0.999907,0.999907,0.0,25.0,6.0,linear
41,225179,5,1,0.999978,0.999978,0.0,25.0,6.0,linear
42,225130,1,1,0.999996,0.999996,0.0,25.0,6.0,linear
43,225348,0,1,1.0,1.0,0.0,25.0,6.0,linear

