generation,size,female_size,fertile_female_size,rate_dr,rate_has_drive,drive_efficiency,drop_ratio,low_density_growth_rate,density_growth_curve
1,78556,49537,1,0.0,0.0,0.0,25.0,6.0,linear
2,78234,49225,1,0.0,0.0,0.0,25.0,6.0,linear
3,79518,50010,1,0.0,0.0,0.0,25.0,6.0,linear
4,79186,49958,1,0.0,0.0,0.0,25.0,6.0,linear
5,77959,49571,1,0.0,0.0,0.0,25.0,6.0,linear
6,78562,50052,1,0.0,0.0,0.0,25.0,6.0,linear
7,78856,50054,1,0.0,0.0,0.0,25.0,6.0,linear
8,79056,50092,1,0.0,0.0,0.0,25.0,6.0,linear
9,78582,49987,1,0.0,0.0,0.0,25.0,6.0,linear
10,79323,50508,1,0.0,0.0,0.0,25.0,6.0,linear
11,230761,50826,1,0.584734,0.584734,0.0,25.0,6.0,linear
12,303946,49832,1,0.645093,0.645093,0.0,25.0,6.0,linear
13,321372,58855,1,0.621054,0.621054,0.0,25.0,6.0,linear
14,330499,63763,1,0.61213,0.61213,0.0,25.0,6.0,linear
15,332590,66288,1,0.617058,0.617058,0.0,25.0,6.0,linear
16,326362,64878,1,0.634819,0.634819,0.0,25.0,6.0,linear
17,318248,61188,1,0.657739,0.657739,0.0,25.0,6.0,linear
18,309197,55891,1,0.680559,0.680559,0.0,25.0,6.0,linear
19,300283,49613,1,0.705522,0.705522,0.0,25.0,6.0,linear
20,291226,43974,1,0.731217,0.731217,0.0,25.0,6.0,linear
21,282936,38266,1,0.75771,0.75771,0.0,25.0,6.0,linear
22,275990,33407,1,0.787,0.787,0.0,25.0,6.0,linear
23,266823,28338,1,0.816359,0.816359,0.0,25.0,6.0,linear
24,259678,23533,1,0.846834,0.846834,0.0,25.0,6.0,linear
25,252520,18803,1,0.875235,0.875235,0.0,25.0,6.0,linear
26,246994,14948,1,0.902259,0.902259,0.0,25.0,6.0,linear
27,241170,11265,1,0.926205,0.926205,0.0,25.0,6.0,linear
28,236826,8445,1,0.945581,0.945581,0.0,25.0,6.0,linear
29,233828,6025,1,0.962587,0.962587,0.0,25.0,6.0,linear
30,231147,3970,1,0.975883,0.975883,0.0,25.0,6.0,linear
31,228730,2442,1,0.985132,0.985132,0.0,25.0,6.0,linear
32,227970,1513,1,0.990995,0.990995,0.0,25.0,6.0,linear
33,226344,907,1,0.994823,0.994823,0.0,25.0,6.0,linear
34,226148,504,1,0.997135,0.997135,0.0,25.0,6.0,linear
35,226271,275,1,0.998537,0.998537,0.0,25.0,6.0,linear
36,225452,144,1,0.999242,0.999242,0.0,25.0,6.0,linear
37,225820,79,1,0.999601,0.999601,0.0,25.0,6.0,linear
38,225632,29,1,0.999854,0.999854,0.0,25.0,6.0,linear
39,225750,9,1,0.999951,0.999951,0.0,25.0,6.0,linear
40,225556,8,1,0.999965,0.999965,0.0,25.0,6.0,linear
41,225235,4,1,0.999982,0.999982,0.0,25.0,6.0,linear
42,225305,1,1,0.999996,0.999996,0.0,25.0,6.0,linear
43,225749,0,1,1.0,1.0,0.0,25.0,6.0,linear

