generation,size,female_size,fertile_female_size,rate_dr,rate_has_drive,drive_efficiency,drop_ratio,low_density_growth_rate,density_growth_curve
1,77976,48933,1,0.0,0.0,0.0,25.0,6.0,linear
2,78217,49193,1,0.0,0.0,0.0,25.0,6.0,linear
3,80430,50644,1,0.0,0.0,0.0,25.0,6.0,linear
4,80014,50559,1,0.0,0.0,0.0,25.0,6.0,linear
5,78426,49926,1,0.0,0.0,0.0,25.0,6.0,linear
6,78344,50073,1,0.0,0.0,0.0,25.0,6.0,linear
7,78446,50064,1,0.0,0.0,0.0,25.0,6.0,linear
8,77568,49549,1,0.0,0.0,0.0,25.0,6.0,linear
9,76562,49063,1,0.0,0.0,0.0,25.0,6.0,linear
10,78930,50116,1,0.0,0.0,0.0,25.0,6.0,linear
11,230858,50775,1,0.581987,0.581987,0.0,25.0,6.0,linear
12,305111,50404,1,0.643006,0.643006,0.0,25.0,6.0,linear
13,322158,59134,1,0.61978,0.61978,0.0,25.0,6.0,linear
14,330725,64501,1,0.608388,0.608388,0.0,25.0,6.0,linear
15,333787,67149,1,0.611102,0.611102,0.0,25.0,6.0,linear
16,329883,66457,1,0.626173,0.626173,0.0,25.0,6.0,linear
17,323216,63709,1,0.644027,0.644027,0.0,25.0,6.0,linear
18,314407,58936,1,0.663665,0.663665,0.0,25.0,6.0,linear
19,305991,53123,1,0.684401,0.684401,0.0,25.0,6.0,linear
20,298593,48440,1,0.705696,0.705696,0.0,25.0,6.0,linear
21,291166,43704,1,0.729839,0.729839,0.0,25.0,6.0,linear
22,284191,38760,1,0.753611,0.753611,0.0,25.0,6.0,linear
23,277663,34448,1,0.779073,0.779073,0.0,25.0,6.0,linear
24,269899,29882,1,0.804675,0.804675,0.0,25.0,6.0,linear
25,263210,25409,1,0.832357,0.832357,0.0,25.0,6.0,linear
26,256194,21008,1,0.859742,0.859742,0.0,25.0,6.0,linear
27,250669,17201,1,0.886214,0.886214,0.0,25.0,6.0,linear
28,245212,13612,1,0.910728,0.910728,0.0,25.0,6.0,linear
29,240124,10304,1,0.934078,0.934078,0.0,25.0,6.0,linear
30,235262,7361,1,0.953209,0.953209,0.0,25.0,6.0,linear
31,232517,5096,1,0.968285,0.968285,0.0,25.0,6.0,linear
32,230143,3290,1,0.979972,0.979972,0.0,25.0,6.0,linear
33,228136,2034,1,0.988031,0.988031,0.0,25.0,6.0,linear
34,226693,1180,1,0.993161,0.993161,0.0,25.0,6.0,linear
35,225764,668,1,0.996381,0.996381,0.0,25.0,6.0,linear
36,225944,365,1,0.998137,0.998137,0.0,25.0,6.0,linear
37,225869,187,1,0.999075,0.999075,0.0,25.0,6.0,linear
38,225487,69,1,0.999676,0.999676,0.0,25.0,6.0,linear
39,225606,32,1,0.999858,0.999858,0.0,25.0,6.0,linear
40,225572,11,1,0.999951,0.999951,0.0,25.0,6.0,linear
41,225573,2,1,0.999991,0.999991,0.0,25.0,6.0,linear
42,225231,0,1,1.0,1.0,0.0,25.0,6.0,linear

