generation,size,female_size,fertile_female_size,rate_dr,rate_has_drive,drive_efficiency,drop_ratio,low_density_growth_rate,density_growth_curve
1,78381,49456,1,0.0,0.0,0.0,25.0,6.0,linear
2,77881,49142,1,0.0,0.0,0.0,25.0,6.0,linear
3,79167,50010,1,0.0,0.0,0.0,25.0,6.0,linear
4,79869,50599,1,0.0,0.0,0.0,25.0,6.0,linear
5,79098,50351,1,0.0,0.0,0.0,25.0,6.0,linear
6,77516,49658,1,0.0,0.0,0.0,25.0,6.0,linear
7,78657,50067,1,0.0,0.0,0.0,25.0,6.0,linear
8,78886,49987,1,0.0,0.0,0.0,25.0,6.0,linear
9,78183,49706,1,0.0,0.0,0.0,25.0,6.0,linear
10,78667,49875,1,0.0,0.0,0.0,25.0,6.0,linear
11,228972,49894,1,0.582929,0.582929,0.0,25.0,6.0,linear
12,304442,50246,1,0.643398,0.643398,0.0,25.0,6.0,linear
13,321616,58804,1,0.62059,0.62059,0.0,25.0,6.0,linear
14,330400,64141,1,0.610459,0.610459,0.0,25.0,6.0,linear
15,333495,66713,1,0.612477,0.612477,0.0,25.0,6.0,linear
16,329333,66690,1,0.625238,0.625238,0.0,25.0,6.0,linear
17,322533,63494,1,0.641844,0.641844,0.0,25.0,6.0,linear
18,315371,59201,1,0.659315,0.659315,0.0,25.0,6.0,linear
19,308417,54243,1,0.677242,0.677242,0.0,25.0,6.0,linear
20,301826,50078,1,0.695888,0.695888,0.0,25.0,6.0,linear
21,295332,45533,1,0.716308,0.716308,0.0,25.0,6.0,linear
22,288465,41427,1,0.738081,0.738081,0.0,25.0,6.0,linear
23,281669,37219,1,0.761052,0.761052,0.0,25.0,6.0,linear
24,275288,33044,1,0.785532,0.785532,0.0,25.0,6.0,linear
25,268774,28762,1,0.811005,0.811005,0.0,25.0,6.0,linear
26,262067,24543,1,0.83684,0.83684,0.0,25.0,6.0,linear
27,255663,20447,1,0.863289,0.863289,0.0,25.0,6.0,linear
28,249370,16703,1,0.887972,0.887972,0.0,25.0,6.0,linear
29,244298,13099,1,0.9115,0.9115,0.0,25.0,6.0,linear
30,240144,10095,1,0.932604,0.932604,0.0,25.0,6.0,linear
31,236421,7464,1,0.950665,0.950665,0.0,25.0,6.0,linear
32,232853,5406,1,0.965398,0.965398,0.0,25.0,6.0,linear
33,230375,3742,1,0.976499,0.976499,0.0,25.0,6.0,linear
34,228157,2521,1,0.984434,0.984434,0.0,25.0,6.0,linear
35,227424,1608,1,0.990795,0.990795,0.0,25.0,6.0,linear
36,226686,924,1,0.994655,0.994655,0.0,25.0,6.0,linear
37,226227,535,1,0.997074,0.997074,0.0,25.0,6.0,linear
38,226378,291,1,0.998445,0.998445,0.0,25.0,6.0,linear
39,225742,159,1,0.999163,0.999163,0.0,25.0,6.0,linear
40,226048,66,1,0.999655,0.999655,0.0,25.0,6.0,linear
41,225970,30,1,0.999827,0.999827,0.0,25.0,6.0,linear
42,226002,15,1,0.999912,0.999912,0.0,25.0,6.0,linear
43,225393,7,1,0.999969,0.999969,0.0,25.0,6.0,linear
44,224913,1,1,0.999996,0.999996,0.0,25.0,6.0,linear
45,225262,0,1,1.0,1.0,0.0,25.0,6.0,linear

