generation,size,female_size,fertile_female_size,rate_dr,rate_has_drive,drive_efficiency,drop_ratio,low_density_growth_rate,density_growth_curve
1,78268,49267,1,0.0,0.0,0.0,22.5,6.0,linear
2,78524,49301,1,0.0,0.0,0.0,22.5,6.0,linear
3,79979,50161,1,0.0,0.0,0.0,22.5,6.0,linear
4,79275,49982,1,0.0,0.0,0.0,22.5,6.0,linear
5,78996,50135,1,0.0,0.0,0.0,22.5,6.0,linear
6,78279,50008,1,0.0,0.0,0.0,22.5,6.0,linear
7,78331,49794,1,0.0,0.0,0.0,22.5,6.0,linear
8,78286,49641,1,0.0,0.0,0.0,22.5,6.0,linear
9,78796,49955,1,0.0,0.0,0.0,22.5,6.0,linear
10,79898,50662,1,0.0,0.0,0.0,22.5,6.0,linear
11,215254,50925,1,0.558519,0.558519,0.0,22.5,6.0,linear
12,280847,50156,1,0.62054,0.62054,0.0,22.5,6.0,linear
13,298538,58431,1,0.596546,0.596546,0.0,22.5,6.0,linear
14,307719,63943,1,0.585141,0.585141,0.0,22.5,6.0,linear
15,310896,66758,1,0.589494,0.589494,0.0,22.5,6.0,linear
16,305814,65708,1,0.606972,0.606972,0.0,22.5,6.0,linear
17,297831,62527,1,0.628172,0.628172,0.0,22.5,6.0,linear
18,288380,57281,1,0.649597,0.649597,0.0,22.5,6.0,linear
19,279444,51387,1,0.673428,0.673428,0.0,22.5,6.0,linear
20,271881,45807,1,0.698713,0.698713,0.0,22.5,6.0,linear
21,263820,40462,1,0.725637,0.725637,0.0,22.5,6.0,linear
22,256069,35528,1,0.754974,0.754974,0.0,22.5,6.0,linear
23,248342,30512,1,0.785933,0.785933,0.0,22.5,6.0,linear
24,240552,25704,1,0.815112,0.815112,0.0,22.5,6.0,linear
25,234434,21351,1,0.845718,0.845718,0.0,22.5,6.0,linear
26,227743,17134,1,0.874006,0.874006,0.0,22.5,6.0,linear
27,222523,13421,1,0.901515,0.901515,0.0,22.5,6.0,linear
28,217680,10191,1,0.926893,0.926893,0.0,22.5,6.0,linear
29,212981,7378,1,0.947539,0.947539,0.0,22.5,6.0,linear
30,209832,5150,1,0.964053,0.964053,0.0,22.5,6.0,linear
31,207306,3449,1,0.975938,0.975938,0.0,22.5,6.0,linear
32,205520,2288,1,0.98463,0.98463,0.0,22.5,6.0,linear
33,204543,1404,1,0.990726,0.990726,0.0,22.5,6.0,linear
34,204388,824,1,0.994722,0.994722,0.0,22.5,6.0,linear
35,203655,477,1,0.997167,0.997167,0.0,22.5,6.0,linear
36,203403,236,1,0.998668,0.998668,0.0,22.5,6.0,linear
37,203713,101,1,0.99946,0.99946,0.0,22.5,6.0,linear
38,202951,47,1,0.999759,0.999759,0.0,22.5,6.0,linear
39,202999,17,1,0.999906,0.999906,0.0,22.5,6.0,linear
40,203084,4,1,0.99998,0.99998,0.0,22.5,6.0,linear
41,203158,0,1,1.0,1.0,0.0,22.5,6.0,linear

