generation,size,female_size,fertile_female_size,rate_dr,rate_has_drive,drive_efficiency,drop_ratio,low_density_growth_rate,density_growth_curve
1,77982,48997,1,0.0,0.0,0.0,25.0,6.0,linear
2,78005,49048,1,0.0,0.0,0.0,25.0,6.0,linear
3,80796,50723,1,0.0,0.0,0.0,25.0,6.0,linear
4,81058,51129,1,0.0,0.0,0.0,25.0,6.0,linear
5,78807,50158,1,0.0,0.0,0.0,25.0,6.0,linear
6,76994,49375,1,0.0,0.0,0.0,25.0,6.0,linear
7,77957,49833,1,0.0,0.0,0.0,25.0,6.0,linear
8,79591,50382,1,0.0,0.0,0.0,25.0,6.0,linear
9,79317,50361,1,0.0,0.0,0.0,25.0,6.0,linear
10,78881,50424,1,0.0,0.0,0.0,25.0,6.0,linear
11,229280,50254,1,0.584744,0.584744,0.0,25.0,6.0,linear
12,303782,50020,1,0.644486,0.644486,0.0,25.0,6.0,linear
13,321439,58493,1,0.620943,0.620943,0.0,25.0,6.0,linear
14,330790,64074,1,0.610778,0.610778,0.0,25.0,6.0,linear
15,333008,66178,1,0.616335,0.616335,0.0,25.0,6.0,linear
16,327161,65116,1,0.634567,0.634567,0.0,25.0,6.0,linear
17,318105,61263,1,0.65758,0.65758,0.0,25.0,6.0,linear
18,308351,55664,1,0.680677,0.680677,0.0,25.0,6.0,linear
19,299453,49578,1,0.704118,0.704118,0.0,25.0,6.0,linear
20,291717,44193,1,0.730483,0.730483,0.0,25.0,6.0,linear
21,283246,38466,1,0.75903,0.75903,0.0,25.0,6.0,linear
22,274724,33072,1,0.789018,0.789018,0.0,25.0,6.0,linear
23,267195,28103,1,0.818047,0.818047,0.0,25.0,6.0,linear
24,259613,23437,1,0.847678,0.847678,0.0,25.0,6.0,linear
25,252906,18895,1,0.875254,0.875254,0.0,25.0,6.0,linear
26,246140,14865,1,0.900817,0.900817,0.0,25.0,6.0,linear
27,241543,11491,1,0.925215,0.925215,0.0,25.0,6.0,linear
28,236996,8409,1,0.945091,0.945091,0.0,25.0,6.0,linear
29,233808,6070,1,0.961324,0.961324,0.0,25.0,6.0,linear
30,231476,4149,1,0.973973,0.973973,0.0,25.0,6.0,linear
31,229403,2737,1,0.983349,0.983349,0.0,25.0,6.0,linear
32,228080,1747,1,0.98982,0.98982,0.0,25.0,6.0,linear
33,226396,1021,1,0.994044,0.994044,0.0,25.0,6.0,linear
34,226768,590,1,0.996671,0.996671,0.0,25.0,6.0,linear
35,225880,325,1,0.998238,0.998238,0.0,25.0,6.0,linear
36,225594,169,1,0.999074,0.999074,0.0,25.0,6.0,linear
37,225203,85,1,0.999578,0.999578,0.0,25.0,6.0,linear
38,226247,36,1,0.999832,0.999832,0.0,25.0,6.0,linear
39,225656,14,1,0.999934,0.999934,0.0,25.0,6.0,linear
40,225586,5,1,0.999978,0.999978,0.0,25.0,6.0,linear
41,225629,4,1,0.999982,0.999982,0.0,25.0,6.0,linear
42,225133,1,1,0.999996,0.999996,0.0,25.0,6.0,linear
43,225763,0,1,1.0,1.0,0.0,25.0,6.0,linear

