generation,size,female_size,fertile_female_size,rate_dr,rate_has_drive,drive_efficiency,drop_ratio,low_density_growth_rate,density_growth_curve
1,78337,49012,1,0.0,0.0,0.0,23.75,6.0,linear
2,77737,48751,1,0.0,0.0,0.0,23.75,6.0,linear
3,80651,50449,1,0.0,0.0,0.0,23.75,6.0,linear
4,81239,51214,1,0.0,0.0,0.0,23.75,6.0,linear
5,78782,50293,1,0.0,0.0,0.0,23.75,6.0,linear
6,78110,50031,1,0.0,0.0,0.0,23.75,6.0,linear
7,77733,49921,1,0.0,0.0,0.0,23.75,6.0,linear
8,78340,50177,1,0.0,0.0,0.0,23.75,6.0,linear
9,78751,50308,1,0.0,0.0,0.0,23.75,6.0,linear
10,78050,49851,1,0.0,0.0,0.0,23.75,6.0,linear
11,220704,49631,1,0.570614,0.570614,0.0,23.75,6.0,linear
12,293037,50164,1,0.632344,0.632344,0.0,23.75,6.0,linear
13,309824,58422,1,0.607791,0.607791,0.0,23.75,6.0,linear
14,319824,63884,1,0.599247,0.599247,0.0,23.75,6.0,linear
15,321589,66228,1,0.603028,0.603028,0.0,23.75,6.0,linear
16,317261,65731,1,0.618016,0.618016,0.0,23.75,6.0,linear
17,309946,62417,1,0.637192,0.637192,0.0,23.75,6.0,linear
18,301282,57396,1,0.657631,0.657631,0.0,23.75,6.0,linear
19,292836,51692,1,0.679958,0.679958,0.0,23.75,6.0,linear
20,284487,46684,1,0.701087,0.701087,0.0,23.75,6.0,linear
21,278259,42379,1,0.72706,0.72706,0.0,23.75,6.0,linear
22,269881,37454,1,0.752776,0.752776,0.0,23.75,6.0,linear
23,262691,32993,1,0.779593,0.779593,0.0,23.75,6.0,linear
24,255829,28287,1,0.809186,0.809186,0.0,23.75,6.0,linear
25,248018,23542,1,0.838045,0.838045,0.0,23.75,6.0,linear
26,242011,19230,1,0.866607,0.866607,0.0,23.75,6.0,linear
27,235853,15287,1,0.89415,0.89415,0.0,23.75,6.0,linear
28,230513,11797,1,0.919096,0.919096,0.0,23.75,6.0,linear
29,226166,8748,1,0.940538,0.940538,0.0,23.75,6.0,linear
30,222511,6255,1,0.958198,0.958198,0.0,23.75,6.0,linear
31,219816,4256,1,0.972273,0.972273,0.0,23.75,6.0,linear
32,218058,2812,1,0.98231,0.98231,0.0,23.75,6.0,linear
33,216573,1770,1,0.989449,0.989449,0.0,23.75,6.0,linear
34,215792,1021,1,0.994005,0.994005,0.0,23.75,6.0,linear
35,214980,563,1,0.996898,0.996898,0.0,23.75,6.0,linear
36,214299,284,1,0.998502,0.998502,0.0,23.75,6.0,linear
37,214541,124,1,0.999315,0.999315,0.0,23.75,6.0,linear
38,214471,59,1,0.999692,0.999692,0.0,23.75,6.0,linear
39,214281,29,1,0.999846,0.999846,0.0,23.75,6.0,linear
40,214604,14,1,0.99993,0.99993,0.0,23.75,6.0,linear
41,213842,10,1,0.999953,0.999953,0.0,23.75,6.0,linear
42,213863,6,1,0.999972,0.999972,0.0,23.75,6.0,linear
43,214313,3,1,0.999986,0.999986,0.0,23.75,6.0,linear
44,214513,0,1,1.0,1.0,0.0,23.75,6.0,linear

