generation,size,female_size,fertile_female_size,rate_dr,rate_has_drive,drive_efficiency,drop_ratio,low_density_growth_rate,density_growth_curve
1,78234,49202,1,0.0,0.0,0.0,23.75,6.0,linear
2,78076,49054,1,0.0,0.0,0.0,23.75,6.0,linear
3,79450,49872,1,0.0,0.0,0.0,23.75,6.0,linear
4,81029,51043,1,0.0,0.0,0.0,23.75,6.0,linear
5,80174,51166,1,0.0,0.0,0.0,23.75,6.0,linear
6,77093,49583,1,0.0,0.0,0.0,23.75,6.0,linear
7,75965,48870,1,0.0,0.0,0.0,23.75,6.0,linear
8,78149,49657,1,0.0,0.0,0.0,23.75,6.0,linear
9,79789,50203,1,0.0,0.0,0.0,23.75,6.0,linear
10,80843,50934,1,0.0,0.0,0.0,23.75,6.0,linear
11,221608,50280,1,0.573007,0.573007,0.0,23.75,6.0,linear
12,291152,49621,1,0.634985,0.634985,0.0,23.75,6.0,linear
13,308207,57912,1,0.609984,0.609984,0.0,23.75,6.0,linear
14,318575,63443,1,0.59958,0.59958,0.0,23.75,6.0,linear
15,321716,65839,1,0.602528,0.602528,0.0,23.75,6.0,linear
16,316290,65397,1,0.617553,0.617553,0.0,23.75,6.0,linear
17,309124,62190,1,0.63781,0.63781,0.0,23.75,6.0,linear
18,300349,57377,1,0.658784,0.658784,0.0,23.75,6.0,linear
19,291837,52080,1,0.680585,0.680585,0.0,23.75,6.0,linear
20,284991,46862,1,0.704251,0.704251,0.0,23.75,6.0,linear
21,277489,41793,1,0.728491,0.728491,0.0,23.75,6.0,linear
22,270236,37069,1,0.754385,0.754385,0.0,23.75,6.0,linear
23,262868,32441,1,0.781002,0.781002,0.0,23.75,6.0,linear
24,255761,27847,1,0.80897,0.80897,0.0,23.75,6.0,linear
25,248837,23385,1,0.837427,0.837427,0.0,23.75,6.0,linear
26,242307,19283,1,0.865651,0.865651,0.0,23.75,6.0,linear
27,236470,15286,1,0.892281,0.892281,0.0,23.75,6.0,linear
28,230810,11848,1,0.917094,0.917094,0.0,23.75,6.0,linear
29,226395,8928,1,0.938441,0.938441,0.0,23.75,6.0,linear
30,223205,6542,1,0.955437,0.955437,0.0,23.75,6.0,linear
31,220212,4478,1,0.970008,0.970008,0.0,23.75,6.0,linear
32,217998,2924,1,0.980833,0.980833,0.0,23.75,6.0,linear
33,216503,1896,1,0.988132,0.988132,0.0,23.75,6.0,linear
34,215255,1130,1,0.993187,0.993187,0.0,23.75,6.0,linear
35,214812,640,1,0.996272,0.996272,0.0,23.75,6.0,linear
36,214583,348,1,0.998057,0.998057,0.0,23.75,6.0,linear
37,214349,183,1,0.998978,0.998978,0.0,23.75,6.0,linear
38,214198,84,1,0.999561,0.999561,0.0,23.75,6.0,linear
39,214296,36,1,0.999799,0.999799,0.0,23.75,6.0,linear
40,214303,22,1,0.999893,0.999893,0.0,23.75,6.0,linear
41,215086,10,1,0.999954,0.999954,0.0,23.75,6.0,linear
42,213916,2,1,0.999991,0.999991,0.0,23.75,6.0,linear
43,213844,1,1,0.999995,0.999995,0.0,23.75,6.0,linear
44,214075,0,1,1.0,1.0,0.0,23.75,6.0,linear

