generation,size,female_size,fertile_female_size,rate_dr,rate_has_drive,drive_efficiency,drop_ratio,low_density_growth_rate,density_growth_curve
1,78137,49212,1,0.0,0.0,0.0,21.25,6.0,linear
2,78154,49279,1,0.0,0.0,0.0,21.25,6.0,linear
3,79733,50283,1,0.0,0.0,0.0,21.25,6.0,linear
4,80534,50820,1,0.0,0.0,0.0,21.25,6.0,linear
5,78646,50189,1,0.0,0.0,0.0,21.25,6.0,linear
6,78020,49958,1,0.0,0.0,0.0,21.25,6.0,linear
7,77586,49600,1,0.0,0.0,0.0,21.25,6.0,linear
8,78469,49855,1,0.0,0.0,0.0,21.25,6.0,linear
9,79115,50042,1,0.0,0.0,0.0,21.25,6.0,linear
10,78412,49803,1,0.0,0.0,0.0,21.25,6.0,linear
11,206515,50104,1,0.54223,0.54223,0.0,21.25,6.0,linear
12,270814,50522,1,0.605659,0.605659,0.0,21.25,6.0,linear
13,287511,59014,1,0.579639,0.579639,0.0,21.25,6.0,linear
14,297548,64401,1,0.57008,0.57008,0.0,21.25,6.0,linear
15,300387,66854,1,0.572688,0.572688,0.0,21.25,6.0,linear
16,296244,66480,1,0.587155,0.587155,0.0,21.25,6.0,linear
17,289187,63688,1,0.603565,0.603565,0.0,21.25,6.0,linear
18,282194,59491,1,0.62177,0.62177,0.0,21.25,6.0,linear
19,274639,54263,1,0.64115,0.64115,0.0,21.25,6.0,linear
20,268383,50210,1,0.660022,0.660022,0.0,21.25,6.0,linear
21,262107,46081,1,0.682033,0.682033,0.0,21.25,6.0,linear
22,255118,41939,1,0.702022,0.702022,0.0,21.25,6.0,linear
23,249730,38235,1,0.72678,0.72678,0.0,21.25,6.0,linear
24,242508,33905,1,0.750037,0.750037,0.0,21.25,6.0,linear
25,235711,29834,1,0.776396,0.776396,0.0,21.25,6.0,linear
26,229981,25833,1,0.804496,0.804496,0.0,21.25,6.0,linear
27,223013,21697,1,0.832761,0.832761,0.0,21.25,6.0,linear
28,216782,17753,1,0.862211,0.862211,0.0,21.25,6.0,linear
29,211380,14129,1,0.889832,0.889832,0.0,21.25,6.0,linear
30,206429,10888,1,0.915917,0.915917,0.0,21.25,6.0,linear
31,202912,8006,1,0.938922,0.938922,0.0,21.25,6.0,linear
32,199531,5734,1,0.957316,0.957316,0.0,21.25,6.0,linear
33,197214,3952,1,0.971163,0.971163,0.0,21.25,6.0,linear
34,194947,2562,1,0.981684,0.981684,0.0,21.25,6.0,linear
35,193712,1538,1,0.989416,0.989416,0.0,21.25,6.0,linear
36,193215,861,1,0.994287,0.994287,0.0,21.25,6.0,linear
37,192552,461,1,0.997019,0.997019,0.0,21.25,6.0,linear
38,191943,259,1,0.998453,0.998453,0.0,21.25,6.0,linear
39,191925,112,1,0.999349,0.999349,0.0,21.25,6.0,linear
40,192106,49,1,0.999714,0.999714,0.0,21.25,6.0,linear
41,192057,17,1,0.999911,0.999911,0.0,21.25,6.0,linear
42,191771,6,1,0.999969,0.999969,0.0,21.25,6.0,linear
43,192089,3,1,0.999984,0.999984,0.0,21.25,6.0,linear
44,192201,0,1,1.0,1.0,0.0,21.25,6.0,linear

