generation,size,female_size,fertile_female_size,rate_dr,rate_has_drive,drive_efficiency,drop_ratio,low_density_growth_rate,density_growth_curve
1,78026,49081,1,0.0,0.0,0.0,23.75,6.0,linear
2,78337,49258,1,0.0,0.0,0.0,23.75,6.0,linear
3,80274,50606,1,0.0,0.0,0.0,23.75,6.0,linear
4,81114,51208,1,0.0,0.0,0.0,23.75,6.0,linear
5,77037,49356,1,0.0,0.0,0.0,23.75,6.0,linear
6,76054,48936,1,0.0,0.0,0.0,23.75,6.0,linear
7,78328,49847,1,0.0,0.0,0.0,23.75,6.0,linear
8,79882,50550,1,0.0,0.0,0.0,23.75,6.0,linear
9,78783,50121,1,0.0,0.0,0.0,23.75,6.0,linear
10,77696,49783,1,0.0,0.0,0.0,23.75,6.0,linear
11,221530,50342,1,0.571162,0.571162,0.0,23.75,6.0,linear
12,292532,50167,1,0.631621,0.631621,0.0,23.75,6.0,linear
13,309959,58740,1,0.607835,0.607835,0.0,23.75,6.0,linear
14,319336,64201,1,0.598578,0.598578,0.0,23.75,6.0,linear
15,321552,66456,1,0.603566,0.603566,0.0,23.75,6.0,linear
16,315865,65446,1,0.620683,0.620683,0.0,23.75,6.0,linear
17,308243,61646,1,0.642043,0.642043,0.0,23.75,6.0,linear
18,299324,56419,1,0.663437,0.663437,0.0,23.75,6.0,linear
19,291087,50795,1,0.686431,0.686431,0.0,23.75,6.0,linear
20,283050,45610,1,0.711955,0.711955,0.0,23.75,6.0,linear
21,274082,40126,1,0.738636,0.738636,0.0,23.75,6.0,linear
22,266864,35393,1,0.767415,0.767415,0.0,23.75,6.0,linear
23,259084,30279,1,0.796988,0.796988,0.0,23.75,6.0,linear
24,251604,25557,1,0.825891,0.825891,0.0,23.75,6.0,linear
25,244424,20703,1,0.856079,0.856079,0.0,23.75,6.0,linear
26,238169,16662,1,0.883423,0.883423,0.0,23.75,6.0,linear
27,232728,13110,1,0.909256,0.909256,0.0,23.75,6.0,linear
28,227985,9845,1,0.931861,0.931861,0.0,23.75,6.0,linear
29,223982,7193,1,0.950481,0.950481,0.0,23.75,6.0,linear
30,221284,5163,1,0.965731,0.965731,0.0,23.75,6.0,linear
31,218481,3463,1,0.977587,0.977587,0.0,23.75,6.0,linear
32,216609,2146,1,0.986684,0.986684,0.0,23.75,6.0,linear
33,215336,1256,1,0.992438,0.992438,0.0,23.75,6.0,linear
34,215047,719,1,0.995936,0.995936,0.0,23.75,6.0,linear
35,214480,395,1,0.997944,0.997944,0.0,23.75,6.0,linear
36,214656,193,1,0.999008,0.999008,0.0,23.75,6.0,linear
37,214938,86,1,0.999577,0.999577,0.0,23.75,6.0,linear
38,214655,26,1,0.999879,0.999879,0.0,23.75,6.0,linear
39,214563,8,1,0.999963,0.999963,0.0,23.75,6.0,linear
40,214857,0,1,1.0,1.0,0.0,23.75,6.0,linear

