generation,size,female_size,fertile_female_size,rate_dr,rate_has_drive,drive_efficiency,drop_ratio,low_density_growth_rate,density_growth_curve
1,78081,49122,1,0.0,0.0,0.0,23.75,6.0,linear
2,77998,49216,1,0.0,0.0,0.0,23.75,6.0,linear
3,80356,50524,1,0.0,0.0,0.0,23.75,6.0,linear
4,80008,50590,1,0.0,0.0,0.0,23.75,6.0,linear
5,77821,49719,1,0.0,0.0,0.0,23.75,6.0,linear
6,77640,49712,1,0.0,0.0,0.0,23.75,6.0,linear
7,78251,49776,1,0.0,0.0,0.0,23.75,6.0,linear
8,78913,49984,1,0.0,0.0,0.0,23.75,6.0,linear
9,78742,49916,1,0.0,0.0,0.0,23.75,6.0,linear
10,78011,49830,1,0.0,0.0,0.0,23.75,6.0,linear
11,221174,50166,1,0.570358,0.570358,0.0,23.75,6.0,linear
12,293000,50344,1,0.631181,0.631181,0.0,23.75,6.0,linear
13,310432,59036,1,0.607328,0.607328,0.0,23.75,6.0,linear
14,319547,64233,1,0.598915,0.598915,0.0,23.75,6.0,linear
15,320905,66395,1,0.604525,0.604525,0.0,23.75,6.0,linear
16,315778,64960,1,0.623946,0.623946,0.0,23.75,6.0,linear
17,306460,60990,1,0.647609,0.647609,0.0,23.75,6.0,linear
18,296523,55156,1,0.671612,0.671612,0.0,23.75,6.0,linear
19,287495,49190,1,0.695501,0.695501,0.0,23.75,6.0,linear
20,279057,43532,1,0.724151,0.724151,0.0,23.75,6.0,linear
21,270617,37857,1,0.75276,0.75276,0.0,23.75,6.0,linear
22,262747,32730,1,0.78436,0.78436,0.0,23.75,6.0,linear
23,253674,27466,1,0.815049,0.815049,0.0,23.75,6.0,linear
24,246810,22623,1,0.846024,0.846024,0.0,23.75,6.0,linear
25,240556,18279,1,0.875736,0.875736,0.0,23.75,6.0,linear
26,233700,13991,1,0.903525,0.903525,0.0,23.75,6.0,linear
27,228929,10636,1,0.92805,0.92805,0.0,23.75,6.0,linear
28,224414,7722,1,0.947819,0.947819,0.0,23.75,6.0,linear
29,221533,5450,1,0.963614,0.963614,0.0,23.75,6.0,linear
30,219146,3798,1,0.975385,0.975385,0.0,23.75,6.0,linear
31,217629,2434,1,0.984404,0.984404,0.0,23.75,6.0,linear
32,216101,1469,1,0.990507,0.990507,0.0,23.75,6.0,linear
33,214980,906,1,0.994355,0.994355,0.0,23.75,6.0,linear
34,215059,511,1,0.996978,0.996978,0.0,23.75,6.0,linear
35,214996,276,1,0.998498,0.998498,0.0,23.75,6.0,linear
36,214787,144,1,0.999278,0.999278,0.0,23.75,6.0,linear
37,214760,71,1,0.999665,0.999665,0.0,23.75,6.0,linear
38,214155,27,1,0.999874,0.999874,0.0,23.75,6.0,linear
39,214246,5,1,0.999977,0.999977,0.0,23.75,6.0,linear
40,214359,0,1,1.0,1.0,0.0,23.75,6.0,linear

