generation,size,female_size,fertile_female_size,rate_dr,rate_has_drive,drive_efficiency,drop_ratio,low_density_growth_rate,density_growth_curve
1,78563,49439,1,0.0,0.0,0.0,21.25,6.0,linear
2,78135,49168,1,0.0,0.0,0.0,21.25,6.0,linear
3,79209,50134,1,0.0,0.0,0.0,21.25,6.0,linear
4,80029,50855,1,0.0,0.0,0.0,21.25,6.0,linear
5,78829,50351,1,0.0,0.0,0.0,21.25,6.0,linear
6,76933,49437,1,0.0,0.0,0.0,21.25,6.0,linear
7,76396,48957,1,0.0,0.0,0.0,21.25,6.0,linear
8,79584,50459,1,0.0,0.0,0.0,21.25,6.0,linear
9,80854,51061,1,0.0,0.0,0.0,21.25,6.0,linear
10,79036,50570,1,0.0,0.0,0.0,21.25,6.0,linear
11,205368,49853,1,0.547247,0.547247,0.0,21.25,6.0,linear
12,269788,49712,1,0.609163,0.609163,0.0,21.25,6.0,linear
13,286917,57945,1,0.582992,0.582992,0.0,21.25,6.0,linear
14,296773,63415,1,0.573252,0.573252,0.0,21.25,6.0,linear
15,298555,65741,1,0.577001,0.577001,0.0,21.25,6.0,linear
16,294853,65560,1,0.594018,0.594018,0.0,21.25,6.0,linear
17,286230,62093,1,0.613493,0.613493,0.0,21.25,6.0,linear
18,278018,57314,1,0.63312,0.63312,0.0,21.25,6.0,linear
19,270245,51938,1,0.655888,0.655888,0.0,21.25,6.0,linear
20,263260,46830,1,0.681454,0.681454,0.0,21.25,6.0,linear
21,255043,41611,1,0.707916,0.707916,0.0,21.25,6.0,linear
22,247040,36484,1,0.736953,0.736953,0.0,21.25,6.0,linear
23,239436,31611,1,0.765683,0.765683,0.0,21.25,6.0,linear
24,232571,27383,1,0.79541,0.79541,0.0,21.25,6.0,linear
25,225353,22836,1,0.826398,0.826398,0.0,21.25,6.0,linear
26,219007,18815,1,0.855103,0.855103,0.0,21.25,6.0,linear
27,212668,14955,1,0.883681,0.883681,0.0,21.25,6.0,linear
28,207720,11602,1,0.91049,0.91049,0.0,21.25,6.0,linear
29,203338,8651,1,0.93389,0.93389,0.0,21.25,6.0,linear
30,199388,6123,1,0.953739,0.953739,0.0,21.25,6.0,linear
31,197267,4209,1,0.96875,0.96875,0.0,21.25,6.0,linear
32,195766,2752,1,0.980102,0.980102,0.0,21.25,6.0,linear
33,193875,1647,1,0.988002,0.988002,0.0,21.25,6.0,linear
34,192832,984,1,0.993033,0.993033,0.0,21.25,6.0,linear
35,192329,616,1,0.996023,0.996023,0.0,21.25,6.0,linear
36,192795,343,1,0.997806,0.997806,0.0,21.25,6.0,linear
37,191783,174,1,0.998926,0.998926,0.0,21.25,6.0,linear
38,191817,83,1,0.999536,0.999536,0.0,21.25,6.0,linear
39,191756,29,1,0.999833,0.999833,0.0,21.25,6.0,linear
40,192153,9,1,0.999953,0.999953,0.0,21.25,6.0,linear
41,192071,4,1,0.999979,0.999979,0.0,21.25,6.0,linear
42,191608,0,1,1.0,1.0,0.0,21.25,6.0,linear

