generation,size,female_size,fertile_female_size,rate_dr,rate_has_drive,drive_efficiency,drop_ratio,low_density_growth_rate,density_growth_curve
1,77790,48774,1,0.0,0.0,0.0,21.25,6.0,linear
2,78107,48803,1,0.0,0.0,0.0,21.25,6.0,linear
3,80214,50303,1,0.0,0.0,0.0,21.25,6.0,linear
4,81207,50922,1,0.0,0.0,0.0,21.25,6.0,linear
5,78530,50164,1,0.0,0.0,0.0,21.25,6.0,linear
6,77560,49590,1,0.0,0.0,0.0,21.25,6.0,linear
7,78116,49682,1,0.0,0.0,0.0,21.25,6.0,linear
8,78443,49561,1,0.0,0.0,0.0,21.25,6.0,linear
9,78630,49836,1,0.0,0.0,0.0,21.25,6.0,linear
10,78918,49929,1,0.0,0.0,0.0,21.25,6.0,linear
11,207258,50398,1,0.541293,0.541293,0.0,21.25,6.0,linear
12,271360,50681,1,0.605568,0.605568,0.0,21.25,6.0,linear
13,287465,58646,1,0.58012,0.58012,0.0,21.25,6.0,linear
14,297133,64080,1,0.569785,0.569785,0.0,21.25,6.0,linear
15,300116,66819,1,0.572126,0.572126,0.0,21.25,6.0,linear
16,296215,66345,1,0.586658,0.586658,0.0,21.25,6.0,linear
17,288722,63573,1,0.602363,0.602363,0.0,21.25,6.0,linear
18,281697,59671,1,0.617548,0.617548,0.0,21.25,6.0,linear
19,275612,55074,1,0.636586,0.636586,0.0,21.25,6.0,linear
20,269305,50838,1,0.655402,0.655402,0.0,21.25,6.0,linear
21,262951,46697,1,0.675472,0.675472,0.0,21.25,6.0,linear
22,256787,42672,1,0.697497,0.697497,0.0,21.25,6.0,linear
23,250144,38608,1,0.721234,0.721234,0.0,21.25,6.0,linear
24,243479,34472,1,0.744985,0.744985,0.0,21.25,6.0,linear
25,237127,30665,1,0.770403,0.770403,0.0,21.25,6.0,linear
26,231259,26555,1,0.796726,0.796726,0.0,21.25,6.0,linear
27,225562,22683,1,0.825091,0.825091,0.0,21.25,6.0,linear
28,219427,18979,1,0.852825,0.852825,0.0,21.25,6.0,linear
29,213593,15419,1,0.879808,0.879808,0.0,21.25,6.0,linear
30,208653,12186,1,0.906581,0.906581,0.0,21.25,6.0,linear
31,204501,9068,1,0.93011,0.93011,0.0,21.25,6.0,linear
32,200633,6649,1,0.948711,0.948711,0.0,21.25,6.0,linear
33,198349,4752,1,0.964051,0.964051,0.0,21.25,6.0,linear
34,196400,3288,1,0.975704,0.975704,0.0,21.25,6.0,linear
35,194736,2163,1,0.984574,0.984574,0.0,21.25,6.0,linear
36,193960,1353,1,0.990713,0.990713,0.0,21.25,6.0,linear
37,192660,808,1,0.994675,0.994675,0.0,21.25,6.0,linear
38,192370,464,1,0.997094,0.997094,0.0,21.25,6.0,linear
39,191983,225,1,0.998677,0.998677,0.0,21.25,6.0,linear
40,191706,91,1,0.999494,0.999494,0.0,21.25,6.0,linear
41,191355,32,1,0.999833,0.999833,0.0,21.25,6.0,linear
42,191324,6,1,0.999969,0.999969,0.0,21.25,6.0,linear
43,191522,2,1,0.99999,0.99999,0.0,21.25,6.0,linear
44,191463,0,1,1.0,1.0,0.0,21.25,6.0,linear

