generation,size,female_size,fertile_female_size,rate_dr,rate_has_drive,drive_efficiency,drop_ratio,low_density_growth_rate,density_growth_curve
1,78243,49303,1,0.0,0.0,0.0,22.5,6.0,linear
2,78390,49358,1,0.0,0.0,0.0,22.5,6.0,linear
3,79367,49897,1,0.0,0.0,0.0,22.5,6.0,linear
4,79486,50136,1,0.0,0.0,0.0,22.5,6.0,linear
5,79205,50172,1,0.0,0.0,0.0,22.5,6.0,linear
6,78247,49932,1,0.0,0.0,0.0,22.5,6.0,linear
7,78539,50048,1,0.0,0.0,0.0,22.5,6.0,linear
8,79195,50297,1,0.0,0.0,0.0,22.5,6.0,linear
9,78355,49788,1,0.0,0.0,0.0,22.5,6.0,linear
10,77909,49860,1,0.0,0.0,0.0,22.5,6.0,linear
11,214072,49846,1,0.557944,0.557944,0.0,22.5,6.0,linear
12,282284,50026,1,0.620293,0.620293,0.0,22.5,6.0,linear
13,299512,58523,1,0.595623,0.595623,0.0,22.5,6.0,linear
14,308510,64067,1,0.583942,0.583942,0.0,22.5,6.0,linear
15,311682,67122,1,0.586076,0.586076,0.0,22.5,6.0,linear
16,307139,66704,1,0.599748,0.599748,0.0,22.5,6.0,linear
17,300326,64127,1,0.615826,0.615826,0.0,22.5,6.0,linear
18,293328,59953,1,0.632338,0.632338,0.0,22.5,6.0,linear
19,286149,55294,1,0.6504,0.6504,0.0,22.5,6.0,linear
20,280368,50664,1,0.671028,0.671028,0.0,22.5,6.0,linear
21,273623,46426,1,0.691384,0.691384,0.0,22.5,6.0,linear
22,266961,42097,1,0.714137,0.714137,0.0,22.5,6.0,linear
23,260412,37737,1,0.738914,0.738914,0.0,22.5,6.0,linear
24,252737,33290,1,0.763431,0.763431,0.0,22.5,6.0,linear
25,246596,29085,1,0.791072,0.791072,0.0,22.5,6.0,linear
26,239697,24926,1,0.817524,0.817524,0.0,22.5,6.0,linear
27,234104,21020,1,0.84523,0.84523,0.0,22.5,6.0,linear
28,228357,17356,1,0.87214,0.87214,0.0,22.5,6.0,linear
29,222648,13799,1,0.898875,0.898875,0.0,22.5,6.0,linear
30,218372,10711,1,0.923183,0.923183,0.0,22.5,6.0,linear
31,213888,7781,1,0.944691,0.944691,0.0,22.5,6.0,linear
32,210469,5595,1,0.96093,0.96093,0.0,22.5,6.0,linear
33,207882,3718,1,0.973407,0.973407,0.0,22.5,6.0,linear
34,205743,2509,1,0.98223,0.98223,0.0,22.5,6.0,linear
35,205238,1620,1,0.988903,0.988903,0.0,22.5,6.0,linear
36,204561,959,1,0.9937,0.9937,0.0,22.5,6.0,linear
37,203668,554,1,0.996622,0.996622,0.0,22.5,6.0,linear
38,203062,314,1,0.998227,0.998227,0.0,22.5,6.0,linear
39,202884,169,1,0.999078,0.999078,0.0,22.5,6.0,linear
40,203209,80,1,0.999572,0.999572,0.0,22.5,6.0,linear
41,203654,21,1,0.999897,0.999897,0.0,22.5,6.0,linear
42,202909,8,1,0.999961,0.999961,0.0,22.5,6.0,linear
43,203258,1,1,0.999995,0.999995,0.0,22.5,6.0,linear
44,203560,0,1,1.0,1.0,0.0,22.5,6.0,linear

