generation,size,female_size,fertile_female_size,rate_dr,rate_has_drive,drive_efficiency,drop_ratio,low_density_growth_rate,density_growth_curve
1,78313,49163,1,0.0,0.0,0.0,25.0,6.0,linear
2,78024,48955,1,0.0,0.0,0.0,25.0,6.0,linear
3,79439,49704,1,0.0,0.0,0.0,25.0,6.0,linear
4,80553,50706,1,0.0,0.0,0.0,25.0,6.0,linear
5,80344,50834,1,0.0,0.0,0.0,25.0,6.0,linear
6,77755,49832,1,0.0,0.0,0.0,25.0,6.0,linear
7,77319,49769,1,0.0,0.0,0.0,25.0,6.0,linear
8,77805,49676,1,0.0,0.0,0.0,25.0,6.0,linear
9,78759,49817,1,0.0,0.0,0.0,25.0,6.0,linear
10,79361,50270,1,0.0,0.0,0.0,25.0,6.0,linear
11,229186,50078,1,0.584313,0.584313,0.0,25.0,6.0,linear
12,303243,49645,1,0.644521,0.644521,0.0,25.0,6.0,linear
13,321411,58946,1,0.620324,0.620324,0.0,25.0,6.0,linear
14,330550,64268,1,0.610051,0.610051,0.0,25.0,6.0,linear
15,333668,67011,1,0.61316,0.61316,0.0,25.0,6.0,linear
16,328720,66014,1,0.629085,0.629085,0.0,25.0,6.0,linear
17,320477,62873,1,0.647908,0.647908,0.0,25.0,6.0,linear
18,311924,57597,1,0.669621,0.669621,0.0,25.0,6.0,linear
19,303586,51739,1,0.692423,0.692423,0.0,25.0,6.0,linear
20,296206,46536,1,0.715047,0.715047,0.0,25.0,6.0,linear
21,288834,41646,1,0.740192,0.740192,0.0,25.0,6.0,linear
22,280630,36556,1,0.767641,0.767641,0.0,25.0,6.0,linear
23,272754,31930,1,0.794554,0.794554,0.0,25.0,6.0,linear
24,265598,27185,1,0.822293,0.822293,0.0,25.0,6.0,linear
25,258646,22809,1,0.850207,0.850207,0.0,25.0,6.0,linear
26,252443,18546,1,0.877119,0.877119,0.0,25.0,6.0,linear
27,246062,14612,1,0.902684,0.902684,0.0,25.0,6.0,linear
28,241047,11237,1,0.92581,0.92581,0.0,25.0,6.0,linear
29,236762,8314,1,0.945831,0.945831,0.0,25.0,6.0,linear
30,233248,5898,1,0.962183,0.962183,0.0,25.0,6.0,linear
31,230917,4050,1,0.974592,0.974592,0.0,25.0,6.0,linear
32,228727,2660,1,0.983814,0.983814,0.0,25.0,6.0,linear
33,227052,1595,1,0.990391,0.990391,0.0,25.0,6.0,linear
34,226664,988,1,0.994275,0.994275,0.0,25.0,6.0,linear
35,226480,570,1,0.996804,0.996804,0.0,25.0,6.0,linear
36,225619,303,1,0.998289,0.998289,0.0,25.0,6.0,linear
37,226004,150,1,0.99915,0.99915,0.0,25.0,6.0,linear
38,225595,79,1,0.999561,0.999561,0.0,25.0,6.0,linear
39,225480,41,1,0.9998,0.9998,0.0,25.0,6.0,linear
40,225515,20,1,0.999898,0.999898,0.0,25.0,6.0,linear
41,225434,6,1,0.999973,0.999973,0.0,25.0,6.0,linear
42,225394,3,1,0.999987,0.999987,0.0,25.0,6.0,linear
43,225776,0,1,1.0,1.0,0.0,25.0,6.0,linear

