generation,size,female_size,fertile_female_size,rate_dr,rate_has_drive,drive_efficiency,drop_ratio,low_density_growth_rate,density_growth_curve
1,78082,48771,1,0.0,0.0,0.0,20.0,6.0,linear
2,78204,49012,1,0.0,0.0,0.0,20.0,6.0,linear
3,80317,50384,1,0.0,0.0,0.0,20.0,6.0,linear
4,81811,51488,1,0.0,0.0,0.0,20.0,6.0,linear
5,78532,50095,1,0.0,0.0,0.0,20.0,6.0,linear
6,76541,49430,1,0.0,0.0,0.0,20.0,6.0,linear
7,77910,49880,1,0.0,0.0,0.0,20.0,6.0,linear
8,79224,50145,1,0.0,0.0,0.0,20.0,6.0,linear
9,78201,49490,1,0.0,0.0,0.0,20.0,6.0,linear
10,78413,49833,1,0.0,0.0,0.0,20.0,6.0,linear
11,198797,50204,1,0.529035,0.529035,0.0,20.0,6.0,linear
12,258779,49958,1,0.592414,0.592414,0.0,20.0,6.0,linear
13,275719,58371,1,0.56688,0.56688,0.0,20.0,6.0,linear
14,284974,63665,1,0.555858,0.555858,0.0,20.0,6.0,linear
15,288048,66310,1,0.558923,0.558923,0.0,20.0,6.0,linear
16,284045,66257,1,0.572511,0.572511,0.0,20.0,6.0,linear
17,277557,63706,1,0.58912,0.58912,0.0,20.0,6.0,linear
18,270279,59429,1,0.605983,0.605983,0.0,20.0,6.0,linear
19,263261,54553,1,0.626134,0.626134,0.0,20.0,6.0,linear
20,256910,50182,1,0.647121,0.647121,0.0,20.0,6.0,linear
21,250396,45779,1,0.670622,0.670622,0.0,20.0,6.0,linear
22,242703,41474,1,0.693653,0.693653,0.0,20.0,6.0,linear
23,236600,37323,1,0.720885,0.720885,0.0,20.0,6.0,linear
24,229373,32604,1,0.747674,0.747674,0.0,20.0,6.0,linear
25,222698,28325,1,0.775221,0.775221,0.0,20.0,6.0,linear
26,216854,24400,1,0.805032,0.805032,0.0,20.0,6.0,linear
27,210382,20392,1,0.834289,0.834289,0.0,20.0,6.0,linear
28,204082,16600,1,0.864265,0.864265,0.0,20.0,6.0,linear
29,198805,13119,1,0.89243,0.89243,0.0,20.0,6.0,linear
30,195014,10148,1,0.917825,0.917825,0.0,20.0,6.0,linear
31,190775,7490,1,0.940226,0.940226,0.0,20.0,6.0,linear
32,187779,5297,1,0.958602,0.958602,0.0,20.0,6.0,linear
33,184736,3577,1,0.972805,0.972805,0.0,20.0,6.0,linear
34,183224,2339,1,0.982401,0.982401,0.0,20.0,6.0,linear
35,182375,1464,1,0.989396,0.989396,0.0,20.0,6.0,linear
36,181967,870,1,0.993825,0.993825,0.0,20.0,6.0,linear
37,181065,481,1,0.996736,0.996736,0.0,20.0,6.0,linear
38,180146,260,1,0.998324,0.998324,0.0,20.0,6.0,linear
39,179770,117,1,0.999271,0.999271,0.0,20.0,6.0,linear
40,179865,42,1,0.999761,0.999761,0.0,20.0,6.0,linear
41,180288,13,1,0.999928,0.999928,0.0,20.0,6.0,linear
42,181140,7,1,0.999961,0.999961,0.0,20.0,6.0,linear
43,180395,3,1,0.999983,0.999983,0.0,20.0,6.0,linear
44,180301,0,1,1.0,1.0,0.0,20.0,6.0,linear

