generation,size,female_size,fertile_female_size,rate_dr,rate_has_drive,drive_efficiency,drop_ratio,low_density_growth_rate,density_growth_curve
1,78462,49334,1,0.0,0.0,0.0,22.5,6.0,linear
2,78074,49079,1,0.0,0.0,0.0,22.5,6.0,linear
3,79961,50146,1,0.0,0.0,0.0,22.5,6.0,linear
4,79951,50500,1,0.0,0.0,0.0,22.5,6.0,linear
5,79370,50529,1,0.0,0.0,0.0,22.5,6.0,linear
6,77995,50042,1,0.0,0.0,0.0,22.5,6.0,linear
7,77645,49741,1,0.0,0.0,0.0,22.5,6.0,linear
8,77916,49632,1,0.0,0.0,0.0,22.5,6.0,linear
9,77846,49364,1,0.0,0.0,0.0,22.5,6.0,linear
10,79608,50455,1,0.0,0.0,0.0,22.5,6.0,linear
11,214484,50226,1,0.559131,0.559131,0.0,22.5,6.0,linear
12,281543,50180,1,0.620014,0.620014,0.0,22.5,6.0,linear
13,298475,58798,1,0.595527,0.595527,0.0,22.5,6.0,linear
14,307931,64041,1,0.584551,0.584551,0.0,22.5,6.0,linear
15,310541,66638,1,0.58993,0.58993,0.0,22.5,6.0,linear
16,304864,65476,1,0.606844,0.606844,0.0,22.5,6.0,linear
17,297169,62159,1,0.628748,0.628748,0.0,22.5,6.0,linear
18,287721,56882,1,0.65177,0.65177,0.0,22.5,6.0,linear
19,278600,50556,1,0.676867,0.676867,0.0,22.5,6.0,linear
20,270814,45257,1,0.702252,0.702252,0.0,22.5,6.0,linear
21,263084,39863,1,0.730081,0.730081,0.0,22.5,6.0,linear
22,254909,34956,1,0.758439,0.758439,0.0,22.5,6.0,linear
23,246869,30056,1,0.787464,0.787464,0.0,22.5,6.0,linear
24,239952,25494,1,0.818475,0.818475,0.0,22.5,6.0,linear
25,233612,21032,1,0.849135,0.849135,0.0,22.5,6.0,linear
26,226635,16780,1,0.877285,0.877285,0.0,22.5,6.0,linear
27,221063,13136,1,0.903922,0.903922,0.0,22.5,6.0,linear
28,216922,9883,1,0.929254,0.929254,0.0,22.5,6.0,linear
29,212933,7106,1,0.948961,0.948961,0.0,22.5,6.0,linear
30,209480,5011,1,0.964906,0.964906,0.0,22.5,6.0,linear
31,207036,3363,1,0.977252,0.977252,0.0,22.5,6.0,linear
32,205461,2128,1,0.985816,0.985816,0.0,22.5,6.0,linear
33,204773,1339,1,0.991369,0.991369,0.0,22.5,6.0,linear
34,203715,756,1,0.995313,0.995313,0.0,22.5,6.0,linear
35,203647,416,1,0.997525,0.997525,0.0,22.5,6.0,linear
36,203294,210,1,0.998839,0.998839,0.0,22.5,6.0,linear
37,203114,91,1,0.999478,0.999478,0.0,22.5,6.0,linear
38,203610,46,1,0.999754,0.999754,0.0,22.5,6.0,linear
39,203120,13,1,0.999936,0.999936,0.0,22.5,6.0,linear
40,202742,5,1,0.999975,0.999975,0.0,22.5,6.0,linear
41,203006,1,1,0.999995,0.999995,0.0,22.5,6.0,linear
42,202858,0,1,1.0,1.0,0.0,22.5,6.0,linear

