generation,size,female_size,fertile_female_size,rate_dr,rate_has_drive,drive_efficiency,drop_ratio,low_density_growth_rate,density_growth_curve
1,78465,49326,1,0.0,0.0,0.0,25.0,6.0,linear
2,78664,49467,1,0.0,0.0,0.0,25.0,6.0,linear
3,79659,50059,1,0.0,0.0,0.0,25.0,6.0,linear
4,79145,50196,1,0.0,0.0,0.0,25.0,6.0,linear
5,78616,50206,1,0.0,0.0,0.0,25.0,6.0,linear
6,78615,50376,1,0.0,0.0,0.0,25.0,6.0,linear
7,78835,50404,1,0.0,0.0,0.0,25.0,6.0,linear
8,78253,49984,1,0.0,0.0,0.0,25.0,6.0,linear
9,77053,49363,1,0.0,0.0,0.0,25.0,6.0,linear
10,78072,49775,1,0.0,0.0,0.0,25.0,6.0,linear
11,229971,50463,1,0.582924,0.582924,0.0,25.0,6.0,linear
12,305123,50520,1,0.641767,0.641767,0.0,25.0,6.0,linear
13,322793,59600,1,0.619303,0.619303,0.0,25.0,6.0,linear
14,331329,64590,1,0.611048,0.611048,0.0,25.0,6.0,linear
15,333135,66724,1,0.617455,0.617455,0.0,25.0,6.0,linear
16,327077,64869,1,0.637447,0.637447,0.0,25.0,6.0,linear
17,317234,60566,1,0.662843,0.662843,0.0,25.0,6.0,linear
18,306118,54188,1,0.688859,0.688859,0.0,25.0,6.0,linear
19,295897,47309,1,0.716899,0.716899,0.0,25.0,6.0,linear
20,286633,41028,1,0.745891,0.745891,0.0,25.0,6.0,linear
21,278156,35195,1,0.775864,0.775864,0.0,25.0,6.0,linear
22,270175,30339,1,0.805954,0.805954,0.0,25.0,6.0,linear
23,261583,25034,1,0.836258,0.836258,0.0,25.0,6.0,linear
24,254569,20423,1,0.864371,0.864371,0.0,25.0,6.0,linear
25,249057,16402,1,0.892917,0.892917,0.0,25.0,6.0,linear
26,243280,12553,1,0.917423,0.917423,0.0,25.0,6.0,linear
27,238437,9512,1,0.938642,0.938642,0.0,25.0,6.0,linear
28,234579,6849,1,0.95676,0.95676,0.0,25.0,6.0,linear
29,232259,4702,1,0.971145,0.971145,0.0,25.0,6.0,linear
30,229682,3065,1,0.98171,0.98171,0.0,25.0,6.0,linear
31,228036,1854,1,0.989131,0.989131,0.0,25.0,6.0,linear
32,227046,1081,1,0.993687,0.993687,0.0,25.0,6.0,linear
33,226084,631,1,0.996374,0.996374,0.0,25.0,6.0,linear
34,226017,354,1,0.99808,0.99808,0.0,25.0,6.0,linear
35,225504,173,1,0.999038,0.999038,0.0,25.0,6.0,linear
36,225722,83,1,0.99957,0.99957,0.0,25.0,6.0,linear
37,226170,39,1,0.99981,0.99981,0.0,25.0,6.0,linear
38,225223,22,1,0.999893,0.999893,0.0,25.0,6.0,linear
39,225462,6,1,0.999973,0.999973,0.0,25.0,6.0,linear
40,225357,0,1,1.0,1.0,0.0,25.0,6.0,linear

