generation,size,female_size,fertile_female_size,rate_dr,rate_has_drive,drive_efficiency,drop_ratio,low_density_growth_rate,density_growth_curve
1,78332,48989,1,0.0,0.0,0.0,25.0,6.0,linear
2,78361,49207,1,0.0,0.0,0.0,25.0,6.0,linear
3,80422,50444,1,0.0,0.0,0.0,25.0,6.0,linear
4,80301,50793,1,0.0,0.0,0.0,25.0,6.0,linear
5,80340,51200,1,0.0,0.0,0.0,25.0,6.0,linear
6,76734,49375,1,0.0,0.0,0.0,25.0,6.0,linear
7,78080,49971,1,0.0,0.0,0.0,25.0,6.0,linear
8,78759,49985,1,0.0,0.0,0.0,25.0,6.0,linear
9,79122,50060,1,0.0,0.0,0.0,25.0,6.0,linear
10,78662,49878,1,0.0,0.0,0.0,25.0,6.0,linear
11,228693,49941,1,0.581086,0.581086,0.0,25.0,6.0,linear
12,305076,50859,1,0.641737,0.641737,0.0,25.0,6.0,linear
13,322030,59149,1,0.618387,0.618387,0.0,25.0,6.0,linear
14,332087,64430,1,0.609801,0.609801,0.0,25.0,6.0,linear
15,333589,66882,1,0.614867,0.614867,0.0,25.0,6.0,linear
16,327487,65614,1,0.630521,0.630521,0.0,25.0,6.0,linear
17,320460,62487,1,0.652296,0.652296,0.0,25.0,6.0,linear
18,310396,56601,1,0.6741,0.6741,0.0,25.0,6.0,linear
19,301628,50892,1,0.697366,0.697366,0.0,25.0,6.0,linear
20,293896,45427,1,0.723065,0.723065,0.0,25.0,6.0,linear
21,286032,40204,1,0.749067,0.749067,0.0,25.0,6.0,linear
22,277434,35008,1,0.776498,0.776498,0.0,25.0,6.0,linear
23,270287,30079,1,0.805699,0.805699,0.0,25.0,6.0,linear
24,262669,25486,1,0.834348,0.834348,0.0,25.0,6.0,linear
25,255074,20799,1,0.861204,0.861204,0.0,25.0,6.0,linear
26,249750,16884,1,0.887681,0.887681,0.0,25.0,6.0,linear
27,244359,13133,1,0.912226,0.912226,0.0,25.0,6.0,linear
28,239368,9975,1,0.934299,0.934299,0.0,25.0,6.0,linear
29,235679,7219,1,0.953578,0.953578,0.0,25.0,6.0,linear
30,232280,5119,1,0.96755,0.96755,0.0,25.0,6.0,linear
31,229557,3494,1,0.979125,0.979125,0.0,25.0,6.0,linear
32,227756,2145,1,0.987313,0.987313,0.0,25.0,6.0,linear
33,227137,1344,1,0.99219,0.99219,0.0,25.0,6.0,linear
34,226732,833,1,0.995282,0.995282,0.0,25.0,6.0,linear
35,226201,436,1,0.997516,0.997516,0.0,25.0,6.0,linear
36,225919,214,1,0.998796,0.998796,0.0,25.0,6.0,linear
37,225784,126,1,0.999367,0.999367,0.0,25.0,6.0,linear
38,226015,77,1,0.999642,0.999642,0.0,25.0,6.0,linear
39,225722,35,1,0.999845,0.999845,0.0,25.0,6.0,linear
40,225901,18,1,0.99992,0.99992,0.0,25.0,6.0,linear
41,225407,9,1,0.99996,0.99996,0.0,25.0,6.0,linear
42,225679,1,1,0.999996,0.999996,0.0,25.0,6.0,linear
43,225808,0,1,1.0,1.0,0.0,25.0,6.0,linear

