generation,size,female_size,fertile_female_size,rate_dr,rate_has_drive,drive_efficiency,drop_ratio,low_density_growth_rate,density_growth_curve
1,77794,48909,1,0.0,0.0,0.0,25.0,6.0,linear
2,78559,49359,1,0.0,0.0,0.0,25.0,6.0,linear
3,79848,50168,1,0.0,0.0,0.0,25.0,6.0,linear
4,80116,50508,1,0.0,0.0,0.0,25.0,6.0,linear
5,79329,50354,1,0.0,0.0,0.0,25.0,6.0,linear
6,78391,50163,1,0.0,0.0,0.0,25.0,6.0,linear
7,78502,50267,1,0.0,0.0,0.0,25.0,6.0,linear
8,78157,49760,1,0.0,0.0,0.0,25.0,6.0,linear
9,77275,49220,1,0.0,0.0,0.0,25.0,6.0,linear
10,78227,49731,1,0.0,0.0,0.0,25.0,6.0,linear
11,230349,50650,1,0.581452,0.581452,0.0,25.0,6.0,linear
12,305384,50607,1,0.643337,0.643337,0.0,25.0,6.0,linear
13,322356,59100,1,0.620201,0.620201,0.0,25.0,6.0,linear
14,331262,64447,1,0.611132,0.611132,0.0,25.0,6.0,linear
15,332734,66370,1,0.615286,0.615286,0.0,25.0,6.0,linear
16,327613,65629,1,0.63193,0.63193,0.0,25.0,6.0,linear
17,319416,61685,1,0.654026,0.654026,0.0,25.0,6.0,linear
18,309804,56452,1,0.676134,0.676134,0.0,25.0,6.0,linear
19,300494,49938,1,0.702912,0.702912,0.0,25.0,6.0,linear
20,291583,44067,1,0.726866,0.726866,0.0,25.0,6.0,linear
21,284101,38862,1,0.754891,0.754891,0.0,25.0,6.0,linear
22,276056,33813,1,0.782793,0.782793,0.0,25.0,6.0,linear
23,268126,29040,1,0.811722,0.811722,0.0,25.0,6.0,linear
24,260534,24220,1,0.841112,0.841112,0.0,25.0,6.0,linear
25,253548,19788,1,0.869056,0.869056,0.0,25.0,6.0,linear
26,248307,15651,1,0.896222,0.896222,0.0,25.0,6.0,linear
27,242494,12056,1,0.919868,0.919868,0.0,25.0,6.0,linear
28,238274,9121,1,0.940168,0.940168,0.0,25.0,6.0,linear
29,234506,6538,1,0.957932,0.957932,0.0,25.0,6.0,linear
30,231944,4563,1,0.971834,0.971834,0.0,25.0,6.0,linear
31,229660,3009,1,0.982278,0.982278,0.0,25.0,6.0,linear
32,227200,1855,1,0.989242,0.989242,0.0,25.0,6.0,linear
33,226131,1106,1,0.993692,0.993692,0.0,25.0,6.0,linear
34,226356,630,1,0.996638,0.996638,0.0,25.0,6.0,linear
35,225490,317,1,0.998297,0.998297,0.0,25.0,6.0,linear
36,225633,141,1,0.999291,0.999291,0.0,25.0,6.0,linear
37,225807,61,1,0.99973,0.99973,0.0,25.0,6.0,linear
38,225482,24,1,0.999894,0.999894,0.0,25.0,6.0,linear
39,225656,3,1,0.999987,0.999987,0.0,25.0,6.0,linear
40,225776,0,1,1.0,1.0,0.0,25.0,6.0,linear

