generation,size,female_size,fertile_female_size,rate_dr,rate_has_drive,drive_efficiency,drop_ratio,low_density_growth_rate,density_growth_curve
1,77956,49140,1,0.0,0.0,0.0,22.5,6.0,linear
2,78220,49157,1,0.0,0.0,0.0,22.5,6.0,linear
3,80800,50740,1,0.0,0.0,0.0,22.5,6.0,linear
4,80993,50901,1,0.0,0.0,0.0,22.5,6.0,linear
5,77711,49813,1,0.0,0.0,0.0,22.5,6.0,linear
6,77094,49531,1,0.0,0.0,0.0,22.5,6.0,linear
7,78316,50045,1,0.0,0.0,0.0,22.5,6.0,linear
8,79397,50143,1,0.0,0.0,0.0,22.5,6.0,linear
9,78225,49518,1,0.0,0.0,0.0,22.5,6.0,linear
10,78902,50008,1,0.0,0.0,0.0,22.5,6.0,linear
11,214627,50494,1,0.557544,0.557544,0.0,22.5,6.0,linear
12,281794,49984,1,0.621005,0.621005,0.0,22.5,6.0,linear
13,298177,58265,1,0.596384,0.596384,0.0,22.5,6.0,linear
14,307449,63720,1,0.585802,0.585802,0.0,22.5,6.0,linear
15,310611,66408,1,0.587856,0.587856,0.0,22.5,6.0,linear
16,307032,66269,1,0.602538,0.602538,0.0,22.5,6.0,linear
17,299511,63169,1,0.619937,0.619937,0.0,22.5,6.0,linear
18,292071,58911,1,0.637195,0.637195,0.0,22.5,6.0,linear
19,285130,53863,1,0.655624,0.655624,0.0,22.5,6.0,linear
20,278689,49697,1,0.674314,0.674314,0.0,22.5,6.0,linear
21,272387,45488,1,0.695906,0.695906,0.0,22.5,6.0,linear
22,265314,41524,1,0.717418,0.717418,0.0,22.5,6.0,linear
23,259037,37386,1,0.741517,0.741517,0.0,22.5,6.0,linear
24,252452,32938,1,0.767709,0.767709,0.0,22.5,6.0,linear
25,245408,28631,1,0.793711,0.793711,0.0,22.5,6.0,linear
26,239075,24607,1,0.821958,0.821958,0.0,22.5,6.0,linear
27,232940,20345,1,0.851339,0.851339,0.0,22.5,6.0,linear
28,227076,16571,1,0.877743,0.877743,0.0,22.5,6.0,linear
29,221851,13321,1,0.903813,0.903813,0.0,22.5,6.0,linear
30,217400,10131,1,0.926167,0.926167,0.0,22.5,6.0,linear
31,213503,7605,1,0.94533,0.94533,0.0,22.5,6.0,linear
32,210360,5444,1,0.961356,0.961356,0.0,22.5,6.0,linear
33,207878,3716,1,0.974258,0.974258,0.0,22.5,6.0,linear
34,206367,2407,1,0.983668,0.983668,0.0,22.5,6.0,linear
35,205145,1506,1,0.99044,0.99044,0.0,22.5,6.0,linear
36,203745,879,1,0.994729,0.994729,0.0,22.5,6.0,linear
37,203727,467,1,0.997398,0.997398,0.0,22.5,6.0,linear
38,203464,237,1,0.998737,0.998737,0.0,22.5,6.0,linear
39,202737,102,1,0.999492,0.999492,0.0,22.5,6.0,linear
40,203292,43,1,0.999788,0.999788,0.0,22.5,6.0,linear
41,203267,8,1,0.999961,0.999961,0.0,22.5,6.0,linear
42,203044,1,1,0.999995,0.999995,0.0,22.5,6.0,linear
43,202846,0,1,1.0,1.0,0.0,22.5,6.0,linear

