generation,size,female_size,fertile_female_size,rate_dr,rate_has_drive,drive_efficiency,drop_ratio,low_density_growth_rate,density_growth_curve
1,77921,48890,1,0.0,0.0,0.0,22.5,6.0,linear
2,78233,49121,1,0.0,0.0,0.0,22.5,6.0,linear
3,80858,50552,1,0.0,0.0,0.0,22.5,6.0,linear
4,80309,50691,1,0.0,0.0,0.0,22.5,6.0,linear
5,78816,50250,1,0.0,0.0,0.0,22.5,6.0,linear
6,78235,50067,1,0.0,0.0,0.0,22.5,6.0,linear
7,77839,49802,1,0.0,0.0,0.0,22.5,6.0,linear
8,78449,49703,1,0.0,0.0,0.0,22.5,6.0,linear
9,79206,50049,1,0.0,0.0,0.0,22.5,6.0,linear
10,79156,50253,1,0.0,0.0,0.0,22.5,6.0,linear
11,214854,50321,1,0.557966,0.557966,0.0,22.5,6.0,linear
12,281706,50079,1,0.62013,0.62013,0.0,22.5,6.0,linear
13,298994,58593,1,0.595695,0.595695,0.0,22.5,6.0,linear
14,307834,64092,1,0.584569,0.584569,0.0,22.5,6.0,linear
15,310709,66753,1,0.590224,0.590224,0.0,22.5,6.0,linear
16,305853,66060,1,0.607629,0.607629,0.0,22.5,6.0,linear
17,297209,62198,1,0.628581,0.628581,0.0,22.5,6.0,linear
18,288163,56638,1,0.651003,0.651003,0.0,22.5,6.0,linear
19,278666,50652,1,0.673728,0.673728,0.0,22.5,6.0,linear
20,271042,45426,1,0.698468,0.698468,0.0,22.5,6.0,linear
21,263690,40956,1,0.723136,0.723136,0.0,22.5,6.0,linear
22,256260,36043,1,0.749642,0.749642,0.0,22.5,6.0,linear
23,249127,31393,1,0.779442,0.779442,0.0,22.5,6.0,linear
24,242389,26751,1,0.808813,0.808813,0.0,22.5,6.0,linear
25,235579,22256,1,0.838774,0.838774,0.0,22.5,6.0,linear
26,228908,17897,1,0.869087,0.869087,0.0,22.5,6.0,linear
27,223308,14050,1,0.897491,0.897491,0.0,22.5,6.0,linear
28,217387,10644,1,0.922401,0.922401,0.0,22.5,6.0,linear
29,213612,7757,1,0.945394,0.945394,0.0,22.5,6.0,linear
30,209855,5377,1,0.962713,0.962713,0.0,22.5,6.0,linear
31,207485,3612,1,0.975119,0.975119,0.0,22.5,6.0,linear
32,206318,2304,1,0.98477,0.98477,0.0,22.5,6.0,linear
33,205108,1416,1,0.990674,0.990674,0.0,22.5,6.0,linear
34,204292,784,1,0.994852,0.994852,0.0,22.5,6.0,linear
35,203289,457,1,0.997231,0.997231,0.0,22.5,6.0,linear
36,203178,225,1,0.998676,0.998676,0.0,22.5,6.0,linear
37,203221,114,1,0.9994,0.9994,0.0,22.5,6.0,linear
38,203202,46,1,0.999774,0.999774,0.0,22.5,6.0,linear
39,202869,17,1,0.999916,0.999916,0.0,22.5,6.0,linear
40,203151,4,1,0.99998,0.99998,0.0,22.5,6.0,linear
41,202926,0,1,1.0,1.0,0.0,22.5,6.0,linear

