generation,size,female_size,fertile_female_size,rate_dr,rate_has_drive,drive_efficiency,drop_ratio,low_density_growth_rate,density_growth_curve
1,78130,49023,1,0.0,0.0,0.0,25.0,6.0,linear
2,78167,49149,1,0.0,0.0,0.0,25.0,6.0,linear
3,79901,50422,1,0.0,0.0,0.0,25.0,6.0,linear
4,80142,50639,1,0.0,0.0,0.0,25.0,6.0,linear
5,78707,50144,1,0.0,0.0,0.0,25.0,6.0,linear
6,78097,49823,1,0.0,0.0,0.0,25.0,6.0,linear
7,78483,50111,1,0.0,0.0,0.0,25.0,6.0,linear
8,78268,49786,1,0.0,0.0,0.0,25.0,6.0,linear
9,78012,49528,1,0.0,0.0,0.0,25.0,6.0,linear
10,78226,49771,1,0.0,0.0,0.0,25.0,6.0,linear
11,229695,50378,1,0.580274,0.580274,0.0,25.0,6.0,linear
12,305063,50525,1,0.642717,0.642717,0.0,25.0,6.0,linear
13,321238,58846,1,0.619584,0.619584,0.0,25.0,6.0,linear
14,330431,64108,1,0.611225,0.611225,0.0,25.0,6.0,linear
15,332347,66299,1,0.617475,0.617475,0.0,25.0,6.0,linear
16,326534,65061,1,0.636029,0.636029,0.0,25.0,6.0,linear
17,317280,60870,1,0.66032,0.66032,0.0,25.0,6.0,linear
18,306915,54667,1,0.6851,0.6851,0.0,25.0,6.0,linear
19,297642,48225,1,0.712894,0.712894,0.0,25.0,6.0,linear
20,288556,42261,1,0.741188,0.741188,0.0,25.0,6.0,linear
21,279811,36574,1,0.769953,0.769953,0.0,25.0,6.0,linear
22,271549,31369,1,0.800155,0.800155,0.0,25.0,6.0,linear
23,263536,26169,1,0.830159,0.830159,0.0,25.0,6.0,linear
24,256834,21528,1,0.85976,0.85976,0.0,25.0,6.0,linear
25,250269,17152,1,0.88751,0.88751,0.0,25.0,6.0,linear
26,244415,13227,1,0.9128,0.9128,0.0,25.0,6.0,linear
27,239445,10067,1,0.934835,0.934835,0.0,25.0,6.0,linear
28,235179,7229,1,0.953649,0.953649,0.0,25.0,6.0,linear
29,232059,5089,1,0.968437,0.968437,0.0,25.0,6.0,linear
30,230083,3367,1,0.979908,0.979908,0.0,25.0,6.0,linear
31,228361,2135,1,0.987522,0.987522,0.0,25.0,6.0,linear
32,227413,1389,1,0.992067,0.992067,0.0,25.0,6.0,linear
33,226965,825,1,0.995537,0.995537,0.0,25.0,6.0,linear
34,225623,447,1,0.997638,0.997638,0.0,25.0,6.0,linear
35,225431,208,1,0.998953,0.998953,0.0,25.0,6.0,linear
36,225865,95,1,0.999544,0.999544,0.0,25.0,6.0,linear
37,225712,46,1,0.999796,0.999796,0.0,25.0,6.0,linear
38,225040,19,1,0.999916,0.999916,0.0,25.0,6.0,linear
39,225779,7,1,0.999969,0.999969,0.0,25.0,6.0,linear
40,226042,0,1,1.0,1.0,0.0,25.0,6.0,linear

