generation,size,female_size,fertile_female_size,rate_dr,rate_has_drive,drive_efficiency,drop_ratio,low_density_growth_rate,density_growth_curve
1,78538,49476,1,0.0,0.0,0.0,22.5,6.0,linear
2,78228,49254,1,0.0,0.0,0.0,22.5,6.0,linear
3,79365,50006,1,0.0,0.0,0.0,22.5,6.0,linear
4,81144,51052,1,0.0,0.0,0.0,22.5,6.0,linear
5,78356,49919,1,0.0,0.0,0.0,22.5,6.0,linear
6,77149,49298,1,0.0,0.0,0.0,22.5,6.0,linear
7,78423,50039,1,0.0,0.0,0.0,22.5,6.0,linear
8,79074,50058,1,0.0,0.0,0.0,22.5,6.0,linear
9,78782,49971,1,0.0,0.0,0.0,22.5,6.0,linear
10,78023,49747,1,0.0,0.0,0.0,22.5,6.0,linear
11,214501,50261,1,0.555917,0.555917,0.0,22.5,6.0,linear
12,283180,50657,1,0.61804,0.61804,0.0,22.5,6.0,linear
13,299726,59281,1,0.593908,0.593908,0.0,22.5,6.0,linear
14,308556,64489,1,0.585284,0.585284,0.0,22.5,6.0,linear
15,310558,66798,1,0.590531,0.590531,0.0,22.5,6.0,linear
16,305041,65352,1,0.606662,0.606662,0.0,22.5,6.0,linear
17,297484,62135,1,0.627547,0.627547,0.0,22.5,6.0,linear
18,288176,56777,1,0.650159,0.650159,0.0,22.5,6.0,linear
19,279433,50516,1,0.675525,0.675525,0.0,22.5,6.0,linear
20,271627,45281,1,0.700798,0.700798,0.0,22.5,6.0,linear
21,263577,40201,1,0.727195,0.727195,0.0,22.5,6.0,linear
22,255858,35353,1,0.754838,0.754838,0.0,22.5,6.0,linear
23,247957,30716,1,0.783437,0.783437,0.0,22.5,6.0,linear
24,241655,25977,1,0.813386,0.813386,0.0,22.5,6.0,linear
25,234365,21645,1,0.842603,0.842603,0.0,22.5,6.0,linear
26,228091,17535,1,0.872998,0.872998,0.0,22.5,6.0,linear
27,222565,13549,1,0.900097,0.900097,0.0,22.5,6.0,linear
28,217549,10287,1,0.92438,0.92438,0.0,22.5,6.0,linear
29,213198,7652,1,0.944158,0.944158,0.0,22.5,6.0,linear
30,210295,5474,1,0.960378,0.960378,0.0,22.5,6.0,linear
31,207439,3798,1,0.97346,0.97346,0.0,22.5,6.0,linear
32,205928,2488,1,0.982854,0.982854,0.0,22.5,6.0,linear
33,205048,1609,1,0.989472,0.989472,0.0,22.5,6.0,linear
34,204620,991,1,0.993809,0.993809,0.0,22.5,6.0,linear
35,203538,547,1,0.996708,0.996708,0.0,22.5,6.0,linear
36,203394,308,1,0.998289,0.998289,0.0,22.5,6.0,linear
37,203343,144,1,0.999189,0.999189,0.0,22.5,6.0,linear
38,202295,69,1,0.999605,0.999605,0.0,22.5,6.0,linear
39,202705,24,1,0.999847,0.999847,0.0,22.5,6.0,linear
40,202817,11,1,0.999926,0.999926,0.0,22.5,6.0,linear
41,203429,4,1,0.99998,0.99998,0.0,22.5,6.0,linear
42,202886,1,1,0.999995,0.999995,0.0,22.5,6.0,linear
43,202592,1,1,0.999995,0.999995,0.0,22.5,6.0,linear
44,203668,0,1,1.0,1.0,0.0,22.5,6.0,linear

