generation,size,female_size,fertile_female_size,rate_dr,rate_has_drive,drive_efficiency,drop_ratio,low_density_growth_rate,density_growth_curve
1,77723,48893,1,0.0,0.0,0.0,22.5,6.0,linear
2,78154,48934,1,0.0,0.0,0.0,22.5,6.0,linear
3,79847,50098,1,0.0,0.0,0.0,22.5,6.0,linear
4,80538,50835,1,0.0,0.0,0.0,22.5,6.0,linear
5,78741,49913,1,0.0,0.0,0.0,22.5,6.0,linear
6,76686,49127,1,0.0,0.0,0.0,22.5,6.0,linear
7,78382,50088,1,0.0,0.0,0.0,22.5,6.0,linear
8,80120,50893,1,0.0,0.0,0.0,22.5,6.0,linear
9,79326,50488,1,0.0,0.0,0.0,22.5,6.0,linear
10,76720,49457,1,0.0,0.0,0.0,22.5,6.0,linear
11,213010,49595,1,0.558989,0.558989,0.0,22.5,6.0,linear
12,281413,49920,1,0.619647,0.619647,0.0,22.5,6.0,linear
13,299743,58891,1,0.594998,0.594998,0.0,22.5,6.0,linear
14,308624,64342,1,0.585806,0.585806,0.0,22.5,6.0,linear
15,310579,66404,1,0.59214,0.59214,0.0,22.5,6.0,linear
16,304565,65281,1,0.609956,0.609956,0.0,22.5,6.0,linear
17,296220,61231,1,0.631883,0.631883,0.0,22.5,6.0,linear
18,286380,55966,1,0.653304,0.653304,0.0,22.5,6.0,linear
19,278246,50148,1,0.677727,0.677727,0.0,22.5,6.0,linear
20,271400,45224,1,0.701685,0.701685,0.0,22.5,6.0,linear
21,263785,40336,1,0.728275,0.728275,0.0,22.5,6.0,linear
22,255233,35357,1,0.756182,0.756182,0.0,22.5,6.0,linear
23,247744,30654,1,0.78673,0.78673,0.0,22.5,6.0,linear
24,240110,25665,1,0.818277,0.818277,0.0,22.5,6.0,linear
25,233279,21091,1,0.848828,0.848828,0.0,22.5,6.0,linear
26,226441,16801,1,0.878476,0.878476,0.0,22.5,6.0,linear
27,221376,12931,1,0.905694,0.905694,0.0,22.5,6.0,linear
28,216455,9799,1,0.92882,0.92882,0.0,22.5,6.0,linear
29,212771,7130,1,0.949165,0.949165,0.0,22.5,6.0,linear
30,209763,5029,1,0.965661,0.965661,0.0,22.5,6.0,linear
31,207405,3322,1,0.97802,0.97802,0.0,22.5,6.0,linear
32,205744,2069,1,0.986563,0.986563,0.0,22.5,6.0,linear
33,204442,1227,1,0.992367,0.992367,0.0,22.5,6.0,linear
34,203837,658,1,0.996085,0.996085,0.0,22.5,6.0,linear
35,203688,320,1,0.998134,0.998134,0.0,22.5,6.0,linear
36,203435,161,1,0.999056,0.999056,0.0,22.5,6.0,linear
37,203495,83,1,0.999533,0.999533,0.0,22.5,6.0,linear
38,202836,35,1,0.999788,0.999788,0.0,22.5,6.0,linear
39,203047,14,1,0.999911,0.999911,0.0,22.5,6.0,linear
40,203038,4,1,0.99998,0.99998,0.0,22.5,6.0,linear
41,203332,2,1,0.99999,0.99999,0.0,22.5,6.0,linear
42,202848,2,1,0.99999,0.99999,0.0,22.5,6.0,linear
43,202672,0,1,1.0,1.0,0.0,22.5,6.0,linear

