generation,size,female_size,fertile_female_size,rate_dr,rate_has_drive,drive_efficiency,drop_ratio,low_density_growth_rate,density_growth_curve
1,78731,49590,1,0.0,0.0,0.0,25.0,6.0,linear
2,78355,49407,1,0.0,0.0,0.0,25.0,6.0,linear
3,79011,50039,1,0.0,0.0,0.0,25.0,6.0,linear
4,79687,50573,1,0.0,0.0,0.0,25.0,6.0,linear
5,79199,50347,1,0.0,0.0,0.0,25.0,6.0,linear
6,78002,49927,1,0.0,0.0,0.0,25.0,6.0,linear
7,77638,49722,1,0.0,0.0,0.0,25.0,6.0,linear
8,77173,49387,1,0.0,0.0,0.0,25.0,6.0,linear
9,78605,49974,1,0.0,0.0,0.0,25.0,6.0,linear
10,80468,50792,1,0.0,0.0,0.0,25.0,6.0,linear
11,229154,50026,1,0.586578,0.586578,0.0,25.0,6.0,linear
12,302956,49260,1,0.647167,0.647167,0.0,25.0,6.0,linear
13,319845,58341,1,0.621153,0.621153,0.0,25.0,6.0,linear
14,330427,63611,1,0.610595,0.610595,0.0,25.0,6.0,linear
15,333279,66425,1,0.614936,0.614936,0.0,25.0,6.0,linear
16,328055,65640,1,0.631576,0.631576,0.0,25.0,6.0,linear
17,320058,62275,1,0.652726,0.652726,0.0,25.0,6.0,linear
18,311545,56939,1,0.673302,0.673302,0.0,25.0,6.0,linear
19,302447,50999,1,0.697506,0.697506,0.0,25.0,6.0,linear
20,293645,45426,1,0.721123,0.721123,0.0,25.0,6.0,linear
21,286385,40547,1,0.747484,0.747484,0.0,25.0,6.0,linear
22,278021,35301,1,0.773643,0.773643,0.0,25.0,6.0,linear
23,270849,30503,1,0.80239,0.80239,0.0,25.0,6.0,linear
24,263229,25775,1,0.830483,0.830483,0.0,25.0,6.0,linear
25,256731,21276,1,0.859203,0.859203,0.0,25.0,6.0,linear
26,249288,17157,1,0.884669,0.884669,0.0,25.0,6.0,linear
27,244765,13557,1,0.909977,0.909977,0.0,25.0,6.0,linear
28,240513,10342,1,0.932329,0.932329,0.0,25.0,6.0,linear
29,236027,7594,1,0.949803,0.949803,0.0,25.0,6.0,linear
30,232935,5463,1,0.964291,0.964291,0.0,25.0,6.0,linear
31,231176,3759,1,0.975787,0.975787,0.0,25.0,6.0,linear
32,228702,2571,1,0.984467,0.984467,0.0,25.0,6.0,linear
33,227419,1591,1,0.990752,0.990752,0.0,25.0,6.0,linear
34,226728,918,1,0.994749,0.994749,0.0,25.0,6.0,linear
35,226232,536,1,0.997167,0.997167,0.0,25.0,6.0,linear
36,225726,253,1,0.998565,0.998565,0.0,25.0,6.0,linear
37,225869,135,1,0.999274,0.999274,0.0,25.0,6.0,linear
38,225578,56,1,0.999734,0.999734,0.0,25.0,6.0,linear
39,225537,28,1,0.999863,0.999863,0.0,25.0,6.0,linear
40,225626,13,1,0.999942,0.999942,0.0,25.0,6.0,linear
41,225369,2,1,0.999991,0.999991,0.0,25.0,6.0,linear
42,225239,1,1,0.999996,0.999996,0.0,25.0,6.0,linear
43,225668,0,1,1.0,1.0,0.0,25.0,6.0,linear

