generation,size,female_size,fertile_female_size,rate_dr,rate_has_drive,drive_efficiency,drop_ratio,low_density_growth_rate,density_growth_curve
1,78747,49498,1,0.0,0.0,0.0,23.75,6.0,linear
2,78270,49145,1,0.0,0.0,0.0,23.75,6.0,linear
3,79539,49884,1,0.0,0.0,0.0,23.75,6.0,linear
4,80390,50616,1,0.0,0.0,0.0,23.75,6.0,linear
5,79229,50241,1,0.0,0.0,0.0,23.75,6.0,linear
6,78446,49893,1,0.0,0.0,0.0,23.75,6.0,linear
7,77890,49717,1,0.0,0.0,0.0,23.75,6.0,linear
8,78696,49994,1,0.0,0.0,0.0,23.75,6.0,linear
9,78681,49704,1,0.0,0.0,0.0,23.75,6.0,linear
10,78602,49743,1,0.0,0.0,0.0,23.75,6.0,linear
11,222197,50238,1,0.569316,0.569316,0.0,23.75,6.0,linear
12,294183,50597,1,0.631115,0.631115,0.0,23.75,6.0,linear
13,310900,59110,1,0.606801,0.606801,0.0,23.75,6.0,linear
14,320133,64280,1,0.59803,0.59803,0.0,23.75,6.0,linear
15,322342,66602,1,0.604197,0.604197,0.0,23.75,6.0,linear
16,316335,65634,1,0.620431,0.620431,0.0,23.75,6.0,linear
17,308354,62163,1,0.642272,0.642272,0.0,23.75,6.0,linear
18,298776,56654,1,0.665192,0.665192,0.0,23.75,6.0,linear
19,289466,50357,1,0.691031,0.691031,0.0,23.75,6.0,linear
20,281542,44769,1,0.716809,0.716809,0.0,23.75,6.0,linear
21,272627,39331,1,0.74388,0.74388,0.0,23.75,6.0,linear
22,264761,34231,1,0.774862,0.774862,0.0,23.75,6.0,linear
23,256537,28942,1,0.804439,0.804439,0.0,23.75,6.0,linear
24,248700,24123,1,0.834596,0.834596,0.0,23.75,6.0,linear
25,242937,19640,1,0.86434,0.86434,0.0,23.75,6.0,linear
26,236606,15673,1,0.891399,0.891399,0.0,23.75,6.0,linear
27,230698,12119,1,0.916885,0.916885,0.0,23.75,6.0,linear
28,226251,8898,1,0.939134,0.939134,0.0,23.75,6.0,linear
29,223635,6483,1,0.957122,0.957122,0.0,23.75,6.0,linear
30,220020,4361,1,0.971367,0.971367,0.0,23.75,6.0,linear
31,217650,2868,1,0.981379,0.981379,0.0,23.75,6.0,linear
32,216211,1792,1,0.988755,0.988755,0.0,23.75,6.0,linear
33,215544,1102,1,0.993311,0.993311,0.0,23.75,6.0,linear
34,214855,617,1,0.996458,0.996458,0.0,23.75,6.0,linear
35,214878,327,1,0.998213,0.998213,0.0,23.75,6.0,linear
36,213942,168,1,0.999112,0.999112,0.0,23.75,6.0,linear
37,214526,79,1,0.999599,0.999599,0.0,23.75,6.0,linear
38,214665,32,1,0.999851,0.999851,0.0,23.75,6.0,linear
39,214963,8,1,0.999963,0.999963,0.0,23.75,6.0,linear
40,213885,2,1,0.999991,0.999991,0.0,23.75,6.0,linear
41,213588,0,1,1.0,1.0,0.0,23.75,6.0,linear

