generation,size,female_size,fertile_female_size,rate_dr,rate_has_drive,drive_efficiency,drop_ratio,low_density_growth_rate,density_growth_curve
1,78522,49166,1,0.0,0.0,0.0,23.75,6.0,linear
2,78140,48988,1,0.0,0.0,0.0,23.75,6.0,linear
3,79329,49755,1,0.0,0.0,0.0,23.75,6.0,linear
4,80263,50618,1,0.0,0.0,0.0,23.75,6.0,linear
5,79779,50618,1,0.0,0.0,0.0,23.75,6.0,linear
6,77918,49771,1,0.0,0.0,0.0,23.75,6.0,linear
7,77703,49652,1,0.0,0.0,0.0,23.75,6.0,linear
8,78003,49709,1,0.0,0.0,0.0,23.75,6.0,linear
9,78449,49790,1,0.0,0.0,0.0,23.75,6.0,linear
10,78990,50099,1,0.0,0.0,0.0,23.75,6.0,linear
11,221188,49946,1,0.572808,0.572808,0.0,23.75,6.0,linear
12,292007,49578,1,0.634098,0.634098,0.0,23.75,6.0,linear
13,310130,58501,1,0.61001,0.61001,0.0,23.75,6.0,linear
14,318967,63568,1,0.601368,0.601368,0.0,23.75,6.0,linear
15,320326,65630,1,0.606221,0.606221,0.0,23.75,6.0,linear
16,314415,64255,1,0.626019,0.626019,0.0,23.75,6.0,linear
17,305692,60197,1,0.650022,0.650022,0.0,23.75,6.0,linear
18,295753,54650,1,0.674273,0.674273,0.0,23.75,6.0,linear
19,286245,48454,1,0.700472,0.700472,0.0,23.75,6.0,linear
20,278112,42758,1,0.72802,0.72802,0.0,23.75,6.0,linear
21,269706,36860,1,0.758336,0.758336,0.0,23.75,6.0,linear
22,261451,31610,1,0.789133,0.789133,0.0,23.75,6.0,linear
23,253452,26564,1,0.818787,0.818787,0.0,23.75,6.0,linear
24,246189,21820,1,0.848233,0.848233,0.0,23.75,6.0,linear
25,239974,17770,1,0.877582,0.877582,0.0,23.75,6.0,linear
26,234115,13874,1,0.904937,0.904937,0.0,23.75,6.0,linear
27,228841,10569,1,0.927657,0.927657,0.0,23.75,6.0,linear
28,225043,7819,1,0.94768,0.94768,0.0,23.75,6.0,linear
29,221168,5486,1,0.963147,0.963147,0.0,23.75,6.0,linear
30,218926,3680,1,0.975825,0.975825,0.0,23.75,6.0,linear
31,217393,2335,1,0.984919,0.984919,0.0,23.75,6.0,linear
32,215971,1458,1,0.990914,0.990914,0.0,23.75,6.0,linear
33,214887,871,1,0.994646,0.994646,0.0,23.75,6.0,linear
34,214712,508,1,0.99708,0.99708,0.0,23.75,6.0,linear
35,214736,263,1,0.998529,0.998529,0.0,23.75,6.0,linear
36,214754,113,1,0.999325,0.999325,0.0,23.75,6.0,linear
37,214620,63,1,0.999665,0.999665,0.0,23.75,6.0,linear
38,214290,35,1,0.999823,0.999823,0.0,23.75,6.0,linear
39,214581,17,1,0.999921,0.999921,0.0,23.75,6.0,linear
40,214690,7,1,0.999967,0.999967,0.0,23.75,6.0,linear
41,214390,2,1,0.999991,0.999991,0.0,23.75,6.0,linear
42,214252,1,1,0.999995,0.999995,0.0,23.75,6.0,linear
43,214203,0,1,1.0,1.0,0.0,23.75,6.0,linear

