generation,size,female_size,fertile_female_size,rate_dr,rate_has_drive,drive_efficiency,drop_ratio,low_density_growth_rate,density_growth_curve
1,78136,49066,1,0.0,0.0,0.5,17.0,2.0,linear
2,78421,49350,1,0.0,0.0,0.5,17.0,2.0,linear
3,78423,49469,1,0.0,0.0,0.5,17.0,2.0,linear
4,78644,49740,1,0.0,0.0,0.5,17.0,2.0,linear
5,78490,49871,1,0.0,0.0,0.5,17.0,2.0,linear
6,78418,50020,1,0.0,0.0,0.5,17.0,2.0,linear
7,78175,49768,1,0.0,0.0,0.5,17.0,2.0,linear
8,78132,49717,1,0.0,0.0,0.5,17.0,2.0,linear
9,78106,49757,1,0.0,0.0,0.5,17.0,2.0,linear
10,78474,49992,1,0.0,0.0,0.5,17.0,2.0,linear
11,180935,50038,1,0.487035,0.487035,0.5,17.0,2.0,linear
12,233076,50567,1,0.601026,0.614978,0.5,17.0,2.0,linear
13,229010,46822,1,0.629269,0.662403,0.5,17.0,2.0,linear
14,222677,40752,1,0.663305,0.716582,0.5,17.0,2.0,linear
15,215358,33495,1,0.702191,0.771848,0.5,17.0,2.0,linear
16,207498,26131,1,0.742426,0.822972,0.5,17.0,2.0,linear
17,198349,19229,1,0.782568,0.869204,0.5,17.0,2.0,linear
18,189700,13080,1,0.823879,0.907293,0.5,17.0,2.0,linear
19,181704,8664,1,0.861787,0.935351,0.5,17.0,2.0,linear
20,174802,5640,1,0.895695,0.956215,0.5,17.0,2.0,linear
21,168655,3613,1,0.924847,0.971414,0.5,17.0,2.0,linear
22,163554,2231,1,0.948606,0.982232,0.5,17.0,2.0,linear
23,160259,1334,1,0.966379,0.98954,0.5,17.0,2.0,linear
24,156946,775,1,0.978569,0.993888,0.5,17.0,2.0,linear
25,155786,434,1,0.986928,0.996681,0.5,17.0,2.0,linear
26,155033,233,1,0.99226,0.998264,0.5,17.0,2.0,linear
27,154400,114,1,0.995749,0.999218,0.5,17.0,2.0,linear
28,153692,60,1,0.997709,0.999571,0.5,17.0,2.0,linear
29,153607,30,1,0.99879,0.999792,0.5,17.0,2.0,linear
30,152962,14,1,0.999327,0.999909,0.5,17.0,2.0,linear
31,153255,6,1,0.999671,0.999961,0.5,17.0,2.0,linear
32,152801,3,1,0.999853,0.99998,0.5,17.0,2.0,linear
33,153151,2,1,0.999925,0.999987,0.5,17.0,2.0,linear
34,153285,0,1,0.999974,1.0,0.5,17.0,2.0,linear

