generation,size,female_size,fertile_female_size,rate_dr,rate_has_drive,drive_efficiency,drop_ratio,low_density_growth_rate,density_growth_curve
1,78344,49398,1,0.0,0.0,0.5,15.0,8.0,linear
2,78435,49264,1,0.0,0.0,0.5,15.0,8.0,linear
3,79136,49737,1,0.0,0.0,0.5,15.0,8.0,linear
4,79519,50144,1,0.0,0.0,0.5,15.0,8.0,linear
5,78676,50033,1,0.0,0.0,0.5,15.0,8.0,linear
6,78642,49968,1,0.0,0.0,0.5,15.0,8.0,linear
7,78070,49856,1,0.0,0.0,0.5,15.0,8.0,linear
8,79010,50033,1,0.0,0.0,0.5,15.0,8.0,linear
9,78445,49829,1,0.0,0.0,0.5,15.0,8.0,linear
10,78513,49834,1,0.0,0.0,0.5,15.0,8.0,linear
11,169315,49916,1,0.455945,0.455945,0.5,15.0,8.0,linear
12,214564,50251,1,0.571423,0.586048,0.5,15.0,8.0,linear
13,210883,46849,1,0.601875,0.63558,0.5,15.0,8.0,linear
14,204025,40454,1,0.62536,0.689573,0.5,15.0,8.0,linear
15,204100,35431,1,0.641721,0.739916,0.5,15.0,8.0,linear
16,205506,30367,1,0.659418,0.786181,0.5,15.0,8.0,linear
17,206280,25108,1,0.676914,0.828285,0.5,15.0,8.0,linear
18,204537,20120,1,0.694173,0.859785,0.5,15.0,8.0,linear
19,202460,16615,1,0.710422,0.881665,0.5,15.0,8.0,linear
20,199076,13901,1,0.726044,0.8977,0.5,15.0,8.0,linear
21,193874,11694,1,0.74284,0.908968,0.5,15.0,8.0,linear
22,188467,9762,1,0.759928,0.919515,0.5,15.0,8.0,linear
23,183646,8420,1,0.778046,0.927989,0.5,15.0,8.0,linear
24,177425,7149,1,0.794158,0.93669,0.5,15.0,8.0,linear
25,173162,6133,1,0.811767,0.944705,0.5,15.0,8.0,linear
26,168980,5134,1,0.830003,0.952846,0.5,15.0,8.0,linear
27,164582,4252,1,0.846732,0.959423,0.5,15.0,8.0,linear
28,160647,3553,1,0.863408,0.965516,0.5,15.0,8.0,linear
29,156972,2884,1,0.880084,0.971246,0.5,15.0,8.0,linear
30,153929,2341,1,0.896272,0.976438,0.5,15.0,8.0,linear
31,150877,1787,1,0.911111,0.981256,0.5,15.0,8.0,linear
32,148331,1406,1,0.926889,0.985638,0.5,15.0,8.0,linear
33,145648,1057,1,0.939578,0.989415,0.5,15.0,8.0,linear
34,143455,745,1,0.952635,0.99239,0.5,15.0,8.0,linear
35,141664,518,1,0.963044,0.994469,0.5,15.0,8.0,linear
36,139960,379,1,0.972788,0.996058,0.5,15.0,8.0,linear
37,138545,255,1,0.980605,0.997533,0.5,15.0,8.0,linear
38,137924,163,1,0.986699,0.998461,0.5,15.0,8.0,linear
39,136945,105,1,0.990598,0.999078,0.5,15.0,8.0,linear
40,135867,59,1,0.993784,0.999487,0.5,15.0,8.0,linear
41,135983,37,1,0.99614,0.999699,0.5,15.0,8.0,linear
42,136141,16,1,0.997689,0.999883,0.5,15.0,8.0,linear
43,135690,6,1,0.998737,0.999956,0.5,15.0,8.0,linear
44,135745,2,1,0.999396,0.999985,0.5,15.0,8.0,linear
45,135626,0,1,0.999749,1.0,0.5,15.0,8.0,linear

