generation,size,female_size,fertile_female_size,rate_dr,rate_has_drive,drive_efficiency,drop_ratio,low_density_growth_rate,density_growth_curve
1,78480,49284,1,0.0,0.0,0.5,10.0,4.0,linear
2,78500,49170,1,0.0,0.0,0.5,10.0,4.0,linear
3,79338,49747,1,0.0,0.0,0.5,10.0,4.0,linear
4,79426,49976,1,0.0,0.0,0.5,10.0,4.0,linear
5,79054,50030,1,0.0,0.0,0.5,10.0,4.0,linear
6,78502,49853,1,0.0,0.0,0.5,10.0,4.0,linear
7,78651,50012,1,0.0,0.0,0.5,10.0,4.0,linear
8,79089,50255,1,0.0,0.0,0.5,10.0,4.0,linear
9,78467,49926,1,0.0,0.0,0.5,10.0,4.0,linear
10,78274,49711,1,0.0,0.0,0.5,10.0,4.0,linear
11,138442,49802,1,0.358915,0.358915,0.5,10.0,4.0,linear
12,168825,50051,1,0.472325,0.487975,0.5,10.0,4.0,linear
13,165699,47039,1,0.502352,0.540787,0.5,10.0,4.0,linear
14,160381,41755,1,0.535412,0.60144,0.5,10.0,4.0,linear
15,156168,35886,1,0.569752,0.664022,0.5,10.0,4.0,linear
16,152081,30000,1,0.600487,0.720383,0.5,10.0,4.0,linear
17,148580,24277,1,0.632273,0.770518,0.5,10.0,4.0,linear
18,144050,18985,1,0.66308,0.812198,0.5,10.0,4.0,linear
19,138746,15137,1,0.691862,0.843922,0.5,10.0,4.0,linear
20,133113,12001,1,0.720977,0.869452,0.5,10.0,4.0,linear
21,126769,9453,1,0.748984,0.889818,0.5,10.0,4.0,linear
22,121520,7490,1,0.779125,0.909179,0.5,10.0,4.0,linear
23,116387,5815,1,0.809274,0.92634,0.5,10.0,4.0,linear
24,111387,4400,1,0.838014,0.941492,0.5,10.0,4.0,linear
25,107417,3384,1,0.864127,0.953703,0.5,10.0,4.0,linear
26,103854,2524,1,0.889003,0.964914,0.5,10.0,4.0,linear
27,100490,1779,1,0.910843,0.974315,0.5,10.0,4.0,linear
28,98347,1252,1,0.932842,0.981966,0.5,10.0,4.0,linear
29,96171,789,1,0.950732,0.987899,0.5,10.0,4.0,linear
30,94368,542,1,0.965292,0.991866,0.5,10.0,4.0,linear
31,92814,329,1,0.977145,0.995198,0.5,10.0,4.0,linear
32,91789,194,1,0.985071,0.997177,0.5,10.0,4.0,linear
33,91123,109,1,0.991075,0.998438,0.5,10.0,4.0,linear
34,91470,57,1,0.994765,0.999149,0.5,10.0,4.0,linear
35,90730,31,1,0.996912,0.999538,0.5,10.0,4.0,linear
36,90302,16,1,0.998318,0.99979,0.5,10.0,4.0,linear
37,90479,11,1,0.999138,0.999878,0.5,10.0,4.0,linear
38,90591,6,1,0.999492,0.999934,0.5,10.0,4.0,linear
39,90208,1,1,0.999745,0.999989,0.5,10.0,4.0,linear
40,90613,0,1,0.999895,1.0,0.5,10.0,4.0,linear

