generation,size,female_size,fertile_female_size,rate_dr,rate_has_drive,drive_efficiency,drop_ratio,low_density_growth_rate,density_growth_curve
1,78379,49290,1,0.0,0.0,0.5,18.0,4.0,linear
2,78200,49173,1,0.0,0.0,0.5,18.0,4.0,linear
3,79004,49731,1,0.0,0.0,0.5,18.0,4.0,linear
4,78986,50021,1,0.0,0.0,0.5,18.0,4.0,linear
5,78985,50247,1,0.0,0.0,0.5,18.0,4.0,linear
6,78502,50144,1,0.0,0.0,0.5,18.0,4.0,linear
7,78517,49994,1,0.0,0.0,0.5,18.0,4.0,linear
8,78779,50044,1,0.0,0.0,0.5,18.0,4.0,linear
9,79073,50259,1,0.0,0.0,0.5,18.0,4.0,linear
10,78405,50163,1,0.0,0.0,0.5,18.0,4.0,linear
11,186100,49775,1,0.504491,0.504491,0.5,18.0,4.0,linear
12,240348,49674,1,0.616486,0.62975,0.5,18.0,4.0,linear
13,237217,46483,1,0.642288,0.673874,0.5,18.0,4.0,linear
14,231972,40388,1,0.672358,0.726404,0.5,18.0,4.0,linear
15,226959,33855,1,0.700871,0.778414,0.5,18.0,4.0,linear
16,222883,27252,1,0.728666,0.82516,0.5,18.0,4.0,linear
17,217675,20996,1,0.756756,0.866898,0.5,18.0,4.0,linear
18,211628,15188,1,0.78614,0.900542,0.5,18.0,4.0,linear
19,204887,11012,1,0.815517,0.925482,0.5,18.0,4.0,linear
20,197777,7909,1,0.843367,0.943788,0.5,18.0,4.0,linear
21,190792,5603,1,0.871697,0.957761,0.5,18.0,4.0,linear
22,184449,3962,1,0.898337,0.969308,0.5,18.0,4.0,linear
23,179233,2757,1,0.922153,0.978372,0.5,18.0,4.0,linear
24,174354,1858,1,0.942102,0.984897,0.5,18.0,4.0,linear
25,170963,1235,1,0.958142,0.98997,0.5,18.0,4.0,linear
26,168406,820,1,0.970834,0.993429,0.5,18.0,4.0,linear
27,166476,526,1,0.980278,0.995922,0.5,18.0,4.0,linear
28,164753,296,1,0.986849,0.997687,0.5,18.0,4.0,linear
29,164766,173,1,0.99181,0.998707,0.5,18.0,4.0,linear
30,163797,104,1,0.994856,0.999245,0.5,18.0,4.0,linear
31,162775,54,1,0.996914,0.999607,0.5,18.0,4.0,linear
32,162571,25,1,0.998254,0.999809,0.5,18.0,4.0,linear
33,162642,18,1,0.99902,0.999877,0.5,18.0,4.0,linear
34,162750,8,1,0.999389,0.999939,0.5,18.0,4.0,linear
35,162509,4,1,0.999671,0.999975,0.5,18.0,4.0,linear
36,162070,1,1,0.999821,0.999994,0.5,18.0,4.0,linear
37,162575,1,1,0.999929,0.999994,0.5,18.0,4.0,linear
38,162332,0,1,0.999982,1.0,0.5,18.0,4.0,linear

