generation,size,female_size,fertile_female_size,rate_dr,rate_has_drive,drive_efficiency,drop_ratio,low_density_growth_rate,density_growth_curve
1,78687,49485,1,0.0,0.0,0.5,8.0,3.0,linear
2,78546,49438,1,0.0,0.0,0.5,8.0,3.0,linear
3,78930,49754,1,0.0,0.0,0.5,8.0,3.0,linear
4,78570,49710,1,0.0,0.0,0.5,8.0,3.0,linear
5,78782,49997,1,0.0,0.0,0.5,8.0,3.0,linear
6,78581,49926,1,0.0,0.0,0.5,8.0,3.0,linear
7,78330,49759,1,0.0,0.0,0.5,8.0,3.0,linear
8,78311,49864,1,0.0,0.0,0.5,8.0,3.0,linear
9,78670,49943,1,0.0,0.0,0.5,8.0,3.0,linear
10,78612,49777,1,0.0,0.0,0.5,8.0,3.0,linear
11,126736,49819,1,0.310608,0.310608,0.5,8.0,3.0,linear
12,150654,49926,1,0.418905,0.435289,0.5,8.0,3.0,linear
13,147996,47260,1,0.449118,0.488295,0.5,8.0,3.0,linear
14,143000,42084,1,0.483891,0.550655,0.5,8.0,3.0,linear
15,138054,36521,1,0.521264,0.615169,0.5,8.0,3.0,linear
16,132742,30562,1,0.557072,0.674003,0.5,8.0,3.0,linear
17,127490,24614,1,0.596273,0.730598,0.5,8.0,3.0,linear
18,121693,19301,1,0.632315,0.777339,0.5,8.0,3.0,linear
19,116118,15303,1,0.666609,0.813267,0.5,8.0,3.0,linear
20,109929,12097,1,0.700307,0.844328,0.5,8.0,3.0,linear
21,103873,9308,1,0.735499,0.87114,0.5,8.0,3.0,linear
22,98639,7126,1,0.770792,0.895752,0.5,8.0,3.0,linear
23,93605,5404,1,0.806085,0.917571,0.5,8.0,3.0,linear
24,89131,3986,1,0.839759,0.936222,0.5,8.0,3.0,linear
25,85187,2859,1,0.871013,0.951798,0.5,8.0,3.0,linear
26,81981,1901,1,0.900188,0.966001,0.5,8.0,3.0,linear
27,79502,1301,1,0.926337,0.976467,0.5,8.0,3.0,linear
28,77332,859,1,0.946837,0.984191,0.5,8.0,3.0,linear
29,75724,544,1,0.962828,0.989831,0.5,8.0,3.0,linear
30,74267,338,1,0.975752,0.993811,0.5,8.0,3.0,linear
31,73695,198,1,0.98499,0.99659,0.5,8.0,3.0,linear
32,73262,115,1,0.990516,0.998016,0.5,8.0,3.0,linear
33,72993,51,1,0.994887,0.999125,0.5,8.0,3.0,linear
34,72639,32,1,0.997195,0.999491,0.5,8.0,3.0,linear
35,72358,22,1,0.998446,0.999669,0.5,8.0,3.0,linear
36,72474,9,1,0.999117,0.999876,0.5,8.0,3.0,linear
37,72190,2,1,0.999501,0.999972,0.5,8.0,3.0,linear
38,72145,0,1,0.999764,1.0,0.5,8.0,3.0,linear

