generation,size,female_size,fertile_female_size,rate_dr,rate_has_drive,drive_efficiency,drop_ratio,low_density_growth_rate,density_growth_curve
1,78205,49168,1,0.0,0.0,0.5,20.0,8.0,linear
2,78106,49240,1,0.0,0.0,0.5,20.0,8.0,linear
3,80623,50686,1,0.0,0.0,0.5,20.0,8.0,linear
4,81136,51195,1,0.0,0.0,0.5,20.0,8.0,linear
5,78514,50218,1,0.0,0.0,0.5,20.0,8.0,linear
6,75495,48823,1,0.0,0.0,0.5,20.0,8.0,linear
7,77541,49825,1,0.0,0.0,0.5,20.0,8.0,linear
8,80628,51133,1,0.0,0.0,0.5,20.0,8.0,linear
9,79697,50409,1,0.0,0.0,0.5,20.0,8.0,linear
10,76354,48845,1,0.0,0.0,0.5,20.0,8.0,linear
11,197178,49006,1,0.528602,0.528602,0.5,20.0,8.0,linear
12,260328,50058,1,0.635046,0.649027,0.5,20.0,8.0,linear
13,258167,47031,1,0.663341,0.69304,0.5,20.0,8.0,linear
14,249766,39884,1,0.686887,0.745877,0.5,20.0,8.0,linear
15,247979,34319,1,0.702749,0.791511,0.5,20.0,8.0,linear
16,249222,28938,1,0.717575,0.83247,0.5,20.0,8.0,linear
17,249520,23352,1,0.733204,0.869041,0.5,20.0,8.0,linear
18,248007,17818,1,0.75114,0.898582,0.5,20.0,8.0,linear
19,244482,13783,1,0.769774,0.919377,0.5,20.0,8.0,linear
20,239646,11056,1,0.787999,0.932015,0.5,20.0,8.0,linear
21,232993,8743,1,0.807405,0.942484,0.5,20.0,8.0,linear
22,226332,7041,1,0.826986,0.951212,0.5,20.0,8.0,linear
23,219951,5748,1,0.846239,0.95837,0.5,20.0,8.0,linear
24,214144,4726,1,0.864438,0.965152,0.5,20.0,8.0,linear
25,208524,3785,1,0.882631,0.971692,0.5,20.0,8.0,linear
26,203200,2952,1,0.900006,0.977192,0.5,20.0,8.0,linear
27,199661,2319,1,0.916093,0.981885,0.5,20.0,8.0,linear
28,196292,1707,1,0.931173,0.986397,0.5,20.0,8.0,linear
29,193007,1261,1,0.945215,0.989987,0.5,20.0,8.0,linear
30,190756,932,1,0.957212,0.992602,0.5,20.0,8.0,linear
31,187821,663,1,0.966957,0.994674,0.5,20.0,8.0,linear
32,186093,459,1,0.975434,0.996255,0.5,20.0,8.0,linear
33,184415,302,1,0.98259,0.997483,0.5,20.0,8.0,linear
34,183287,191,1,0.98828,0.998472,0.5,20.0,8.0,linear
35,182515,121,1,0.99204,0.999018,0.5,20.0,8.0,linear
36,181802,77,1,0.995117,0.999435,0.5,20.0,8.0,linear
37,181440,46,1,0.996862,0.999708,0.5,20.0,8.0,linear
38,180998,18,1,0.997983,0.999895,0.5,20.0,8.0,linear
39,180361,7,1,0.998905,0.999961,0.5,20.0,8.0,linear
40,180585,4,1,0.999441,0.999978,0.5,20.0,8.0,linear
41,180583,3,1,0.999759,0.999983,0.5,20.0,8.0,linear
42,181145,1,1,0.999851,0.999994,0.5,20.0,8.0,linear
43,180601,1,1,0.999931,0.999994,0.5,20.0,8.0,linear
44,180723,0,1,0.999942,1.0,0.5,20.0,8.0,linear

