generation,size,female_size,fertile_female_size,rate_dr,rate_has_drive,drive_efficiency,drop_ratio,low_density_growth_rate,density_growth_curve
1,78506,49151,1,0.0,0.0,0.5,14.0,3.0,linear
2,78181,48999,1,0.0,0.0,0.5,14.0,3.0,linear
3,78468,49409,1,0.0,0.0,0.5,14.0,3.0,linear
4,78357,49550,1,0.0,0.0,0.5,14.0,3.0,linear
5,78916,50002,1,0.0,0.0,0.5,14.0,3.0,linear
6,78895,50069,1,0.0,0.0,0.5,14.0,3.0,linear
7,78874,50072,1,0.0,0.0,0.5,14.0,3.0,linear
8,78355,49755,1,0.0,0.0,0.5,14.0,3.0,linear
9,78614,49862,1,0.0,0.0,0.5,14.0,3.0,linear
10,78791,50024,1,0.0,0.0,0.5,14.0,3.0,linear
11,163196,50027,1,0.441168,0.441168,0.5,14.0,3.0,linear
12,204886,49925,1,0.55613,0.571004,0.5,14.0,3.0,linear
13,201098,46460,1,0.584396,0.61999,0.5,14.0,3.0,linear
14,195194,40505,1,0.618834,0.677605,0.5,14.0,3.0,linear
15,190166,34153,1,0.654233,0.735461,0.5,14.0,3.0,linear
16,184401,27382,1,0.689661,0.788852,0.5,14.0,3.0,linear
17,177589,20931,1,0.72597,0.838101,0.5,14.0,3.0,linear
18,170424,15148,1,0.76218,0.876841,0.5,14.0,3.0,linear
19,163596,10974,1,0.796238,0.906228,0.5,14.0,3.0,linear
20,157103,7945,1,0.830954,0.928737,0.5,14.0,3.0,linear
21,150300,5585,1,0.862944,0.946875,0.5,14.0,3.0,linear
22,144537,3844,1,0.89423,0.962457,0.5,14.0,3.0,linear
23,139406,2528,1,0.920459,0.974599,0.5,14.0,3.0,linear
24,136186,1699,1,0.943061,0.982588,0.5,14.0,3.0,linear
25,133124,1073,1,0.960181,0.989243,0.5,14.0,3.0,linear
26,130729,670,1,0.972878,0.993226,0.5,14.0,3.0,linear
27,129190,394,1,0.982562,0.996133,0.5,14.0,3.0,linear
28,128500,198,1,0.989316,0.997995,0.5,14.0,3.0,linear
29,127562,97,1,0.993893,0.999023,0.5,14.0,3.0,linear
30,127259,56,1,0.996563,0.999427,0.5,14.0,3.0,linear
31,126797,32,1,0.998105,0.999724,0.5,14.0,3.0,linear
32,126684,18,1,0.998895,0.99985,0.5,14.0,3.0,linear
33,126679,7,1,0.999452,0.999945,0.5,14.0,3.0,linear
34,126187,3,1,0.999679,0.999976,0.5,14.0,3.0,linear
35,126285,2,1,0.999838,0.999984,0.5,14.0,3.0,linear
36,125901,0,1,0.999929,1.0,0.5,14.0,3.0,linear

