generation,size,female_size,fertile_female_size,rate_dr,rate_has_drive,drive_efficiency,drop_ratio,low_density_growth_rate,density_growth_curve
1,77927,48874,1,0.0,0.0,0.5,13.0,3.0,linear
2,78082,49135,1,0.0,0.0,0.5,13.0,3.0,linear
3,79138,49913,1,0.0,0.0,0.5,13.0,3.0,linear
4,79336,50355,1,0.0,0.0,0.5,13.0,3.0,linear
5,78811,50217,1,0.0,0.0,0.5,13.0,3.0,linear
6,78471,50096,1,0.0,0.0,0.5,13.0,3.0,linear
7,78254,49937,1,0.0,0.0,0.5,13.0,3.0,linear
8,78013,49726,1,0.0,0.0,0.5,13.0,3.0,linear
9,78127,49786,1,0.0,0.0,0.5,13.0,3.0,linear
10,78373,49823,1,0.0,0.0,0.5,13.0,3.0,linear
11,156853,49932,1,0.422334,0.422334,0.5,13.0,3.0,linear
12,195747,49939,1,0.537829,0.552956,0.5,13.0,3.0,linear
13,192193,46644,1,0.567427,0.603864,0.5,13.0,3.0,linear
14,186844,40773,1,0.603083,0.663085,0.5,13.0,3.0,linear
15,181004,34217,1,0.638201,0.721677,0.5,13.0,3.0,linear
16,175278,27689,1,0.67376,0.775468,0.5,13.0,3.0,linear
17,168616,21313,1,0.709996,0.826048,0.5,13.0,3.0,linear
18,162008,15517,1,0.748006,0.867064,0.5,13.0,3.0,linear
19,155431,11317,1,0.783046,0.89733,0.5,13.0,3.0,linear
20,148433,8318,1,0.817786,0.921491,0.5,13.0,3.0,linear
21,141892,5915,1,0.851979,0.940254,0.5,13.0,3.0,linear
22,136140,4196,1,0.881784,0.956301,0.5,13.0,3.0,linear
23,131631,2910,1,0.909373,0.968756,0.5,13.0,3.0,linear
24,127690,2002,1,0.931872,0.978151,0.5,13.0,3.0,linear
25,124160,1296,1,0.950707,0.985375,0.5,13.0,3.0,linear
26,122567,812,1,0.965898,0.990871,0.5,13.0,3.0,linear
27,120909,528,1,0.97755,0.994249,0.5,13.0,3.0,linear
28,119552,310,1,0.985424,0.996545,0.5,13.0,3.0,linear
29,119349,193,1,0.990731,0.99804,0.5,13.0,3.0,linear
30,118115,92,1,0.994448,0.999063,0.5,13.0,3.0,linear
31,117973,51,1,0.996729,0.999501,0.5,13.0,3.0,linear
32,117772,18,1,0.99821,0.999822,0.5,13.0,3.0,linear
33,117715,2,1,0.999104,0.999975,0.5,13.0,3.0,linear
34,117198,1,1,0.999663,0.999983,0.5,13.0,3.0,linear
35,117353,0,1,0.999889,1.0,0.5,13.0,3.0,linear

