generation,size,female_size,fertile_female_size,rate_dr,rate_has_drive,drive_efficiency,drop_ratio,low_density_growth_rate,density_growth_curve
1,78205,49325,1,0.0,0.0,0.5,15.0,3.0,linear
2,77981,49055,1,0.0,0.0,0.5,15.0,3.0,linear
3,78458,49429,1,0.0,0.0,0.5,15.0,3.0,linear
4,78591,49804,1,0.0,0.0,0.5,15.0,3.0,linear
5,78485,49995,1,0.0,0.0,0.5,15.0,3.0,linear
6,79237,50327,1,0.0,0.0,0.5,15.0,3.0,linear
7,78857,50170,1,0.0,0.0,0.5,15.0,3.0,linear
8,79212,50586,1,0.0,0.0,0.5,15.0,3.0,linear
9,78998,50420,1,0.0,0.0,0.5,15.0,3.0,linear
10,78113,50021,1,0.0,0.0,0.5,15.0,3.0,linear
11,167986,49991,1,0.45629,0.45629,0.5,15.0,3.0,linear
12,213360,50069,1,0.571236,0.585647,0.5,15.0,3.0,linear
13,210618,46638,1,0.601296,0.635891,0.5,15.0,3.0,linear
14,204878,40698,1,0.635464,0.692776,0.5,15.0,3.0,linear
15,198448,33953,1,0.670126,0.749755,0.5,15.0,3.0,linear
16,193200,27365,1,0.704834,0.801819,0.5,15.0,3.0,linear
17,186669,20530,1,0.740655,0.848985,0.5,15.0,3.0,linear
18,179561,14712,1,0.776759,0.886909,0.5,15.0,3.0,linear
19,171990,10459,1,0.811321,0.915474,0.5,15.0,3.0,linear
20,164878,7400,1,0.845199,0.936956,0.5,15.0,3.0,linear
21,158394,5138,1,0.876163,0.953651,0.5,15.0,3.0,linear
22,152599,3453,1,0.904943,0.96734,0.5,15.0,3.0,linear
23,148285,2305,1,0.93025,0.977756,0.5,15.0,3.0,linear
24,144250,1510,1,0.950451,0.985499,0.5,15.0,3.0,linear
25,141345,920,1,0.965857,0.991052,0.5,15.0,3.0,linear
26,139573,567,1,0.977421,0.994694,0.5,15.0,3.0,linear
27,137901,341,1,0.985592,0.996918,0.5,15.0,3.0,linear
28,137278,191,1,0.991028,0.998295,0.5,15.0,3.0,linear
29,135939,107,1,0.994571,0.999054,0.5,15.0,3.0,linear
30,135880,46,1,0.997052,0.999588,0.5,15.0,3.0,linear
31,135588,20,1,0.998504,0.999801,0.5,15.0,3.0,linear
32,135443,9,1,0.999254,0.999904,0.5,15.0,3.0,linear
33,135293,2,1,0.999653,0.999978,0.5,15.0,3.0,linear
34,134744,1,1,0.999818,0.99997,0.5,15.0,3.0,linear
35,135108,2,1,0.999926,0.999978,0.5,15.0,3.0,linear
36,135230,2,1,0.999963,0.999978,0.5,15.0,3.0,linear
37,135591,2,1,0.999934,0.999978,0.5,15.0,3.0,linear
38,135518,2,1,0.999956,0.999985,0.5,15.0,3.0,linear
39,134993,1,1,0.999926,0.999993,0.5,15.0,3.0,linear
40,135551,1,1,0.999963,0.999993,0.5,15.0,3.0,linear
41,135533,0,1,0.999978,1.0,0.5,15.0,3.0,linear

