generation,size,female_size,fertile_female_size,rate_dr,rate_has_drive,drive_efficiency,drop_ratio,low_density_growth_rate,density_growth_curve
1,78246,49211,1,0.0,0.0,0.5,5.0,3.0,linear
2,77946,48958,1,0.0,0.0,0.5,5.0,3.0,linear
3,78362,49336,1,0.0,0.0,0.5,5.0,3.0,linear
4,78802,49850,1,0.0,0.0,0.5,5.0,3.0,linear
5,79107,50217,1,0.0,0.0,0.5,5.0,3.0,linear
6,78994,50125,1,0.0,0.0,0.5,5.0,3.0,linear
7,78633,49924,1,0.0,0.0,0.5,5.0,3.0,linear
8,78143,49798,1,0.0,0.0,0.5,5.0,3.0,linear
9,78133,50010,1,0.0,0.0,0.5,5.0,3.0,linear
10,78652,50209,1,0.0,0.0,0.5,5.0,3.0,linear
11,108329,49794,1,0.220142,0.220142,0.5,5.0,3.0,linear
12,123443,49882,1,0.31208,0.327343,0.5,5.0,3.0,linear
13,120952,47374,1,0.339743,0.378932,0.5,5.0,3.0,linear
14,116910,43327,1,0.374447,0.440769,0.5,5.0,3.0,linear
15,112637,38409,1,0.410464,0.504986,0.5,5.0,3.0,linear
16,108597,33409,1,0.44417,0.564779,0.5,5.0,3.0,linear
17,104318,28557,1,0.477544,0.618968,0.5,5.0,3.0,linear
18,99486,23701,1,0.508841,0.665454,0.5,5.0,3.0,linear
19,94672,19900,1,0.539119,0.70527,0.5,5.0,3.0,linear
20,89585,16460,1,0.569234,0.740378,0.5,5.0,3.0,linear
21,84536,13532,1,0.600139,0.770931,0.5,5.0,3.0,linear
22,79272,11103,1,0.631455,0.798603,0.5,5.0,3.0,linear
23,74522,9081,1,0.663967,0.825175,0.5,5.0,3.0,linear
24,69881,7364,1,0.695314,0.848185,0.5,5.0,3.0,linear
25,65812,5828,1,0.729641,0.872335,0.5,5.0,3.0,linear
26,62210,4579,1,0.762694,0.893635,0.5,5.0,3.0,linear
27,58908,3396,1,0.798093,0.915442,0.5,5.0,3.0,linear
28,56065,2516,1,0.834407,0.9351,0.5,5.0,3.0,linear
29,53657,1802,1,0.866978,0.95233,0.5,5.0,3.0,linear
30,51779,1314,1,0.895428,0.965021,0.5,5.0,3.0,linear
31,49825,877,1,0.921648,0.975791,0.5,5.0,3.0,linear
32,48451,580,1,0.942944,0.983861,0.5,5.0,3.0,linear
33,47485,367,1,0.961034,0.989949,0.5,5.0,3.0,linear
34,46818,205,1,0.974299,0.994162,0.5,5.0,3.0,linear
35,45889,126,1,0.983755,0.996625,0.5,5.0,3.0,linear
36,45682,67,1,0.990305,0.998235,0.5,5.0,3.0,linear
37,45441,31,1,0.994578,0.9991,0.5,5.0,3.0,linear
38,45172,17,1,0.997169,0.99958,0.5,5.0,3.0,linear
39,45214,8,1,0.998475,0.999823,0.5,5.0,3.0,linear
40,45156,6,1,0.999181,0.999867,0.5,5.0,3.0,linear
41,44906,1,1,0.999711,0.999978,0.5,5.0,3.0,linear
42,45217,1,1,0.999845,0.999978,0.5,5.0,3.0,linear
43,45264,1,1,0.999923,0.999978,0.5,5.0,3.0,linear
44,45011,0,1,0.999956,1.0,0.5,5.0,3.0,linear

