generation,size,female_size,fertile_female_size,rate_dr,rate_has_drive,drive_efficiency,drop_ratio,low_density_growth_rate,density_growth_curve
1,78823,49789,1,0.0,0.0,0.5,9.0,4.0,linear
2,78308,49390,1,0.0,0.0,0.5,9.0,4.0,linear
3,78758,49897,1,0.0,0.0,0.5,9.0,4.0,linear
4,78894,50058,1,0.0,0.0,0.5,9.0,4.0,linear
5,79055,50229,1,0.0,0.0,0.5,9.0,4.0,linear
6,78575,49822,1,0.0,0.0,0.5,9.0,4.0,linear
7,78017,49573,1,0.0,0.0,0.5,9.0,4.0,linear
8,78710,49932,1,0.0,0.0,0.5,9.0,4.0,linear
9,78892,50026,1,0.0,0.0,0.5,9.0,4.0,linear
10,78920,50252,1,0.0,0.0,0.5,9.0,4.0,linear
11,132940,50246,1,0.334717,0.334717,0.5,9.0,4.0,linear
12,159601,50050,1,0.447293,0.463103,0.5,9.0,4.0,linear
13,156755,46849,1,0.478574,0.516782,0.5,9.0,4.0,linear
14,150941,41522,1,0.511886,0.57826,0.5,9.0,4.0,linear
15,146915,35982,1,0.545754,0.641874,0.5,9.0,4.0,linear
16,143631,30403,1,0.578051,0.700572,0.5,9.0,4.0,linear
17,140202,24898,1,0.609372,0.752873,0.5,9.0,4.0,linear
18,135031,19743,1,0.638878,0.794846,0.5,9.0,4.0,linear
19,130633,15770,1,0.667346,0.827146,0.5,9.0,4.0,linear
20,125138,12773,1,0.69505,0.852448,0.5,9.0,4.0,linear
21,118999,10166,1,0.723798,0.874338,0.5,9.0,4.0,linear
22,113678,8070,1,0.755287,0.89584,0.5,9.0,4.0,linear
23,108486,6302,1,0.785342,0.913535,0.5,9.0,4.0,linear
24,103646,4907,1,0.812502,0.928972,0.5,9.0,4.0,linear
25,99476,3800,1,0.841528,0.943755,0.5,9.0,4.0,linear
26,95925,2875,1,0.867797,0.955777,0.5,9.0,4.0,linear
27,92582,2115,1,0.89289,0.966168,0.5,9.0,4.0,linear
28,89739,1527,1,0.916268,0.975404,0.5,9.0,4.0,linear
29,87981,1098,1,0.936055,0.982322,0.5,9.0,4.0,linear
30,85918,741,1,0.951825,0.987788,0.5,9.0,4.0,linear
31,84876,483,1,0.96629,0.992274,0.5,9.0,4.0,linear
32,83834,280,1,0.976822,0.995443,0.5,9.0,4.0,linear
33,82754,174,1,0.984476,0.997218,0.5,9.0,4.0,linear
34,82491,98,1,0.9906,0.998576,0.5,9.0,4.0,linear
35,82034,58,1,0.993979,0.999198,0.5,9.0,4.0,linear
36,81932,31,1,0.996637,0.999586,0.5,9.0,4.0,linear
37,81674,15,1,0.998128,0.999792,0.5,9.0,4.0,linear
38,81274,7,1,0.998881,0.999914,0.5,9.0,4.0,linear
39,81202,2,1,0.999483,0.999975,0.5,9.0,4.0,linear
40,81130,1,1,0.999717,0.999988,0.5,9.0,4.0,linear
41,81148,0,1,0.999889,1.0,0.5,9.0,4.0,linear

