generation,size,female_size,fertile_female_size,rate_dr,rate_has_drive,drive_efficiency,drop_ratio,low_density_growth_rate,density_growth_curve
1,78503,49313,1,0.0,0.0,0.5,18.0,7.0,linear
2,78040,49122,1,0.0,0.0,0.5,18.0,7.0,linear
3,79382,50004,1,0.0,0.0,0.5,18.0,7.0,linear
4,80895,51136,1,0.0,0.0,0.5,18.0,7.0,linear
5,78641,50143,1,0.0,0.0,0.5,18.0,7.0,linear
6,76398,49047,1,0.0,0.0,0.5,18.0,7.0,linear
7,76782,49059,1,0.0,0.0,0.5,18.0,7.0,linear
8,79045,50035,1,0.0,0.0,0.5,18.0,7.0,linear
9,79496,50247,1,0.0,0.0,0.5,18.0,7.0,linear
10,79053,50339,1,0.0,0.0,0.5,18.0,7.0,linear
11,186672,50115,1,0.505369,0.505369,0.5,18.0,7.0,linear
12,239919,49643,1,0.617446,0.63064,0.5,18.0,7.0,linear
13,236207,46068,1,0.642061,0.673441,0.5,18.0,7.0,linear
14,230725,40304,1,0.663571,0.723566,0.5,18.0,7.0,linear
15,230166,34940,1,0.682764,0.771413,0.5,18.0,7.0,linear
16,230332,29311,1,0.701436,0.816742,0.5,18.0,7.0,linear
17,229475,23552,1,0.721328,0.856621,0.5,18.0,7.0,linear
18,227136,18266,1,0.741097,0.887447,0.5,18.0,7.0,linear
19,223063,14520,1,0.759726,0.908053,0.5,18.0,7.0,linear
20,217813,11556,1,0.778862,0.922886,0.5,18.0,7.0,linear
21,211274,9077,1,0.799474,0.935392,0.5,18.0,7.0,linear
22,205198,7298,1,0.823255,0.945819,0.5,18.0,7.0,linear
23,198307,5719,1,0.843527,0.955485,0.5,18.0,7.0,linear
24,192988,4537,1,0.863682,0.963399,0.5,18.0,7.0,linear
25,188558,3625,1,0.882944,0.969705,0.5,18.0,7.0,linear
26,184101,2846,1,0.900208,0.975902,0.5,18.0,7.0,linear
27,180057,2165,1,0.9175,0.981187,0.5,18.0,7.0,linear
28,176427,1655,1,0.932702,0.985905,0.5,18.0,7.0,linear
29,173263,1213,1,0.946498,0.989808,0.5,18.0,7.0,linear
30,170654,867,1,0.958071,0.992724,0.5,18.0,7.0,linear
31,168699,619,1,0.968679,0.994814,0.5,18.0,7.0,linear
32,166801,406,1,0.977091,0.996496,0.5,18.0,7.0,linear
33,166014,276,1,0.984275,0.997773,0.5,18.0,7.0,linear
34,164642,163,1,0.989292,0.998721,0.5,18.0,7.0,linear
35,163919,98,1,0.992992,0.999235,0.5,18.0,7.0,linear
36,163217,49,1,0.995843,0.999639,0.5,18.0,7.0,linear
37,163098,30,1,0.997443,0.999798,0.5,18.0,7.0,linear
38,162732,15,1,0.998585,0.999902,0.5,18.0,7.0,linear
39,162673,9,1,0.999186,0.999945,0.5,18.0,7.0,linear
40,162979,5,1,0.999595,0.999969,0.5,18.0,7.0,linear
41,162358,0,1,0.999791,1.0,0.5,18.0,7.0,linear

