generation,size,female_size,fertile_female_size,rate_dr,rate_has_drive,drive_efficiency,drop_ratio,low_density_growth_rate,density_growth_curve
1,78183,49326,1,0.0,0.0,0.5,6.0,4.0,linear
2,78094,49217,1,0.0,0.0,0.5,6.0,4.0,linear
3,78983,49914,1,0.0,0.0,0.5,6.0,4.0,linear
4,79280,50268,1,0.0,0.0,0.5,6.0,4.0,linear
5,79138,50339,1,0.0,0.0,0.5,6.0,4.0,linear
6,78526,49865,1,0.0,0.0,0.5,6.0,4.0,linear
7,77940,49577,1,0.0,0.0,0.5,6.0,4.0,linear
8,78460,49723,1,0.0,0.0,0.5,6.0,4.0,linear
9,79147,50009,1,0.0,0.0,0.5,6.0,4.0,linear
10,79238,50099,1,0.0,0.0,0.5,6.0,4.0,linear
11,114698,49812,1,0.252349,0.252349,0.5,6.0,4.0,linear
12,132399,49751,1,0.351285,0.366709,0.5,6.0,4.0,linear
13,130205,47343,1,0.380781,0.420096,0.5,6.0,4.0,linear
14,125477,42746,1,0.413738,0.481612,0.5,6.0,4.0,linear
15,122163,37934,1,0.447775,0.545661,0.5,6.0,4.0,linear
16,118763,33203,1,0.477517,0.603278,0.5,6.0,4.0,linear
17,116293,28448,1,0.50804,0.657545,0.5,6.0,4.0,linear
18,112243,23790,1,0.535201,0.701385,0.5,6.0,4.0,linear
19,108791,20183,1,0.561463,0.737626,0.5,6.0,4.0,linear
20,104399,17067,1,0.585354,0.765845,0.5,6.0,4.0,linear
21,100179,14630,1,0.608558,0.790547,0.5,6.0,4.0,linear
22,95501,12310,1,0.632167,0.810849,0.5,6.0,4.0,linear
23,90963,10367,1,0.656784,0.831617,0.5,6.0,4.0,linear
24,87017,8783,1,0.682696,0.850031,0.5,6.0,4.0,linear
25,82121,7272,1,0.708452,0.869433,0.5,6.0,4.0,linear
26,78256,5938,1,0.734816,0.887666,0.5,6.0,4.0,linear
27,74949,4829,1,0.76442,0.904359,0.5,6.0,4.0,linear
28,71495,3802,1,0.792243,0.919298,0.5,6.0,4.0,linear
29,68631,3049,1,0.82124,0.933475,0.5,6.0,4.0,linear
30,65824,2375,1,0.84752,0.946218,0.5,6.0,4.0,linear
31,63692,1816,1,0.874098,0.958389,0.5,6.0,4.0,linear
32,61478,1321,1,0.89814,0.969366,0.5,6.0,4.0,linear
33,59818,897,1,0.920933,0.978246,0.5,6.0,4.0,linear
34,58478,621,1,0.94029,0.985105,0.5,6.0,4.0,linear
35,57206,399,1,0.957639,0.990291,0.5,6.0,4.0,linear
36,56074,237,1,0.970866,0.994282,0.5,6.0,4.0,linear
37,55426,143,1,0.980284,0.996571,0.5,6.0,4.0,linear
38,55295,92,1,0.987379,0.997862,0.5,6.0,4.0,linear
39,54800,54,1,0.992183,0.998691,0.5,6.0,4.0,linear
40,54532,29,1,0.995325,0.999286,0.5,6.0,4.0,linear
41,54223,18,1,0.997145,0.999576,0.5,6.0,4.0,linear
42,53866,7,1,0.998423,0.999852,0.5,6.0,4.0,linear
43,54158,3,1,0.999206,0.999945,0.5,6.0,4.0,linear
44,54181,1,1,0.999539,0.999982,0.5,6.0,4.0,linear
45,54035,0,1,0.999787,1.0,0.5,6.0,4.0,linear

