generation,size,female_size,fertile_female_size,rate_dr,rate_has_drive,drive_efficiency,drop_ratio,low_density_growth_rate,density_growth_curve
1,78432,49430,1,0.0,0.0,0.5,10.0,3.0,linear
2,78118,49422,1,0.0,0.0,0.5,10.0,3.0,linear
3,78727,49807,1,0.0,0.0,0.5,10.0,3.0,linear
4,78755,50096,1,0.0,0.0,0.5,10.0,3.0,linear
5,78827,50262,1,0.0,0.0,0.5,10.0,3.0,linear
6,78796,50288,1,0.0,0.0,0.5,10.0,3.0,linear
7,78651,49892,1,0.0,0.0,0.5,10.0,3.0,linear
8,78073,49655,1,0.0,0.0,0.5,10.0,3.0,linear
9,78397,49824,1,0.0,0.0,0.5,10.0,3.0,linear
10,78641,50096,1,0.0,0.0,0.5,10.0,3.0,linear
11,139080,50164,1,0.358846,0.358846,0.5,10.0,3.0,linear
12,168642,49935,1,0.472687,0.488569,0.5,10.0,3.0,linear
13,165656,46792,1,0.503495,0.541818,0.5,10.0,3.0,linear
14,160389,41687,1,0.539023,0.603166,0.5,10.0,3.0,linear
15,155059,35281,1,0.578099,0.667504,0.5,10.0,3.0,linear
16,149137,28830,1,0.61543,0.728216,0.5,10.0,3.0,linear
17,143729,22793,1,0.652408,0.779996,0.5,10.0,3.0,linear
18,137388,17268,1,0.688769,0.824596,0.5,10.0,3.0,linear
19,131026,13045,1,0.725235,0.859051,0.5,10.0,3.0,linear
20,124330,9767,1,0.761907,0.887651,0.5,10.0,3.0,linear
21,117699,7339,1,0.79657,0.910239,0.5,10.0,3.0,linear
22,112275,5327,1,0.832866,0.931365,0.5,10.0,3.0,linear
23,107061,3846,1,0.864656,0.948653,0.5,10.0,3.0,linear
24,103177,2683,1,0.894042,0.963506,0.5,10.0,3.0,linear
25,99844,1799,1,0.920455,0.975097,0.5,10.0,3.0,linear
26,97120,1160,1,0.943212,0.983656,0.5,10.0,3.0,linear
27,94855,706,1,0.961155,0.989847,0.5,10.0,3.0,linear
28,93494,431,1,0.973925,0.993744,0.5,10.0,3.0,linear
29,92295,247,1,0.983615,0.996473,0.5,10.0,3.0,linear
30,91609,142,1,0.990281,0.997978,0.5,10.0,3.0,linear
31,91085,88,1,0.993852,0.998664,0.5,10.0,3.0,linear
32,90792,55,1,0.996344,0.999263,0.5,10.0,3.0,linear
33,90493,36,1,0.997726,0.999558,0.5,10.0,3.0,linear
34,90301,17,1,0.998777,0.99979,0.5,10.0,3.0,linear
35,90384,6,1,0.999353,0.999934,0.5,10.0,3.0,linear
36,90518,3,1,0.99963,0.999967,0.5,10.0,3.0,linear
37,90461,0,1,0.999873,1.0,0.5,10.0,3.0,linear

