generation,size,female_size,fertile_female_size,rate_dr,rate_has_drive,drive_efficiency,drop_ratio,low_density_growth_rate,density_growth_curve
1,78210,49341,1,0.0,0.0,0.5,15.0,8.0,linear
2,77977,49148,1,0.0,0.0,0.5,15.0,8.0,linear
3,79452,49924,1,0.0,0.0,0.5,15.0,8.0,linear
4,80101,50516,1,0.0,0.0,0.5,15.0,8.0,linear
5,79228,50382,1,0.0,0.0,0.5,15.0,8.0,linear
6,77672,49702,1,0.0,0.0,0.5,15.0,8.0,linear
7,78147,49980,1,0.0,0.0,0.5,15.0,8.0,linear
8,78445,49927,1,0.0,0.0,0.5,15.0,8.0,linear
9,78519,49838,1,0.0,0.0,0.5,15.0,8.0,linear
10,78514,49891,1,0.0,0.0,0.5,15.0,8.0,linear
11,168953,50192,1,0.457331,0.457331,0.5,15.0,8.0,linear
12,213775,50127,1,0.572572,0.587167,0.5,15.0,8.0,linear
13,210105,46526,1,0.600231,0.635148,0.5,15.0,8.0,linear
14,204285,40524,1,0.623524,0.688891,0.5,15.0,8.0,linear
15,204676,35679,1,0.641815,0.740271,0.5,15.0,8.0,linear
16,206503,30560,1,0.66009,0.787548,0.5,15.0,8.0,linear
17,206612,25071,1,0.677987,0.830244,0.5,15.0,8.0,linear
18,204760,20117,1,0.695158,0.862698,0.5,15.0,8.0,linear
19,202565,16273,1,0.712246,0.884378,0.5,15.0,8.0,linear
20,198611,13468,1,0.727936,0.898713,0.5,15.0,8.0,linear
21,193144,11318,1,0.744965,0.909915,0.5,15.0,8.0,linear
22,187269,9585,1,0.763387,0.921007,0.5,15.0,8.0,linear
23,181602,8034,1,0.782091,0.930329,0.5,15.0,8.0,linear
24,176658,6945,1,0.798962,0.937527,0.5,15.0,8.0,linear
25,172073,5999,1,0.815627,0.945429,0.5,15.0,8.0,linear
26,168110,5056,1,0.83092,0.952806,0.5,15.0,8.0,linear
27,164418,4209,1,0.849266,0.959502,0.5,15.0,8.0,linear
28,159763,3536,1,0.865892,0.966264,0.5,15.0,8.0,linear
29,156488,2785,1,0.881409,0.972648,0.5,15.0,8.0,linear
30,153582,2134,1,0.89994,0.978696,0.5,15.0,8.0,linear
31,150693,1602,1,0.916891,0.98409,0.5,15.0,8.0,linear
32,147588,1182,1,0.933694,0.988148,0.5,15.0,8.0,linear
33,145036,842,1,0.947917,0.991254,0.5,15.0,8.0,linear
34,142222,571,1,0.96011,0.993964,0.5,15.0,8.0,linear
35,140269,392,1,0.971393,0.995797,0.5,15.0,8.0,linear
36,138772,280,1,0.979688,0.997259,0.5,15.0,8.0,linear
37,138193,165,1,0.986204,0.998414,0.5,15.0,8.0,linear
38,137081,105,1,0.99066,0.99897,0.5,15.0,8.0,linear
39,136343,61,1,0.993795,0.999379,0.5,15.0,8.0,linear
40,136148,37,1,0.996404,0.999648,0.5,15.0,8.0,linear
41,135861,18,1,0.997849,0.999824,0.5,15.0,8.0,linear
42,135787,12,1,0.998734,0.999904,0.5,15.0,8.0,linear
43,135747,7,1,0.999348,0.999948,0.5,15.0,8.0,linear
44,135780,3,1,0.999658,0.999978,0.5,15.0,8.0,linear
45,135257,0,1,0.999808,1.0,0.5,15.0,8.0,linear

