generation,size,female_size,fertile_female_size,rate_dr,rate_has_drive,drive_efficiency,drop_ratio,low_density_growth_rate,density_growth_curve
1,78275,49286,1,0.0,0.0,0.5,19.0,9.0,linear
2,78251,49465,1,0.0,0.0,0.5,19.0,9.0,linear
3,81505,51446,1,0.0,0.0,0.5,19.0,9.0,linear
4,80841,51285,1,0.0,0.0,0.5,19.0,9.0,linear
5,75607,48766,1,0.0,0.0,0.5,19.0,9.0,linear
6,74171,47929,1,0.0,0.0,0.5,19.0,9.0,linear
7,82154,51598,1,0.0,0.0,0.5,19.0,9.0,linear
8,83342,52060,1,0.0,0.0,0.5,19.0,9.0,linear
9,74428,47894,1,0.0,0.0,0.5,19.0,9.0,linear
10,73971,48062,1,0.0,0.0,0.5,19.0,9.0,linear
11,198138,52786,1,0.507073,0.507073,0.5,19.0,9.0,linear
12,253225,51506,1,0.640534,0.650451,0.5,19.0,9.0,linear
13,239018,43238,1,0.666663,0.701263,0.5,19.0,9.0,linear
14,236258,38074,1,0.674563,0.743433,0.5,19.0,9.0,linear
15,244063,35231,1,0.684535,0.781117,0.5,19.0,9.0,linear
16,246138,29697,1,0.697943,0.820323,0.5,19.0,9.0,linear
17,245087,24028,1,0.715418,0.860209,0.5,19.0,9.0,linear
18,243890,19231,1,0.732196,0.888358,0.5,19.0,9.0,linear
19,242193,15929,1,0.745532,0.905751,0.5,19.0,9.0,linear
20,237561,12919,1,0.760196,0.919583,0.5,19.0,9.0,linear
21,232247,10374,1,0.776905,0.929942,0.5,19.0,9.0,linear
22,225959,8735,1,0.794003,0.938665,0.5,19.0,9.0,linear
23,220231,7391,1,0.812122,0.947001,0.5,19.0,9.0,linear
24,214200,6211,1,0.828982,0.953277,0.5,19.0,9.0,linear
25,208544,5325,1,0.844026,0.959082,0.5,19.0,9.0,linear
26,204469,4380,1,0.859904,0.966405,0.5,19.0,9.0,linear
27,199894,3524,1,0.87538,0.971969,0.5,19.0,9.0,linear
28,196076,2820,1,0.89306,0.977471,0.5,19.0,9.0,linear
29,191995,2211,1,0.90957,0.981842,0.5,19.0,9.0,linear
30,187888,1701,1,0.924326,0.985858,0.5,19.0,9.0,linear
31,184937,1264,1,0.937637,0.989257,0.5,19.0,9.0,linear
32,182555,923,1,0.950544,0.991901,0.5,19.0,9.0,linear
33,179971,698,1,0.961289,0.993825,0.5,19.0,9.0,linear
34,177404,508,1,0.970652,0.995699,0.5,19.0,9.0,linear
35,176153,360,1,0.978681,0.997038,0.5,19.0,9.0,linear
36,174209,255,1,0.984259,0.997841,0.5,19.0,9.0,linear
37,173826,170,1,0.988546,0.998573,0.5,19.0,9.0,linear
38,173416,122,1,0.991847,0.998984,0.5,19.0,9.0,linear
39,172742,83,1,0.993962,0.999372,0.5,19.0,9.0,linear
40,172238,52,1,0.995966,0.999635,0.5,19.0,9.0,linear
41,171514,32,1,0.997384,0.999802,0.5,19.0,9.0,linear
42,171557,18,1,0.9983,0.999895,0.5,19.0,9.0,linear
43,171832,5,1,0.998854,0.999971,0.5,19.0,9.0,linear
44,171651,1,1,0.999476,0.999994,0.5,19.0,9.0,linear
45,171742,0,1,0.999753,1.0,0.5,19.0,9.0,linear

