generation,size,female_size,fertile_female_size,rate_dr,rate_has_drive,drive_efficiency,drop_ratio,low_density_growth_rate,density_growth_curve
1,78309,49334,1,0.0,0.0,0.5,17.0,7.0,linear
2,78345,49296,1,0.0,0.0,0.5,17.0,7.0,linear
3,79611,50186,1,0.0,0.0,0.5,17.0,7.0,linear
4,80889,50869,1,0.0,0.0,0.5,17.0,7.0,linear
5,78817,50016,1,0.0,0.0,0.5,17.0,7.0,linear
6,75875,48750,1,0.0,0.0,0.5,17.0,7.0,linear
7,77093,49178,1,0.0,0.0,0.5,17.0,7.0,linear
8,80233,50568,1,0.0,0.0,0.5,17.0,7.0,linear
9,79448,50205,1,0.0,0.0,0.5,17.0,7.0,linear
10,77609,49648,1,0.0,0.0,0.5,17.0,7.0,linear
11,181173,50321,1,0.488062,0.488062,0.5,17.0,7.0,linear
12,232923,50713,1,0.600533,0.614537,0.5,17.0,7.0,linear
13,229357,46906,1,0.632846,0.664699,0.5,17.0,7.0,linear
14,221022,40039,1,0.656843,0.717765,0.5,17.0,7.0,linear
15,219758,34713,1,0.6743,0.766476,0.5,17.0,7.0,linear
16,221544,29301,1,0.693226,0.811751,0.5,17.0,7.0,linear
17,220907,23395,1,0.712057,0.851221,0.5,17.0,7.0,linear
18,217981,18086,1,0.731498,0.883112,0.5,17.0,7.0,linear
19,215065,14320,1,0.751436,0.904201,0.5,17.0,7.0,linear
20,209282,11571,1,0.770558,0.919235,0.5,17.0,7.0,linear
21,202955,9200,1,0.790842,0.931226,0.5,17.0,7.0,linear
22,196833,7447,1,0.812894,0.94198,0.5,17.0,7.0,linear
23,190614,5973,1,0.833853,0.951523,0.5,17.0,7.0,linear
24,185069,4812,1,0.853655,0.959461,0.5,17.0,7.0,linear
25,179958,3840,1,0.874322,0.966926,0.5,17.0,7.0,linear
26,175150,3018,1,0.892483,0.973308,0.5,17.0,7.0,linear
27,171253,2292,1,0.911284,0.979412,0.5,17.0,7.0,linear
28,167600,1655,1,0.928232,0.98497,0.5,17.0,7.0,linear
29,164224,1215,1,0.942723,0.989003,0.5,17.0,7.0,linear
30,161876,830,1,0.955998,0.992268,0.5,17.0,7.0,linear
31,159653,552,1,0.968069,0.994877,0.5,17.0,7.0,linear
32,158440,383,1,0.977939,0.996565,0.5,17.0,7.0,linear
33,156469,242,1,0.984864,0.997771,0.5,17.0,7.0,linear
34,155318,159,1,0.989573,0.998644,0.5,17.0,7.0,linear
35,154715,100,1,0.99299,0.999228,0.5,17.0,7.0,linear
36,154027,63,1,0.995607,0.999514,0.5,17.0,7.0,linear
37,153924,29,1,0.99743,0.999799,0.5,17.0,7.0,linear
38,153617,14,1,0.998705,0.999909,0.5,17.0,7.0,linear
39,153937,6,1,0.999331,0.999961,0.5,17.0,7.0,linear
40,153786,2,1,0.99962,0.999987,0.5,17.0,7.0,linear
41,153459,0,1,0.999847,1.0,0.5,17.0,7.0,linear

