generation,size,female_size,fertile_female_size,rate_dr,rate_has_drive,drive_efficiency,drop_ratio,low_density_growth_rate,density_growth_curve
1,78461,49261,1,0.0,0.0,0.5,13.0,5.0,linear
2,78534,49280,1,0.0,0.0,0.5,13.0,5.0,linear
3,79537,50064,1,0.0,0.0,0.5,13.0,5.0,linear
4,80256,50644,1,0.0,0.0,0.5,13.0,5.0,linear
5,79398,50616,1,0.0,0.0,0.5,13.0,5.0,linear
6,78106,50032,1,0.0,0.0,0.5,13.0,5.0,linear
7,77225,49513,1,0.0,0.0,0.5,13.0,5.0,linear
8,78116,49769,1,0.0,0.0,0.5,13.0,5.0,linear
9,78974,49970,1,0.0,0.0,0.5,13.0,5.0,linear
10,79551,50120,1,0.0,0.0,0.5,13.0,5.0,linear
11,157443,50074,1,0.421093,0.421093,0.5,13.0,5.0,linear
12,196288,50319,1,0.536603,0.551588,0.5,13.0,5.0,linear
13,193297,46980,1,0.56713,0.60202,0.5,13.0,5.0,linear
14,186295,41153,1,0.59583,0.658354,0.5,13.0,5.0,linear
15,183255,35275,1,0.623805,0.715003,0.5,13.0,5.0,linear
16,180835,29433,1,0.650755,0.768411,0.5,13.0,5.0,linear
17,177970,23720,1,0.676672,0.81496,0.5,13.0,5.0,linear
18,174260,18429,1,0.703042,0.851826,0.5,13.0,5.0,linear
19,169863,14544,1,0.727874,0.877831,0.5,13.0,5.0,linear
20,164555,11650,1,0.752238,0.897264,0.5,13.0,5.0,linear
21,158063,9014,1,0.778892,0.915126,0.5,13.0,5.0,linear
22,152140,6979,1,0.80626,0.930196,0.5,13.0,5.0,linear
23,145995,5535,1,0.831462,0.942603,0.5,13.0,5.0,linear
24,141008,4319,1,0.855942,0.953785,0.5,13.0,5.0,linear
25,136728,3321,1,0.880671,0.963747,0.5,13.0,5.0,linear
26,132202,2454,1,0.901693,0.97274,0.5,13.0,5.0,linear
27,129253,1775,1,0.921727,0.979989,0.5,13.0,5.0,linear
28,126518,1264,1,0.938771,0.985618,0.5,13.0,5.0,linear
29,124156,861,1,0.953129,0.990113,0.5,13.0,5.0,linear
30,122116,554,1,0.96672,0.993219,0.5,13.0,5.0,linear
31,121044,386,1,0.976914,0.995562,0.5,13.0,5.0,linear
32,119310,227,1,0.984451,0.9974,0.5,13.0,5.0,linear
33,119003,159,1,0.989787,0.998387,0.5,13.0,5.0,linear
34,118864,79,1,0.993402,0.999229,0.5,13.0,5.0,linear
35,118162,51,1,0.995748,0.99951,0.5,13.0,5.0,linear
36,117711,26,1,0.997556,0.999754,0.5,13.0,5.0,linear
37,117242,10,1,0.998662,0.999889,0.5,13.0,5.0,linear
38,117509,6,1,0.999417,0.99994,0.5,13.0,5.0,linear
39,117533,1,1,0.999685,0.999991,0.5,13.0,5.0,linear
40,117751,0,1,0.999834,1.0,0.5,13.0,5.0,linear

