generation,size,female_size,fertile_female_size,rate_dr,rate_has_drive,drive_efficiency,drop_ratio,low_density_growth_rate,density_growth_curve
1,77675,48761,1,0.0,0.0,0.5,20.0,7.0,linear
2,77919,48945,1,0.0,0.0,0.5,20.0,7.0,linear
3,79883,50146,1,0.0,0.0,0.5,20.0,7.0,linear
4,80411,50619,1,0.0,0.0,0.5,20.0,7.0,linear
5,77887,49792,1,0.0,0.0,0.5,20.0,7.0,linear
6,77304,49667,1,0.0,0.0,0.5,20.0,7.0,linear
7,78550,50118,1,0.0,0.0,0.5,20.0,7.0,linear
8,78456,50001,1,0.0,0.0,0.5,20.0,7.0,linear
9,76801,48968,1,0.0,0.0,0.5,20.0,7.0,linear
10,78398,49713,1,0.0,0.0,0.5,20.0,7.0,linear
11,201819,51362,1,0.522475,0.522475,0.5,20.0,7.0,linear
12,261711,51209,1,0.642809,0.654698,0.5,20.0,7.0,linear
13,253280,45748,1,0.673398,0.702774,0.5,20.0,7.0,linear
14,245793,39093,1,0.690851,0.749194,0.5,20.0,7.0,linear
15,247236,34081,1,0.70572,0.791986,0.5,20.0,7.0,linear
16,248673,28590,1,0.722187,0.831923,0.5,20.0,7.0,linear
17,246946,22888,1,0.740314,0.869692,0.5,20.0,7.0,linear
18,244138,17451,1,0.761186,0.900071,0.5,20.0,7.0,linear
19,240272,13727,1,0.780125,0.919851,0.5,20.0,7.0,linear
20,234531,10602,1,0.798926,0.934679,0.5,20.0,7.0,linear
21,229005,8029,1,0.821674,0.947021,0.5,20.0,7.0,linear
22,221866,6160,1,0.844038,0.956653,0.5,20.0,7.0,linear
23,214695,4829,1,0.867484,0.965202,0.5,20.0,7.0,linear
24,207513,3671,1,0.888103,0.972397,0.5,20.0,7.0,linear
25,202956,2866,1,0.907546,0.977982,0.5,20.0,7.0,linear
26,198224,2171,1,0.923862,0.982705,0.5,20.0,7.0,linear
27,194397,1646,1,0.939183,0.986793,0.5,20.0,7.0,linear
28,190718,1218,1,0.951986,0.990345,0.5,20.0,7.0,linear
29,188675,850,1,0.96276,0.993376,0.5,20.0,7.0,linear
30,187031,591,1,0.972808,0.995621,0.5,20.0,7.0,linear
31,185409,387,1,0.98008,0.997311,0.5,20.0,7.0,linear
32,183785,238,1,0.986186,0.998392,0.5,20.0,7.0,linear
33,182423,134,1,0.990966,0.999116,0.5,20.0,7.0,linear
34,181870,83,1,0.994434,0.999446,0.5,20.0,7.0,linear
35,181128,30,1,0.996784,0.999752,0.5,20.0,7.0,linear
36,180565,14,1,0.99832,0.999873,0.5,20.0,7.0,linear
37,180180,10,1,0.999026,0.999928,0.5,20.0,7.0,linear
38,180583,5,1,0.999546,0.999967,0.5,20.0,7.0,linear
39,180716,2,1,0.99979,0.999989,0.5,20.0,7.0,linear
40,180620,2,1,0.999889,0.999989,0.5,20.0,7.0,linear
41,180560,0,1,0.999947,1.0,0.5,20.0,7.0,linear

