generation,size,female_size,fertile_female_size,rate_dr,rate_has_drive,drive_efficiency,drop_ratio,low_density_growth_rate,density_growth_curve
1,78746,49552,1,0.0,0.0,0.5,15.0,8.0,linear
2,78332,49204,1,0.0,0.0,0.5,15.0,8.0,linear
3,79809,50367,1,0.0,0.0,0.5,15.0,8.0,linear
4,80801,51037,1,0.0,0.0,0.5,15.0,8.0,linear
5,79222,50482,1,0.0,0.0,0.5,15.0,8.0,linear
6,75840,48753,1,0.0,0.0,0.5,15.0,8.0,linear
7,77675,49722,1,0.0,0.0,0.5,15.0,8.0,linear
8,81160,51157,1,0.0,0.0,0.5,15.0,8.0,linear
9,78203,49393,1,0.0,0.0,0.5,15.0,8.0,linear
10,76622,48681,1,0.0,0.0,0.5,15.0,8.0,linear
11,168842,49924,1,0.454108,0.454108,0.5,15.0,8.0,linear
12,215657,50831,1,0.570093,0.585,0.5,15.0,8.0,linear
13,211054,46730,1,0.602586,0.637463,0.5,15.0,8.0,linear
14,203240,39852,1,0.627201,0.693496,0.5,15.0,8.0,linear
15,203093,35013,1,0.642723,0.74344,0.5,15.0,8.0,linear
16,206072,30363,1,0.660465,0.78936,0.5,15.0,8.0,linear
17,205712,24560,1,0.678996,0.831909,0.5,15.0,8.0,linear
18,204641,19585,1,0.697489,0.864767,0.5,15.0,8.0,linear
19,202227,16123,1,0.714026,0.885869,0.5,15.0,8.0,linear
20,198302,13357,1,0.730542,0.901134,0.5,15.0,8.0,linear
21,193289,11125,1,0.749222,0.913936,0.5,15.0,8.0,linear
22,187011,9125,1,0.765834,0.924176,0.5,15.0,8.0,linear
23,181797,7812,1,0.783417,0.932246,0.5,15.0,8.0,linear
24,176388,6692,1,0.802114,0.940062,0.5,15.0,8.0,linear
25,171476,5648,1,0.818619,0.94786,0.5,15.0,8.0,linear
26,167205,4800,1,0.836038,0.954853,0.5,15.0,8.0,linear
27,162894,3929,1,0.852402,0.961987,0.5,15.0,8.0,linear
28,159615,3148,1,0.871058,0.969236,0.5,15.0,8.0,linear
29,155667,2493,1,0.889636,0.975024,0.5,15.0,8.0,linear
30,151901,1941,1,0.907406,0.980163,0.5,15.0,8.0,linear
31,149484,1519,1,0.924306,0.984412,0.5,15.0,8.0,linear
32,146307,1119,1,0.938745,0.988521,0.5,15.0,8.0,linear
33,143847,774,1,0.951199,0.991607,0.5,15.0,8.0,linear
34,142005,560,1,0.963692,0.994168,0.5,15.0,8.0,linear
35,139857,383,1,0.972979,0.996002,0.5,15.0,8.0,linear
36,138992,266,1,0.980152,0.997387,0.5,15.0,8.0,linear
37,138035,159,1,0.986118,0.998427,0.5,15.0,8.0,linear
38,137196,104,1,0.991005,0.998984,0.5,15.0,8.0,linear
39,136216,66,1,0.993998,0.999415,0.5,15.0,8.0,linear
40,136190,38,1,0.996012,0.999663,0.5,15.0,8.0,linear
41,135612,22,1,0.997515,0.999816,0.5,15.0,8.0,linear
42,135552,9,1,0.998533,0.999926,0.5,15.0,8.0,linear
43,135570,4,1,0.999123,0.999971,0.5,15.0,8.0,linear
44,135007,0,1,0.999648,1.0,0.5,15.0,8.0,linear

