generation,size,female_size,fertile_female_size,rate_dr,rate_has_drive,drive_efficiency,drop_ratio,low_density_growth_rate,density_growth_curve
1,77629,48772,1,0.0,0.0,0.5,8.0,3.0,linear
2,77658,48826,1,0.0,0.0,0.5,8.0,3.0,linear
3,78556,49433,1,0.0,0.0,0.5,8.0,3.0,linear
4,79340,50198,1,0.0,0.0,0.5,8.0,3.0,linear
5,78675,49982,1,0.0,0.0,0.5,8.0,3.0,linear
6,78864,50281,1,0.0,0.0,0.5,8.0,3.0,linear
7,78601,50190,1,0.0,0.0,0.5,8.0,3.0,linear
8,78577,50030,1,0.0,0.0,0.5,8.0,3.0,linear
9,78290,49816,1,0.0,0.0,0.5,8.0,3.0,linear
10,78337,49598,1,0.0,0.0,0.5,8.0,3.0,linear
11,126185,49634,1,0.309047,0.309047,0.5,8.0,3.0,linear
12,150621,49919,1,0.417489,0.434098,0.5,8.0,3.0,linear
13,147977,46923,1,0.448917,0.488503,0.5,8.0,3.0,linear
14,142674,41983,1,0.48493,0.551983,0.5,8.0,3.0,linear
15,137602,36246,1,0.52291,0.617684,0.5,8.0,3.0,linear
16,132137,30042,1,0.559711,0.67706,0.5,8.0,3.0,linear
17,126939,24242,1,0.597898,0.733534,0.5,8.0,3.0,linear
18,121105,18905,1,0.634094,0.779091,0.5,8.0,3.0,linear
19,115083,15079,1,0.667897,0.814439,0.5,8.0,3.0,linear
20,109249,11776,1,0.70279,0.844952,0.5,8.0,3.0,linear
21,103465,9241,1,0.737756,0.871726,0.5,8.0,3.0,linear
22,97900,7020,1,0.77192,0.896684,0.5,8.0,3.0,linear
23,93427,5344,1,0.806687,0.917957,0.5,8.0,3.0,linear
24,88780,3962,1,0.840384,0.93624,0.5,8.0,3.0,linear
25,84925,2825,1,0.872241,0.952253,0.5,8.0,3.0,linear
26,81457,1982,1,0.900348,0.965449,0.5,8.0,3.0,linear
27,78919,1318,1,0.925472,0.976502,0.5,8.0,3.0,linear
28,77390,896,1,0.945812,0.983861,0.5,8.0,3.0,linear
29,75507,569,1,0.961849,0.989665,0.5,8.0,3.0,linear
30,74474,347,1,0.975172,0.993536,0.5,8.0,3.0,linear
31,73934,209,1,0.984461,0.996174,0.5,8.0,3.0,linear
32,73040,110,1,0.990392,0.997888,0.5,8.0,3.0,linear
33,72566,69,1,0.994595,0.998804,0.5,8.0,3.0,linear
34,72535,34,1,0.997047,0.999449,0.5,8.0,3.0,linear
35,72082,16,1,0.998461,0.99975,0.5,8.0,3.0,linear
36,72233,10,1,0.999018,0.999862,0.5,8.0,3.0,linear
37,72495,6,1,0.999483,0.999917,0.5,8.0,3.0,linear
38,72468,4,1,0.999786,0.999945,0.5,8.0,3.0,linear
39,72347,0,1,0.999883,1.0,0.5,8.0,3.0,linear

