generation,size,female_size,fertile_female_size,rate_dr,rate_has_drive,drive_efficiency,drop_ratio,low_density_growth_rate,density_growth_curve
1,78498,49276,1,0.0,0.0,0.5,10.0,5.0,linear
2,78481,49381,1,0.0,0.0,0.5,10.0,5.0,linear
3,79335,49994,1,0.0,0.0,0.5,10.0,5.0,linear
4,79194,50122,1,0.0,0.0,0.5,10.0,5.0,linear
5,78677,50065,1,0.0,0.0,0.5,10.0,5.0,linear
6,78831,50244,1,0.0,0.0,0.5,10.0,5.0,linear
7,78230,49863,1,0.0,0.0,0.5,10.0,5.0,linear
8,79125,50338,1,0.0,0.0,0.5,10.0,5.0,linear
9,79054,50195,1,0.0,0.0,0.5,10.0,5.0,linear
10,77466,49497,1,0.0,0.0,0.5,10.0,5.0,linear
11,137798,49520,1,0.359712,0.359712,0.5,10.0,5.0,linear
12,168479,49604,1,0.472507,0.488933,0.5,10.0,5.0,linear
13,166014,46593,1,0.502313,0.541507,0.5,10.0,5.0,linear
14,160753,41273,1,0.53436,0.603065,0.5,10.0,5.0,linear
15,157272,36027,1,0.563442,0.663725,0.5,10.0,5.0,linear
16,155635,30647,1,0.591869,0.718862,0.5,10.0,5.0,linear
17,152960,25137,1,0.618947,0.768099,0.5,10.0,5.0,linear
18,149638,20486,1,0.643925,0.806748,0.5,10.0,5.0,linear
19,145131,16751,1,0.667082,0.835162,0.5,10.0,5.0,linear
20,140720,13859,1,0.690155,0.857091,0.5,10.0,5.0,linear
21,135557,11468,1,0.714804,0.875916,0.5,10.0,5.0,linear
22,129665,9378,1,0.737596,0.89202,0.5,10.0,5.0,linear
23,125004,7790,1,0.761239,0.906962,0.5,10.0,5.0,linear
24,120489,6248,1,0.786482,0.922322,0.5,10.0,5.0,linear
25,115965,5018,1,0.812204,0.935546,0.5,10.0,5.0,linear
26,112108,3908,1,0.83867,0.94851,0.5,10.0,5.0,linear
27,107425,2977,1,0.864807,0.95931,0.5,10.0,5.0,linear
28,103845,2179,1,0.888228,0.968777,0.5,10.0,5.0,linear
29,101261,1564,1,0.910209,0.976558,0.5,10.0,5.0,linear
30,98556,1121,1,0.929818,0.983041,0.5,10.0,5.0,linear
31,96624,791,1,0.945745,0.987733,0.5,10.0,5.0,linear
32,95079,560,1,0.960074,0.991631,0.5,10.0,5.0,linear
33,93554,379,1,0.971824,0.994391,0.5,10.0,5.0,linear
34,92190,233,1,0.980402,0.996591,0.5,10.0,5.0,linear
35,91706,145,1,0.986818,0.997846,0.5,10.0,5.0,linear
36,91079,83,1,0.991462,0.998797,0.5,10.0,5.0,linear
37,91031,46,1,0.994752,0.999365,0.5,10.0,5.0,linear
38,90750,21,1,0.996926,0.999736,0.5,10.0,5.0,linear
39,90330,7,1,0.998186,0.9999,0.5,10.0,5.0,linear
40,90457,3,1,0.999094,0.999945,0.5,10.0,5.0,linear
41,90000,2,1,0.999561,0.999967,0.5,10.0,5.0,linear
42,90257,0,1,0.999839,1.0,0.5,10.0,5.0,linear

