generation,size,female_size,fertile_female_size,rate_dr,rate_has_drive,drive_efficiency,drop_ratio,low_density_growth_rate,density_growth_curve
1,78270,49102,1,0.0,0.0,0.5,10.0,2.0,linear
2,78489,49358,1,0.0,0.0,0.5,10.0,2.0,linear
3,78352,49580,1,0.0,0.0,0.5,10.0,2.0,linear
4,78413,49724,1,0.0,0.0,0.5,10.0,2.0,linear
5,78316,49681,1,0.0,0.0,0.5,10.0,2.0,linear
6,78694,49911,1,0.0,0.0,0.5,10.0,2.0,linear
7,78508,49893,1,0.0,0.0,0.5,10.0,2.0,linear
8,77987,49620,1,0.0,0.0,0.5,10.0,2.0,linear
9,77900,49584,1,0.0,0.0,0.5,10.0,2.0,linear
10,78073,49656,1,0.0,0.0,0.5,10.0,2.0,linear
11,138988,50055,1,0.359809,0.359809,0.5,10.0,2.0,linear
12,169396,50317,1,0.471637,0.48736,0.5,10.0,2.0,linear
13,166223,47013,1,0.501493,0.539804,0.5,10.0,2.0,linear
14,160792,41813,1,0.53999,0.602337,0.5,10.0,2.0,linear
15,154007,35314,1,0.582474,0.667073,0.5,10.0,2.0,linear
16,146438,28605,1,0.62526,0.727478,0.5,10.0,2.0,linear
17,138451,21979,1,0.670226,0.783718,0.5,10.0,2.0,linear
18,131146,16239,1,0.715654,0.82965,0.5,10.0,2.0,linear
19,123769,11817,1,0.75947,0.86778,0.5,10.0,2.0,linear
20,116400,8504,1,0.801805,0.899298,0.5,10.0,2.0,linear
21,110445,5970,1,0.842387,0.92589,0.5,10.0,2.0,linear
22,105111,3986,1,0.87908,0.948152,0.5,10.0,2.0,linear
23,101181,2598,1,0.911498,0.965351,0.5,10.0,2.0,linear
24,97625,1708,1,0.936943,0.97674,0.5,10.0,2.0,linear
25,94986,1041,1,0.957138,0.985695,0.5,10.0,2.0,linear
26,93010,594,1,0.972711,0.991878,0.5,10.0,2.0,linear
27,92182,324,1,0.983181,0.995607,0.5,10.0,2.0,linear
28,91243,175,1,0.989857,0.99761,0.5,10.0,2.0,linear
29,91010,86,1,0.994512,0.998904,0.5,10.0,2.0,linear
30,90645,32,1,0.997118,0.999614,0.5,10.0,2.0,linear
31,90682,12,1,0.998644,0.999857,0.5,10.0,2.0,linear
32,90315,1,1,0.999496,0.999989,0.5,10.0,2.0,linear
33,90046,0,1,0.999772,1.0,0.5,10.0,2.0,linear

