generation,size,female_size,fertile_female_size,rate_dr,rate_has_drive,drive_efficiency,drop_ratio,low_density_growth_rate,density_growth_curve
1,78100,49241,1,0.0,0.0,0.5,17.0,3.0,linear
2,77996,49076,1,0.0,0.0,0.5,17.0,3.0,linear
3,78336,49399,1,0.0,0.0,0.5,17.0,3.0,linear
4,78549,49639,1,0.0,0.0,0.5,17.0,3.0,linear
5,78383,49544,1,0.0,0.0,0.5,17.0,3.0,linear
6,78404,49795,1,0.0,0.0,0.5,17.0,3.0,linear
7,78778,49953,1,0.0,0.0,0.5,17.0,3.0,linear
8,78527,50116,1,0.0,0.0,0.5,17.0,3.0,linear
9,78853,50187,1,0.0,0.0,0.5,17.0,3.0,linear
10,78815,50229,1,0.0,0.0,0.5,17.0,3.0,linear
11,181137,50254,1,0.487607,0.487607,0.5,17.0,3.0,linear
12,231948,50208,1,0.602357,0.616106,0.5,17.0,3.0,linear
13,228117,46306,1,0.63046,0.663294,0.5,17.0,3.0,linear
14,221781,40339,1,0.662016,0.71572,0.5,17.0,3.0,linear
15,216020,33708,1,0.695919,0.769913,0.5,17.0,3.0,linear
16,210365,26960,1,0.728182,0.818629,0.5,17.0,3.0,linear
17,204446,20312,1,0.762608,0.86352,0.5,17.0,3.0,linear
18,197054,14392,1,0.797489,0.89989,0.5,17.0,3.0,linear
19,189725,10016,1,0.830844,0.926758,0.5,17.0,3.0,linear
20,182108,7006,1,0.862468,0.945973,0.5,17.0,3.0,linear
21,175519,4749,1,0.892227,0.961512,0.5,17.0,3.0,linear
22,169786,3104,1,0.919667,0.97403,0.5,17.0,3.0,linear
23,165121,2035,1,0.941975,0.98268,0.5,17.0,3.0,linear
24,161542,1334,1,0.959794,0.988904,0.5,17.0,3.0,linear
25,158853,819,1,0.972903,0.993307,0.5,17.0,3.0,linear
26,156404,503,1,0.982796,0.996051,0.5,17.0,3.0,linear
27,155325,278,1,0.989494,0.997887,0.5,17.0,3.0,linear
28,154558,158,1,0.993645,0.998852,0.5,17.0,3.0,linear
29,153534,81,1,0.996453,0.999408,0.5,17.0,3.0,linear
30,153912,40,1,0.998033,0.999708,0.5,17.0,3.0,linear
31,153889,20,1,0.998941,0.999838,0.5,17.0,3.0,linear
32,153720,8,1,0.999467,0.999928,0.5,17.0,3.0,linear
33,153838,3,1,0.999688,0.999974,0.5,17.0,3.0,linear
34,153479,1,1,0.999873,0.999993,0.5,17.0,3.0,linear
35,153487,0,1,0.999967,1.0,0.5,17.0,3.0,linear

