generation,size,female_size,fertile_female_size,rate_dr,rate_has_drive,drive_efficiency,drop_ratio,low_density_growth_rate,density_growth_curve
1,77794,48960,1,0.0,0.0,0.5,8.0,4.0,linear
2,77657,48656,1,0.0,0.0,0.5,8.0,4.0,linear
3,79067,49615,1,0.0,0.0,0.5,8.0,4.0,linear
4,79515,50303,1,0.0,0.0,0.5,8.0,4.0,linear
5,79448,50361,1,0.0,0.0,0.5,8.0,4.0,linear
6,79171,50430,1,0.0,0.0,0.5,8.0,4.0,linear
7,78314,50057,1,0.0,0.0,0.5,8.0,4.0,linear
8,77901,49691,1,0.0,0.0,0.5,8.0,4.0,linear
9,78335,49982,1,0.0,0.0,0.5,8.0,4.0,linear
10,78161,49927,1,0.0,0.0,0.5,8.0,4.0,linear
11,126942,50056,1,0.310587,0.310587,0.5,8.0,4.0,linear
12,150807,50204,1,0.418799,0.434974,0.5,8.0,4.0,linear
13,148132,47239,1,0.448588,0.487842,0.5,8.0,4.0,linear
14,143341,42268,1,0.481291,0.54793,0.5,8.0,4.0,linear
15,138912,36931,1,0.514272,0.61112,0.5,8.0,4.0,linear
16,135435,31415,1,0.547134,0.671013,0.5,8.0,4.0,linear
17,132057,25891,1,0.57856,0.723825,0.5,8.0,4.0,linear
18,127628,20984,1,0.607892,0.76747,0.5,8.0,4.0,linear
19,123184,17315,1,0.6362,0.801411,0.5,8.0,4.0,linear
20,118201,14219,1,0.664244,0.829318,0.5,8.0,4.0,linear
21,112180,11393,1,0.691299,0.85222,0.5,8.0,4.0,linear
22,107059,9335,1,0.718997,0.872899,0.5,8.0,4.0,linear
23,102217,7465,1,0.746098,0.891406,0.5,8.0,4.0,linear
24,98102,6003,1,0.775869,0.908511,0.5,8.0,4.0,linear
25,93240,4750,1,0.804171,0.925568,0.5,8.0,4.0,linear
26,89263,3642,1,0.832862,0.938939,0.5,8.0,4.0,linear
27,86302,2777,1,0.859627,0.951983,0.5,8.0,4.0,linear
28,83057,2116,1,0.885529,0.963273,0.5,8.0,4.0,linear
29,80670,1507,1,0.908149,0.972999,0.5,8.0,4.0,linear
30,79032,1068,1,0.929951,0.98102,0.5,8.0,4.0,linear
31,77362,731,1,0.94798,0.986918,0.5,8.0,4.0,linear
32,75840,461,1,0.962093,0.991207,0.5,8.0,4.0,linear
33,74761,317,1,0.973556,0.994011,0.5,8.0,4.0,linear
34,73902,207,1,0.981381,0.996025,0.5,8.0,4.0,linear
35,73266,138,1,0.987446,0.99741,0.5,8.0,4.0,linear
36,73073,87,1,0.991527,0.998488,0.5,8.0,4.0,linear
37,72869,48,1,0.994743,0.99922,0.5,8.0,4.0,linear
38,72647,23,1,0.996976,0.999684,0.5,8.0,4.0,linear
39,72548,12,1,0.998519,0.999835,0.5,8.0,4.0,linear
40,72354,4,1,0.99915,0.999945,0.5,8.0,4.0,linear
41,72221,1,1,0.999661,0.999986,0.5,8.0,4.0,linear
42,72304,0,1,0.999841,1.0,0.5,8.0,4.0,linear

