generation,size,female_size,fertile_female_size,rate_dr,rate_has_drive,drive_efficiency,drop_ratio,low_density_growth_rate,density_growth_curve
1,78537,49260,1,0.0,0.0,0.5,13.0,7.0,linear
2,78022,49151,1,0.0,0.0,0.5,13.0,7.0,linear
3,81026,50818,1,0.0,0.0,0.5,13.0,7.0,linear
4,80155,50678,1,0.0,0.0,0.5,13.0,7.0,linear
5,78817,50364,1,0.0,0.0,0.5,13.0,7.0,linear
6,76803,49511,1,0.0,0.0,0.5,13.0,7.0,linear
7,77880,49902,1,0.0,0.0,0.5,13.0,7.0,linear
8,78352,49933,1,0.0,0.0,0.5,13.0,7.0,linear
9,78866,49891,1,0.0,0.0,0.5,13.0,7.0,linear
10,78096,49840,1,0.0,0.0,0.5,13.0,7.0,linear
11,157778,50594,1,0.420539,0.420539,0.5,13.0,7.0,linear
12,196566,50370,1,0.53734,0.552268,0.5,13.0,7.0,linear
13,192379,46553,1,0.566751,0.602923,0.5,13.0,7.0,linear
14,186564,40747,1,0.593165,0.658612,0.5,13.0,7.0,linear
15,184938,35512,1,0.614179,0.713167,0.5,13.0,7.0,linear
16,185188,30501,1,0.634156,0.762882,0.5,13.0,7.0,linear
17,185740,25133,1,0.656519,0.808512,0.5,13.0,7.0,linear
18,183624,20433,1,0.674946,0.842435,0.5,13.0,7.0,linear
19,181230,16949,1,0.692547,0.865636,0.5,13.0,7.0,linear
20,177135,14193,1,0.710573,0.883001,0.5,13.0,7.0,linear
21,172084,11848,1,0.728339,0.897541,0.5,13.0,7.0,linear
22,166621,9851,1,0.746663,0.909186,0.5,13.0,7.0,linear
23,161381,8478,1,0.766826,0.920002,0.5,13.0,7.0,linear
24,156131,6994,1,0.785587,0.931088,0.5,13.0,7.0,linear
25,152196,5824,1,0.806487,0.940637,0.5,13.0,7.0,linear
26,147166,4751,1,0.825411,0.949232,0.5,13.0,7.0,linear
27,143259,3850,1,0.845434,0.957281,0.5,13.0,7.0,linear
28,139365,3094,1,0.867347,0.965475,0.5,13.0,7.0,linear
29,135310,2404,1,0.885156,0.972009,0.5,13.0,7.0,linear
30,132244,1952,1,0.903868,0.977544,0.5,13.0,7.0,linear
31,129300,1488,1,0.921174,0.982978,0.5,13.0,7.0,linear
32,127021,1079,1,0.936568,0.987893,0.5,13.0,7.0,linear
33,124665,723,1,0.951191,0.991765,0.5,13.0,7.0,linear
34,122581,484,1,0.963118,0.994613,0.5,13.0,7.0,linear
35,121449,307,1,0.973134,0.996583,0.5,13.0,7.0,linear
36,120010,174,1,0.981642,0.99793,0.5,13.0,7.0,linear
37,118844,97,1,0.988574,0.998828,0.5,13.0,7.0,linear
38,118321,52,1,0.99341,0.999402,0.5,13.0,7.0,linear
39,117567,29,1,0.996209,0.999677,0.5,13.0,7.0,linear
40,117266,15,1,0.997747,0.99983,0.5,13.0,7.0,linear
41,117264,9,1,0.998803,0.999906,0.5,13.0,7.0,linear
42,117419,8,1,0.999327,0.999923,0.5,13.0,7.0,linear
43,117213,4,1,0.99962,0.999966,0.5,13.0,7.0,linear
44,117505,1,1,0.999787,0.999991,0.5,13.0,7.0,linear
45,117446,0,1,0.999945,1.0,0.5,13.0,7.0,linear

