generation,size,female_size,fertile_female_size,rate_dr,rate_has_drive,drive_efficiency,drop_ratio,low_density_growth_rate,density_growth_curve
1,78409,49280,1,0.0,0.0,0.5,6.0,2.0,linear
2,78207,49270,1,0.0,0.0,0.5,6.0,2.0,linear
3,78204,49544,1,0.0,0.0,0.5,6.0,2.0,linear
4,78360,49807,1,0.0,0.0,0.5,6.0,2.0,linear
5,78456,50072,1,0.0,0.0,0.5,6.0,2.0,linear
6,78731,50039,1,0.0,0.0,0.5,6.0,2.0,linear
7,78631,49890,1,0.0,0.0,0.5,6.0,2.0,linear
8,78483,49829,1,0.0,0.0,0.5,6.0,2.0,linear
9,78876,50157,1,0.0,0.0,0.5,6.0,2.0,linear
10,78881,50154,1,0.0,0.0,0.5,6.0,2.0,linear
11,115113,50455,1,0.251623,0.251623,0.5,6.0,2.0,linear
12,132710,50253,1,0.350236,0.366185,0.5,6.0,2.0,linear
13,130436,47587,1,0.379321,0.418441,0.5,6.0,2.0,linear
14,125676,43222,1,0.414873,0.479027,0.5,6.0,2.0,linear
15,120043,37761,1,0.456112,0.545733,0.5,6.0,2.0,linear
16,113752,31616,1,0.497792,0.608611,0.5,6.0,2.0,linear
17,106706,25759,1,0.539336,0.666623,0.5,6.0,2.0,linear
18,99969,20255,1,0.583269,0.719531,0.5,6.0,2.0,linear
19,93155,15807,1,0.626419,0.763995,0.5,6.0,2.0,linear
20,86407,12063,1,0.670598,0.804572,0.5,6.0,2.0,linear
21,80209,9179,1,0.71457,0.840801,0.5,6.0,2.0,linear
22,74679,6741,1,0.757781,0.873238,0.5,6.0,2.0,linear
23,70146,4868,1,0.801631,0.902777,0.5,6.0,2.0,linear
24,66385,3469,1,0.84173,0.927065,0.5,6.0,2.0,linear
25,63066,2375,1,0.878938,0.948715,0.5,6.0,2.0,linear
26,60488,1544,1,0.911076,0.965267,0.5,6.0,2.0,linear
27,58339,992,1,0.93725,0.976939,0.5,6.0,2.0,linear
28,57165,599,1,0.958359,0.985997,0.5,6.0,2.0,linear
29,56039,372,1,0.973167,0.991273,0.5,6.0,2.0,linear
30,55440,216,1,0.983056,0.994773,0.5,6.0,2.0,linear
31,54881,137,1,0.989161,0.996771,0.5,6.0,2.0,linear
32,54547,76,1,0.993417,0.998263,0.5,6.0,2.0,linear
33,54593,36,1,0.996351,0.999195,0.5,6.0,2.0,linear
34,54070,13,1,0.998189,0.999704,0.5,6.0,2.0,linear
35,54150,8,1,0.999095,0.999852,0.5,6.0,2.0,linear
36,53984,2,1,0.9995,0.999963,0.5,6.0,2.0,linear
37,53993,2,1,0.999768,0.999963,0.5,6.0,2.0,linear
38,53999,1,1,0.999889,0.999981,0.5,6.0,2.0,linear
39,53987,0,1,0.999972,1.0,0.5,6.0,2.0,linear

