generation,size,female_size,fertile_female_size,rate_dr,rate_has_drive,drive_efficiency,drop_ratio,low_density_growth_rate,density_growth_curve
1,77937,48732,1,0.0,0.0,0.5,12.0,5.0,linear
2,77960,49041,1,0.0,0.0,0.5,12.0,5.0,linear
3,79907,50190,1,0.0,0.0,0.5,12.0,5.0,linear
4,80318,50758,1,0.0,0.0,0.5,12.0,5.0,linear
5,79126,50240,1,0.0,0.0,0.5,12.0,5.0,linear
6,78119,49779,1,0.0,0.0,0.5,12.0,5.0,linear
7,77308,49245,1,0.0,0.0,0.5,12.0,5.0,linear
8,78845,49923,1,0.0,0.0,0.5,12.0,5.0,linear
9,78914,49977,1,0.0,0.0,0.5,12.0,5.0,linear
10,78871,50104,1,0.0,0.0,0.5,12.0,5.0,linear
11,151627,50468,1,0.401393,0.401393,0.5,12.0,5.0,linear
12,186949,50225,1,0.517401,0.532222,0.5,12.0,5.0,linear
13,183273,46573,1,0.547012,0.583271,0.5,12.0,5.0,linear
14,178061,41158,1,0.577125,0.641441,0.5,12.0,5.0,linear
15,174640,35585,1,0.605825,0.699334,0.5,12.0,5.0,linear
16,172045,29669,1,0.633953,0.754367,0.5,12.0,5.0,linear
17,169589,24011,1,0.661273,0.802834,0.5,12.0,5.0,linear
18,165960,18880,1,0.686563,0.840471,0.5,12.0,5.0,linear
19,161422,15135,1,0.711024,0.867847,0.5,12.0,5.0,linear
20,156579,12108,1,0.736648,0.88932,0.5,12.0,5.0,linear
21,149831,9430,1,0.762685,0.907526,0.5,12.0,5.0,linear
22,144097,7510,1,0.788264,0.921795,0.5,12.0,5.0,linear
23,138406,6016,1,0.814796,0.935393,0.5,12.0,5.0,linear
24,133466,4759,1,0.838251,0.947516,0.5,12.0,5.0,linear
25,128919,3584,1,0.863186,0.958528,0.5,12.0,5.0,linear
26,125005,2717,1,0.886559,0.967495,0.5,12.0,5.0,linear
27,121525,2026,1,0.908604,0.97562,0.5,12.0,5.0,linear
28,118211,1423,1,0.928766,0.982565,0.5,12.0,5.0,linear
29,116066,957,1,0.945982,0.98822,0.5,12.0,5.0,linear
30,113958,637,1,0.961319,0.992315,0.5,12.0,5.0,linear
31,112219,408,1,0.972942,0.995227,0.5,12.0,5.0,linear
32,110790,258,1,0.981825,0.997115,0.5,12.0,5.0,linear
33,109857,136,1,0.988292,0.998426,0.5,12.0,5.0,linear
34,109039,77,1,0.992913,0.99914,0.5,12.0,5.0,linear
35,108974,39,1,0.996015,0.999588,0.5,12.0,5.0,linear
36,108756,19,1,0.997942,0.999798,0.5,12.0,5.0,linear
37,108858,8,1,0.999036,0.999927,0.5,12.0,5.0,linear
38,108239,3,1,0.999464,0.999972,0.5,12.0,5.0,linear
39,108665,1,1,0.999719,0.999991,0.5,12.0,5.0,linear
40,108328,0,1,0.999889,1.0,0.5,12.0,5.0,linear

