generation,size,female_size,fertile_female_size,rate_dr,rate_has_drive,drive_efficiency,drop_ratio,low_density_growth_rate,density_growth_curve
1,77715,48778,1,0.0,0.0,0.5,6.0,3.0,linear
2,77520,48601,1,0.0,0.0,0.5,6.0,3.0,linear
3,77959,49057,1,0.0,0.0,0.5,6.0,3.0,linear
4,79150,49954,1,0.0,0.0,0.5,6.0,3.0,linear
5,79206,50215,1,0.0,0.0,0.5,6.0,3.0,linear
6,78915,50277,1,0.0,0.0,0.5,6.0,3.0,linear
7,78426,50188,1,0.0,0.0,0.5,6.0,3.0,linear
8,78361,50232,1,0.0,0.0,0.5,6.0,3.0,linear
9,78732,50223,1,0.0,0.0,0.5,6.0,3.0,linear
10,78338,49811,1,0.0,0.0,0.5,6.0,3.0,linear
11,114093,49733,1,0.252617,0.252617,0.5,6.0,3.0,linear
12,132348,49892,1,0.351926,0.368245,0.5,6.0,3.0,linear
13,129977,47518,1,0.380719,0.42082,0.5,6.0,3.0,linear
14,125788,43059,1,0.414209,0.480986,0.5,6.0,3.0,linear
15,121100,37892,1,0.451794,0.547176,0.5,6.0,3.0,linear
16,116419,32432,1,0.488955,0.610219,0.5,6.0,3.0,linear
17,111755,26850,1,0.524066,0.665,0.5,6.0,3.0,linear
18,106544,22052,1,0.556159,0.709197,0.5,6.0,3.0,linear
19,101529,18160,1,0.586349,0.745991,0.5,6.0,3.0,linear
20,96744,15069,1,0.618496,0.780199,0.5,6.0,3.0,linear
21,90630,11986,1,0.65005,0.810483,0.5,6.0,3.0,linear
22,85658,9655,1,0.683883,0.836554,0.5,6.0,3.0,linear
23,80471,7718,1,0.717692,0.862696,0.5,6.0,3.0,linear
24,76210,6018,1,0.752833,0.887295,0.5,6.0,3.0,linear
25,71970,4515,1,0.786641,0.907776,0.5,6.0,3.0,linear
26,68432,3421,1,0.820574,0.925798,0.5,6.0,3.0,linear
27,65131,2562,1,0.85244,0.942999,0.5,6.0,3.0,linear
28,62774,1823,1,0.883596,0.957559,0.5,6.0,3.0,linear
29,60689,1309,1,0.909186,0.968444,0.5,6.0,3.0,linear
30,59124,892,1,0.932666,0.978202,0.5,6.0,3.0,linear
31,57669,592,1,0.951968,0.985326,0.5,6.0,3.0,linear
32,56354,391,1,0.966063,0.99063,0.5,6.0,3.0,linear
33,55900,240,1,0.976937,0.994433,0.5,6.0,3.0,linear
34,55290,128,1,0.985339,0.997037,0.5,6.0,3.0,linear
35,54820,67,1,0.991014,0.998492,0.5,6.0,3.0,linear
36,54517,34,1,0.994812,0.999268,0.5,6.0,3.0,linear
37,54271,19,1,0.997313,0.999632,0.5,6.0,3.0,linear
38,54120,8,1,0.998661,0.999852,0.5,6.0,3.0,linear
39,54253,5,1,0.999281,0.999908,0.5,6.0,3.0,linear
40,54169,4,1,0.999622,0.999926,0.5,6.0,3.0,linear
41,54052,1,1,0.999806,0.999982,0.5,6.0,3.0,linear
42,54028,0,1,0.999954,1.0,0.5,6.0,3.0,linear

