generation,size,female_size,fertile_female_size,rate_dr,rate_has_drive,drive_efficiency,drop_ratio,low_density_growth_rate,density_growth_curve
1,78448,49396,1,0.0,0.0,0.5,11.0,2.0,linear
2,78542,49606,1,0.0,0.0,0.5,11.0,2.0,linear
3,78695,49759,1,0.0,0.0,0.5,11.0,2.0,linear
4,78659,49865,1,0.0,0.0,0.5,11.0,2.0,linear
5,78628,50025,1,0.0,0.0,0.5,11.0,2.0,linear
6,78493,50133,1,0.0,0.0,0.5,11.0,2.0,linear
7,78964,50371,1,0.0,0.0,0.5,11.0,2.0,linear
8,78804,50279,1,0.0,0.0,0.5,11.0,2.0,linear
9,78706,50106,1,0.0,0.0,0.5,11.0,2.0,linear
10,78887,50238,1,0.0,0.0,0.5,11.0,2.0,linear
11,144548,50054,1,0.38144,0.38144,0.5,11.0,2.0,linear
12,177665,50097,1,0.495959,0.511107,0.5,11.0,2.0,linear
13,174341,46752,1,0.525363,0.562627,0.5,11.0,2.0,linear
14,169050,41396,1,0.563188,0.623795,0.5,11.0,2.0,linear
15,162576,34869,1,0.605239,0.687278,0.5,11.0,2.0,linear
16,155008,28050,1,0.649086,0.747926,0.5,11.0,2.0,linear
17,146912,21305,1,0.69392,0.803225,0.5,11.0,2.0,linear
18,139312,15439,1,0.739809,0.848927,0.5,11.0,2.0,linear
19,131505,10874,1,0.783799,0.886059,0.5,11.0,2.0,linear
20,124262,7642,1,0.824879,0.915548,0.5,11.0,2.0,linear
21,117728,5141,1,0.863629,0.93856,0.5,11.0,2.0,linear
22,112330,3449,1,0.898891,0.957542,0.5,11.0,2.0,linear
23,108836,2290,1,0.927077,0.971183,0.5,11.0,2.0,linear
24,106031,1509,1,0.948834,0.981397,0.5,11.0,2.0,linear
25,103723,889,1,0.965628,0.988938,0.5,11.0,2.0,linear
26,102301,506,1,0.97772,0.993672,0.5,11.0,2.0,linear
27,101028,282,1,0.986887,0.996573,0.5,11.0,2.0,linear
28,100091,135,1,0.992634,0.998376,0.5,11.0,2.0,linear
29,100123,67,1,0.996165,0.999242,0.5,11.0,2.0,linear
30,99345,35,1,0.998049,0.999628,0.5,11.0,2.0,linear
31,98991,18,1,0.999035,0.999818,0.5,11.0,2.0,linear
32,98851,4,1,0.999671,0.99996,0.5,11.0,2.0,linear
33,99069,1,1,0.999874,0.99999,0.5,11.0,2.0,linear
34,99285,1,1,0.99995,0.99999,0.5,11.0,2.0,linear
35,99102,0,1,0.99999,1.0,0.5,11.0,2.0,linear

