generation,size,female_size,fertile_female_size,rate_dr,rate_has_drive,drive_efficiency,drop_ratio,low_density_growth_rate,density_growth_curve
1,78366,49236,1,0.0,0.0,0.5,19.0,2.0,linear
2,78100,49150,1,0.0,0.0,0.5,19.0,2.0,linear
3,78466,49506,1,0.0,0.0,0.5,19.0,2.0,linear
4,78325,49593,1,0.0,0.0,0.5,19.0,2.0,linear
5,77999,49795,1,0.0,0.0,0.5,19.0,2.0,linear
6,77692,49718,1,0.0,0.0,0.5,19.0,2.0,linear
7,78487,50278,1,0.0,0.0,0.5,19.0,2.0,linear
8,78959,50565,1,0.0,0.0,0.5,19.0,2.0,linear
9,79178,50550,1,0.0,0.0,0.5,19.0,2.0,linear
10,79168,50572,1,0.0,0.0,0.5,19.0,2.0,linear
11,193650,50782,1,0.514139,0.514139,0.5,19.0,2.0,linear
12,250068,50450,1,0.62645,0.639568,0.5,19.0,2.0,linear
13,246368,46638,1,0.653516,0.684739,0.5,19.0,2.0,linear
14,239747,40419,1,0.686979,0.736887,0.5,19.0,2.0,linear
15,232978,33099,1,0.72487,0.790892,0.5,19.0,2.0,linear
16,224453,25645,1,0.763595,0.840519,0.5,19.0,2.0,linear
17,216813,18539,1,0.80402,0.885114,0.5,19.0,2.0,linear
18,207109,12577,1,0.841436,0.919135,0.5,19.0,2.0,linear
19,199185,8230,1,0.878367,0.945828,0.5,19.0,2.0,linear
20,191655,5192,1,0.910139,0.964092,0.5,19.0,2.0,linear
21,185905,3164,1,0.937064,0.977356,0.5,19.0,2.0,linear
22,180354,1863,1,0.957489,0.986179,0.5,19.0,2.0,linear
23,177485,1108,1,0.972898,0.991917,0.5,19.0,2.0,linear
24,175177,647,1,0.983151,0.995295,0.5,19.0,2.0,linear
25,173806,356,1,0.989915,0.99748,0.5,19.0,2.0,linear
26,173076,217,1,0.994081,0.99853,0.5,19.0,2.0,linear
27,172444,107,1,0.99684,0.999253,0.5,19.0,2.0,linear
28,171735,48,1,0.998272,0.999633,0.5,19.0,2.0,linear
29,171870,28,1,0.999032,0.999773,0.5,19.0,2.0,linear
30,171298,14,1,0.999548,0.999895,0.5,19.0,2.0,linear
31,171665,2,1,0.999718,0.999971,0.5,19.0,2.0,linear
32,171431,2,1,0.999875,0.999983,0.5,19.0,2.0,linear
33,171305,1,1,0.999942,0.999994,0.5,19.0,2.0,linear
34,171336,0,1,0.999977,1.0,0.5,19.0,2.0,linear

