generation,size,female_size,fertile_female_size,rate_dr,rate_has_drive,drive_efficiency,drop_ratio,low_density_growth_rate,density_growth_curve
1,78388,49386,1,0.0,0.0,0.5,17.0,4.0,linear
2,78421,49293,1,0.0,0.0,0.5,17.0,4.0,linear
3,79195,49830,1,0.0,0.0,0.5,17.0,4.0,linear
4,79307,50059,1,0.0,0.0,0.5,17.0,4.0,linear
5,79611,50408,1,0.0,0.0,0.5,17.0,4.0,linear
6,79249,50294,1,0.0,0.0,0.5,17.0,4.0,linear
7,78596,49938,1,0.0,0.0,0.5,17.0,4.0,linear
8,78342,49842,1,0.0,0.0,0.5,17.0,4.0,linear
9,78241,49880,1,0.0,0.0,0.5,17.0,4.0,linear
10,78277,49992,1,0.0,0.0,0.5,17.0,4.0,linear
11,181081,50092,1,0.488235,0.488235,0.5,17.0,4.0,linear
12,231949,50129,1,0.6027,0.616719,0.5,17.0,4.0,linear
13,228264,46469,1,0.630223,0.663614,0.5,17.0,4.0,linear
14,222361,40325,1,0.661492,0.717679,0.5,17.0,4.0,linear
15,217341,33787,1,0.690742,0.770022,0.5,17.0,4.0,linear
16,213144,27320,1,0.718713,0.818763,0.5,17.0,4.0,linear
17,208433,21110,1,0.746507,0.860937,0.5,17.0,4.0,linear
18,202602,15365,1,0.776507,0.895828,0.5,17.0,4.0,linear
19,196717,11248,1,0.805977,0.920276,0.5,17.0,4.0,linear
20,189256,8224,1,0.834997,0.938238,0.5,17.0,4.0,linear
21,182634,5900,1,0.86316,0.953475,0.5,17.0,4.0,linear
22,176370,4105,1,0.890772,0.965851,0.5,17.0,4.0,linear
23,170628,2872,1,0.914244,0.975481,0.5,17.0,4.0,linear
24,166509,2030,1,0.935086,0.982759,0.5,17.0,4.0,linear
25,162749,1352,1,0.952813,0.988549,0.5,17.0,4.0,linear
26,160087,851,1,0.966376,0.992465,0.5,17.0,4.0,linear
27,157697,552,1,0.977226,0.995289,0.5,17.0,4.0,linear
28,156832,334,1,0.985105,0.997095,0.5,17.0,4.0,linear
29,155324,194,1,0.990796,0.99841,0.5,17.0,4.0,linear
30,154429,104,1,0.994412,0.999109,0.5,17.0,4.0,linear
31,154579,68,1,0.996757,0.999477,0.5,17.0,4.0,linear
32,153695,33,1,0.998105,0.999773,0.5,17.0,4.0,linear
33,153505,14,1,0.998991,0.999909,0.5,17.0,4.0,linear
34,153580,7,1,0.999502,0.999954,0.5,17.0,4.0,linear
35,153675,6,1,0.999733,0.999961,0.5,17.0,4.0,linear
36,153406,4,1,0.999899,0.999974,0.5,17.0,4.0,linear
37,152776,1,1,0.999905,0.999993,0.5,17.0,4.0,linear
38,153255,0,1,0.999961,1.0,0.5,17.0,4.0,linear

