generation,size,female_size,fertile_female_size,rate_dr,rate_has_drive,drive_efficiency,drop_ratio,low_density_growth_rate,density_growth_curve
1,77925,48884,1,0.0,0.0,0.5,17.0,2.0,linear
2,78200,48877,1,0.0,0.0,0.5,17.0,2.0,linear
3,78262,49341,1,0.0,0.0,0.5,17.0,2.0,linear
4,78504,49721,1,0.0,0.0,0.5,17.0,2.0,linear
5,78223,49825,1,0.0,0.0,0.5,17.0,2.0,linear
6,78110,49824,1,0.0,0.0,0.5,17.0,2.0,linear
7,78147,49688,1,0.0,0.0,0.5,17.0,2.0,linear
8,78459,49877,1,0.0,0.0,0.5,17.0,2.0,linear
9,78362,49838,1,0.0,0.0,0.5,17.0,2.0,linear
10,77903,49825,1,0.0,0.0,0.5,17.0,2.0,linear
11,180653,49906,1,0.488512,0.488512,0.5,17.0,2.0,linear
12,231743,50045,1,0.603426,0.617364,0.5,17.0,2.0,linear
13,227752,46257,1,0.631344,0.66432,0.5,17.0,2.0,linear
14,222113,40092,1,0.666324,0.718845,0.5,17.0,2.0,linear
15,214321,33022,1,0.703749,0.773633,0.5,17.0,2.0,linear
16,206550,25879,1,0.743794,0.824425,0.5,17.0,2.0,linear
17,197700,18809,1,0.785408,0.871545,0.5,17.0,2.0,linear
18,189248,12771,1,0.825892,0.909738,0.5,17.0,2.0,linear
19,181391,8570,1,0.862828,0.93728,0.5,17.0,2.0,linear
20,175011,5465,1,0.897452,0.958234,0.5,17.0,2.0,linear
21,168479,3451,1,0.926445,0.9731,0.5,17.0,2.0,linear
22,163323,2094,1,0.949465,0.982854,0.5,17.0,2.0,linear
23,160112,1278,1,0.96739,0.989685,0.5,17.0,2.0,linear
24,157618,768,1,0.979379,0.993794,0.5,17.0,2.0,linear
25,155909,464,1,0.987672,0.996395,0.5,17.0,2.0,linear
26,154766,242,1,0.992611,0.998165,0.5,17.0,2.0,linear
27,154169,122,1,0.995939,0.999048,0.5,17.0,2.0,linear
28,153791,53,1,0.997752,0.999591,0.5,17.0,2.0,linear
29,153831,17,1,0.998912,0.999864,0.5,17.0,2.0,linear
30,153579,7,1,0.999486,0.999954,0.5,17.0,2.0,linear
31,153087,4,1,0.999781,0.999974,0.5,17.0,2.0,linear
32,153241,1,1,0.999931,0.999993,0.5,17.0,2.0,linear
33,153590,0,1,0.99998,1.0,0.5,17.0,2.0,linear

