generation,size,female_size,fertile_female_size,rate_dr,rate_has_drive,drive_efficiency,drop_ratio,low_density_growth_rate,density_growth_curve
1,78205,49468,1,0.0,0.0,0.5,12.0,4.0,linear
2,77964,49277,1,0.0,0.0,0.5,12.0,4.0,linear
3,78759,49835,1,0.0,0.0,0.5,12.0,4.0,linear
4,78854,50099,1,0.0,0.0,0.5,12.0,4.0,linear
5,78268,49924,1,0.0,0.0,0.5,12.0,4.0,linear
6,78291,49807,1,0.0,0.0,0.5,12.0,4.0,linear
7,78186,49843,1,0.0,0.0,0.5,12.0,4.0,linear
8,78134,49757,1,0.0,0.0,0.5,12.0,4.0,linear
9,78243,49890,1,0.0,0.0,0.5,12.0,4.0,linear
10,78506,49879,1,0.0,0.0,0.5,12.0,4.0,linear
11,150096,49690,1,0.401704,0.401704,0.5,12.0,4.0,linear
12,187183,50070,1,0.516807,0.532059,0.5,12.0,4.0,linear
13,184235,46853,1,0.548012,0.584493,0.5,12.0,4.0,linear
14,178138,41122,1,0.580228,0.643746,0.5,12.0,4.0,linear
15,173342,35021,1,0.613323,0.70293,0.5,12.0,4.0,linear
16,169192,28912,1,0.644368,0.758171,0.5,12.0,4.0,linear
17,165598,22873,1,0.675637,0.806799,0.5,12.0,4.0,linear
18,160290,17534,1,0.705107,0.845513,0.5,12.0,4.0,linear
19,154351,13599,1,0.734406,0.874422,0.5,12.0,4.0,linear
20,148349,10565,1,0.764117,0.897459,0.5,12.0,4.0,linear
21,141638,8037,1,0.794029,0.91748,0.5,12.0,4.0,linear
22,136010,5994,1,0.824259,0.934985,0.5,12.0,4.0,linear
23,131093,4446,1,0.854084,0.949465,0.5,12.0,4.0,linear
24,125915,3362,1,0.881627,0.961354,0.5,12.0,4.0,linear
25,121412,2387,1,0.906019,0.971907,0.5,12.0,4.0,linear
26,118516,1668,1,0.928079,0.979782,0.5,12.0,4.0,linear
27,116064,1168,1,0.945219,0.985753,0.5,12.0,4.0,linear
28,114087,804,1,0.960136,0.990249,0.5,12.0,4.0,linear
29,111891,528,1,0.97142,0.993539,0.5,12.0,4.0,linear
30,111235,318,1,0.981246,0.996242,0.5,12.0,4.0,linear
31,110087,192,1,0.987779,0.997906,0.5,12.0,4.0,linear
32,109406,83,1,0.992687,0.999053,0.5,12.0,4.0,linear
33,108889,38,1,0.995998,0.999615,0.5,12.0,4.0,linear
34,108371,13,1,0.997916,0.999871,0.5,12.0,4.0,linear
35,108423,4,1,0.999092,0.999963,0.5,12.0,4.0,linear
36,108749,2,1,0.999595,0.999982,0.5,12.0,4.0,linear
37,108730,1,1,0.999821,0.999991,0.5,12.0,4.0,linear
38,108362,0,1,0.99994,1.0,0.5,12.0,4.0,linear

