generation,size,female_size,fertile_female_size,rate_dr,rate_has_drive,drive_efficiency,drop_ratio,low_density_growth_rate,density_growth_curve
1,78660,49821,1,0.0,0.0,0.5,14.0,3.0,linear
2,78510,49548,1,0.0,0.0,0.5,14.0,3.0,linear
3,78957,49972,1,0.0,0.0,0.5,14.0,3.0,linear
4,79147,50404,1,0.0,0.0,0.5,14.0,3.0,linear
5,78531,50076,1,0.0,0.0,0.5,14.0,3.0,linear
6,78306,49904,1,0.0,0.0,0.5,14.0,3.0,linear
7,78367,49913,1,0.0,0.0,0.5,14.0,3.0,linear
8,79247,50158,1,0.0,0.0,0.5,14.0,3.0,linear
9,78482,49723,1,0.0,0.0,0.5,14.0,3.0,linear
10,78463,49705,1,0.0,0.0,0.5,14.0,3.0,linear
11,162599,49996,1,0.438414,0.438414,0.5,14.0,3.0,linear
12,204985,50253,1,0.554742,0.569763,0.5,14.0,3.0,linear
13,201467,46536,1,0.585212,0.621142,0.5,14.0,3.0,linear
14,195351,40613,1,0.619611,0.678468,0.5,14.0,3.0,linear
15,188876,33880,1,0.654724,0.737394,0.5,14.0,3.0,linear
16,184093,27386,1,0.690363,0.790309,0.5,14.0,3.0,linear
17,177464,20899,1,0.726209,0.838477,0.5,14.0,3.0,linear
18,171080,15154,1,0.762104,0.87704,0.5,14.0,3.0,linear
19,163946,11123,1,0.795301,0.90508,0.5,14.0,3.0,linear
20,156513,7897,1,0.829421,0.928429,0.5,14.0,3.0,linear
21,150509,5592,1,0.862371,0.947018,0.5,14.0,3.0,linear
22,145298,3834,1,0.893491,0.962478,0.5,14.0,3.0,linear
23,139546,2577,1,0.919526,0.973732,0.5,14.0,3.0,linear
24,135713,1697,1,0.942197,0.98281,0.5,14.0,3.0,linear
25,132768,1058,1,0.959893,0.989194,0.5,14.0,3.0,linear
26,130639,663,1,0.972959,0.993229,0.5,14.0,3.0,linear
27,129096,385,1,0.982943,0.996182,0.5,14.0,3.0,linear
28,128237,224,1,0.989402,0.997859,0.5,14.0,3.0,linear
29,127311,116,1,0.993655,0.998904,0.5,14.0,3.0,linear
30,126653,49,1,0.996547,0.999535,0.5,14.0,3.0,linear
31,126473,27,1,0.998226,0.999755,0.5,14.0,3.0,linear
32,126013,16,1,0.999028,0.999857,0.5,14.0,3.0,linear
33,126207,8,1,0.999505,0.999937,0.5,14.0,3.0,linear
34,126521,1,1,0.999787,0.999992,0.5,14.0,3.0,linear
35,126437,0,1,0.999905,1.0,0.5,14.0,3.0,linear

