generation,size,female_size,fertile_female_size,rate_dr,rate_has_drive,drive_efficiency,drop_ratio,low_density_growth_rate,density_growth_curve
1,77766,49137,1,0.0,0.0,0.5,17.0,3.0,linear
2,78084,49035,1,0.0,0.0,0.5,17.0,3.0,linear
3,78098,49114,1,0.0,0.0,0.5,17.0,3.0,linear
4,78849,49802,1,0.0,0.0,0.5,17.0,3.0,linear
5,79186,50193,1,0.0,0.0,0.5,17.0,3.0,linear
6,79133,50326,1,0.0,0.0,0.5,17.0,3.0,linear
7,78620,50082,1,0.0,0.0,0.5,17.0,3.0,linear
8,78443,49882,1,0.0,0.0,0.5,17.0,3.0,linear
9,78189,49786,1,0.0,0.0,0.5,17.0,3.0,linear
10,78703,50100,1,0.0,0.0,0.5,17.0,3.0,linear
11,180952,50178,1,0.489161,0.489161,0.5,17.0,3.0,linear
12,231508,49949,1,0.602645,0.616006,0.5,17.0,3.0,linear
13,228573,46543,1,0.629262,0.661958,0.5,17.0,3.0,linear
14,222839,40611,1,0.661614,0.715421,0.5,17.0,3.0,linear
15,216897,33896,1,0.694622,0.769104,0.5,17.0,3.0,linear
16,210445,26856,1,0.72767,0.818992,0.5,17.0,3.0,linear
17,204287,20146,1,0.762144,0.863799,0.5,17.0,3.0,linear
18,196566,14268,1,0.796589,0.899487,0.5,17.0,3.0,linear
19,190174,10009,1,0.831621,0.927281,0.5,17.0,3.0,linear
20,182614,6950,1,0.863733,0.947037,0.5,17.0,3.0,linear
21,175226,4632,1,0.893486,0.962369,0.5,17.0,3.0,linear
22,170162,3050,1,0.921208,0.974506,0.5,17.0,3.0,linear
23,165118,1988,1,0.942445,0.982931,0.5,17.0,3.0,linear
24,161411,1302,1,0.960555,0.989202,0.5,17.0,3.0,linear
25,158635,800,1,0.973281,0.993257,0.5,17.0,3.0,linear
26,157033,494,1,0.982795,0.995971,0.5,17.0,3.0,linear
27,155668,291,1,0.988909,0.997669,0.5,17.0,3.0,linear
28,155157,183,1,0.993101,0.998605,0.5,17.0,3.0,linear
29,154120,88,1,0.99595,0.999327,0.5,17.0,3.0,linear
30,153382,39,1,0.997802,0.999694,0.5,17.0,3.0,linear
31,153275,23,1,0.998826,0.99983,0.5,17.0,3.0,linear
32,153811,11,1,0.999392,0.999929,0.5,17.0,3.0,linear
33,153807,5,1,0.999685,0.999967,0.5,17.0,3.0,linear
34,153055,3,1,0.999869,0.99998,0.5,17.0,3.0,linear
35,153133,1,1,0.999938,0.999993,0.5,17.0,3.0,linear
36,153564,1,1,0.999974,0.999993,0.5,17.0,3.0,linear
37,153315,0,1,0.999993,1.0,0.5,17.0,3.0,linear

