generation,size,female_size,fertile_female_size,rate_dr,rate_has_drive,drive_efficiency,drop_ratio,low_density_growth_rate,density_growth_curve
1,78460,49251,1,0.0,0.0,0.5,12.0,4.0,linear
2,78375,49414,1,0.0,0.0,0.5,12.0,4.0,linear
3,79067,49781,1,0.0,0.0,0.5,12.0,4.0,linear
4,78911,50002,1,0.0,0.0,0.5,12.0,4.0,linear
5,78950,50229,1,0.0,0.0,0.5,12.0,4.0,linear
6,79948,50873,1,0.0,0.0,0.5,12.0,4.0,linear
7,79220,50452,1,0.0,0.0,0.5,12.0,4.0,linear
8,78405,49996,1,0.0,0.0,0.5,12.0,4.0,linear
9,77664,49657,1,0.0,0.0,0.5,12.0,4.0,linear
10,78246,49942,1,0.0,0.0,0.5,12.0,4.0,linear
11,151076,50199,1,0.403361,0.403361,0.5,12.0,4.0,linear
12,187027,50005,1,0.519567,0.535174,0.5,12.0,4.0,linear
13,182910,46375,1,0.549414,0.586877,0.5,12.0,4.0,linear
14,177490,40882,1,0.581184,0.644993,0.5,12.0,4.0,linear
15,173318,34870,1,0.613457,0.703523,0.5,12.0,4.0,linear
16,169253,29056,1,0.64318,0.757215,0.5,12.0,4.0,linear
17,165995,23123,1,0.675091,0.80656,0.5,12.0,4.0,linear
18,160702,17933,1,0.704301,0.845083,0.5,12.0,4.0,linear
19,154844,13601,1,0.734097,0.875994,0.5,12.0,4.0,linear
20,148264,10375,1,0.764511,0.900002,0.5,12.0,4.0,linear
21,142390,7933,1,0.795163,0.918763,0.5,12.0,4.0,linear
22,136125,5976,1,0.824534,0.934925,0.5,12.0,4.0,linear
23,130716,4459,1,0.853582,0.949238,0.5,12.0,4.0,linear
24,125952,3278,1,0.881163,0.961498,0.5,12.0,4.0,linear
25,121863,2312,1,0.906567,0.972281,0.5,12.0,4.0,linear
26,118742,1557,1,0.929067,0.981187,0.5,12.0,4.0,linear
27,115520,1059,1,0.947886,0.987114,0.5,12.0,4.0,linear
28,113588,706,1,0.9631,0.991267,0.5,12.0,4.0,linear
29,111943,471,1,0.974559,0.994183,0.5,12.0,4.0,linear
30,110909,279,1,0.982897,0.99667,0.5,12.0,4.0,linear
31,110071,162,1,0.988993,0.99804,0.5,12.0,4.0,linear
32,109163,97,1,0.9936,0.998968,0.5,12.0,4.0,linear
33,108947,56,1,0.995906,0.999414,0.5,12.0,4.0,linear
34,108506,32,1,0.997565,0.999687,0.5,12.0,4.0,linear
35,108476,14,1,0.998683,0.999862,0.5,12.0,4.0,linear
36,107954,5,1,0.999254,0.999944,0.5,12.0,4.0,linear
37,108233,4,1,0.9997,0.999963,0.5,12.0,4.0,linear
38,108212,0,1,0.999866,1.0,0.5,12.0,4.0,linear

