generation,size,female_size,fertile_female_size,rate_dr,rate_has_drive,drive_efficiency,drop_ratio,low_density_growth_rate,density_growth_curve
1,78861,49734,1,0.0,0.0,0.5,15.0,2.0,linear
2,78534,49569,1,0.0,0.0,0.5,15.0,2.0,linear
3,78842,50020,1,0.0,0.0,0.5,15.0,2.0,linear
4,78372,49803,1,0.0,0.0,0.5,15.0,2.0,linear
5,78449,49916,1,0.0,0.0,0.5,15.0,2.0,linear
6,78502,49906,1,0.0,0.0,0.5,15.0,2.0,linear
7,78639,49749,1,0.0,0.0,0.5,15.0,2.0,linear
8,78473,50007,1,0.0,0.0,0.5,15.0,2.0,linear
9,78533,50082,1,0.0,0.0,0.5,15.0,2.0,linear
10,78704,50002,1,0.0,0.0,0.5,15.0,2.0,linear
11,168880,50078,1,0.456328,0.456328,0.5,15.0,2.0,linear
12,214103,50183,1,0.571512,0.586086,0.5,15.0,2.0,linear
13,210319,46459,1,0.60038,0.634896,0.5,15.0,2.0,linear
14,203996,40256,1,0.636396,0.691824,0.5,15.0,2.0,linear
15,197417,33531,1,0.677635,0.75154,0.5,15.0,2.0,linear
16,189598,26417,1,0.719207,0.806179,0.5,15.0,2.0,linear
17,181308,19518,1,0.762529,0.855577,0.5,15.0,2.0,linear
18,172164,13542,1,0.803511,0.894911,0.5,15.0,2.0,linear
19,164162,9163,1,0.84381,0.925137,0.5,15.0,2.0,linear
20,157443,5992,1,0.881098,0.94843,0.5,15.0,2.0,linear
21,150681,3770,1,0.91335,0.96646,0.5,15.0,2.0,linear
22,145963,2348,1,0.939949,0.978474,0.5,15.0,2.0,linear
23,142700,1425,1,0.95973,0.987071,0.5,15.0,2.0,linear
24,139860,851,1,0.973921,0.992314,0.5,15.0,2.0,linear
25,137882,497,1,0.983567,0.995485,0.5,15.0,2.0,linear
26,136881,268,1,0.990286,0.997592,0.5,15.0,2.0,linear
27,136588,141,1,0.994561,0.99878,0.5,15.0,2.0,linear
28,136175,68,1,0.996964,0.999413,0.5,15.0,2.0,linear
29,136046,36,1,0.998351,0.999677,0.5,15.0,2.0,linear
30,135657,16,1,0.999141,0.999845,0.5,15.0,2.0,linear
31,135681,7,1,0.999573,0.999926,0.5,15.0,2.0,linear
32,135266,5,1,0.999804,0.999956,0.5,15.0,2.0,linear
33,135162,3,1,0.999889,0.999978,0.5,15.0,2.0,linear
34,135530,0,1,0.999941,1.0,0.5,15.0,2.0,linear

