generation,size,female_size,fertile_female_size,rate_dr,rate_has_drive,drive_efficiency,drop_ratio,low_density_growth_rate,density_growth_curve
1,78348,49255,1,0.0,0.0,0.5,18.0,3.0,linear
2,77901,48950,1,0.0,0.0,0.5,18.0,3.0,linear
3,78287,49332,1,0.0,0.0,0.5,18.0,3.0,linear
4,78713,49724,1,0.0,0.0,0.5,18.0,3.0,linear
5,78918,49973,1,0.0,0.0,0.5,18.0,3.0,linear
6,78969,49956,1,0.0,0.0,0.5,18.0,3.0,linear
7,78786,50169,1,0.0,0.0,0.5,18.0,3.0,linear
8,79211,50515,1,0.0,0.0,0.5,18.0,3.0,linear
9,79063,50443,1,0.0,0.0,0.5,18.0,3.0,linear
10,78540,50135,1,0.0,0.0,0.5,18.0,3.0,linear
11,187166,50194,1,0.504395,0.504395,0.5,18.0,3.0,linear
12,241691,49970,1,0.616987,0.630583,0.5,18.0,3.0,linear
13,237576,46253,1,0.643983,0.675602,0.5,18.0,3.0,linear
14,231398,39971,1,0.675242,0.728502,0.5,18.0,3.0,linear
15,225285,33111,1,0.707641,0.780931,0.5,18.0,3.0,linear
16,218780,26336,1,0.740712,0.829825,0.5,18.0,3.0,linear
17,212693,19596,1,0.775875,0.874262,0.5,18.0,3.0,linear
18,205286,13733,1,0.809176,0.907639,0.5,18.0,3.0,linear
19,198117,9559,1,0.842346,0.932842,0.5,18.0,3.0,linear
20,190831,6580,1,0.873343,0.951604,0.5,18.0,3.0,linear
21,183834,4458,1,0.901683,0.965573,0.5,18.0,3.0,linear
22,177626,2942,1,0.927075,0.976934,0.5,18.0,3.0,linear
23,173740,1900,1,0.947631,0.984804,0.5,18.0,3.0,linear
24,170413,1239,1,0.963768,0.990425,0.5,18.0,3.0,linear
25,167727,744,1,0.975695,0.994171,0.5,18.0,3.0,linear
26,165968,415,1,0.984087,0.996701,0.5,18.0,3.0,linear
27,164697,236,1,0.990355,0.998235,0.5,18.0,3.0,linear
28,164050,125,1,0.994393,0.999076,0.5,18.0,3.0,linear
29,163071,62,1,0.997044,0.999583,0.5,18.0,3.0,linear
30,162408,29,1,0.998548,0.999815,0.5,18.0,3.0,linear
31,162057,14,1,0.999232,0.999914,0.5,18.0,3.0,linear
32,162496,4,1,0.999649,0.999975,0.5,18.0,3.0,linear
33,162324,0,1,0.999843,1.0,0.5,18.0,3.0,linear

