generation,size,female_size,fertile_female_size,rate_dr,rate_has_drive,drive_efficiency,drop_ratio,low_density_growth_rate,density_growth_curve
1,78235,49260,1,0.0,0.0,0.5,19.0,4.0,linear
2,77949,49020,1,0.0,0.0,0.5,19.0,4.0,linear
3,78816,49683,1,0.0,0.0,0.5,19.0,4.0,linear
4,79744,50359,1,0.0,0.0,0.5,19.0,4.0,linear
5,79663,50472,1,0.0,0.0,0.5,19.0,4.0,linear
6,78987,50308,1,0.0,0.0,0.5,19.0,4.0,linear
7,78056,49849,1,0.0,0.0,0.5,19.0,4.0,linear
8,78153,49746,1,0.0,0.0,0.5,19.0,4.0,linear
9,78210,49761,1,0.0,0.0,0.5,19.0,4.0,linear
10,78989,50140,1,0.0,0.0,0.5,19.0,4.0,linear
11,193253,50072,1,0.514474,0.514474,0.5,19.0,4.0,linear
12,250574,50392,1,0.626816,0.639847,0.5,19.0,4.0,linear
13,246759,46946,1,0.653368,0.684005,0.5,19.0,4.0,linear
14,240353,40475,1,0.683876,0.736202,0.5,19.0,4.0,linear
15,235281,33698,1,0.712025,0.787153,0.5,19.0,4.0,linear
16,231013,27033,1,0.73933,0.833719,0.5,19.0,4.0,linear
17,226149,20534,1,0.767278,0.873982,0.5,19.0,4.0,linear
18,220081,14814,1,0.795906,0.906135,0.5,19.0,4.0,linear
19,214024,10705,1,0.825017,0.929594,0.5,19.0,4.0,linear
20,206801,7815,1,0.852729,0.946618,0.5,19.0,4.0,linear
21,200018,5427,1,0.879766,0.960758,0.5,19.0,4.0,linear
22,193752,3807,1,0.905288,0.971765,0.5,19.0,4.0,linear
23,187567,2607,1,0.927641,0.979817,0.5,19.0,4.0,linear
24,183364,1799,1,0.945851,0.986284,0.5,19.0,4.0,linear
25,180346,1162,1,0.962196,0.991042,0.5,19.0,4.0,linear
26,177163,723,1,0.974021,0.994351,0.5,19.0,4.0,linear
27,175122,445,1,0.982674,0.996509,0.5,19.0,4.0,linear
28,173631,278,1,0.988963,0.997784,0.5,19.0,4.0,linear
29,173123,170,1,0.992783,0.998648,0.5,19.0,4.0,linear
30,172255,99,1,0.995499,0.999224,0.5,19.0,4.0,linear
31,172030,60,1,0.997344,0.999536,0.5,19.0,4.0,linear
32,171997,36,1,0.998449,0.99975,0.5,19.0,4.0,linear
33,171591,23,1,0.999053,0.999837,0.5,19.0,4.0,linear
34,171820,13,1,0.999427,0.999907,0.5,19.0,4.0,linear
35,171010,9,1,0.999638,0.999936,0.5,19.0,4.0,linear
36,170977,7,1,0.999757,0.999953,0.5,19.0,4.0,linear
37,171547,4,1,0.999831,0.999977,0.5,19.0,4.0,linear
38,171315,1,1,0.999886,0.999994,0.5,19.0,4.0,linear
39,171262,0,1,0.999953,1.0,0.5,19.0,4.0,linear

