generation,size,female_size,fertile_female_size,rate_dr,rate_has_drive,drive_efficiency,drop_ratio,low_density_growth_rate,density_growth_curve
1,78225,49154,1,0.0,0.0,0.5,11.0,5.0,linear
2,78114,49164,1,0.0,0.0,0.5,11.0,5.0,linear
3,79666,50194,1,0.0,0.0,0.5,11.0,5.0,linear
4,80182,50655,1,0.0,0.0,0.5,11.0,5.0,linear
5,79172,50322,1,0.0,0.0,0.5,11.0,5.0,linear
6,78593,50076,1,0.0,0.0,0.5,11.0,5.0,linear
7,79150,50411,1,0.0,0.0,0.5,11.0,5.0,linear
8,79114,50283,1,0.0,0.0,0.5,11.0,5.0,linear
9,77805,49664,1,0.0,0.0,0.5,11.0,5.0,linear
10,77846,49593,1,0.0,0.0,0.5,11.0,5.0,linear
11,145252,50005,1,0.381607,0.381607,0.5,11.0,5.0,linear
12,178795,50459,1,0.494825,0.510456,0.5,11.0,5.0,linear
13,175118,47102,1,0.526357,0.564114,0.5,11.0,5.0,linear
14,168577,41171,1,0.558459,0.624492,0.5,11.0,5.0,linear
15,165203,35658,1,0.585917,0.682274,0.5,11.0,5.0,linear
16,163617,30230,1,0.613216,0.736388,0.5,11.0,5.0,linear
17,161569,24952,1,0.640128,0.785276,0.5,11.0,5.0,linear
18,157619,19827,1,0.66404,0.822129,0.5,11.0,5.0,linear
19,153463,16040,1,0.689222,0.851369,0.5,11.0,5.0,linear
20,148167,13065,1,0.713201,0.873547,0.5,11.0,5.0,linear
21,142588,10442,1,0.737817,0.891077,0.5,11.0,5.0,linear
22,137099,8361,1,0.7647,0.90846,0.5,11.0,5.0,linear
23,131991,6731,1,0.789873,0.923473,0.5,11.0,5.0,linear
24,126737,5410,1,0.814837,0.936074,0.5,11.0,5.0,linear
25,122231,4216,1,0.840895,0.947878,0.5,11.0,5.0,linear
26,117911,3252,1,0.865176,0.958958,0.5,11.0,5.0,linear
27,113959,2441,1,0.887995,0.968277,0.5,11.0,5.0,linear
28,110883,1794,1,0.909622,0.976133,0.5,11.0,5.0,linear
29,108120,1260,1,0.929392,0.982919,0.5,11.0,5.0,linear
30,106311,873,1,0.947415,0.988396,0.5,11.0,5.0,linear
31,104513,595,1,0.961854,0.992108,0.5,11.0,5.0,linear
32,102366,383,1,0.97252,0.995207,0.5,11.0,5.0,linear
33,101604,235,1,0.981342,0.99703,0.5,11.0,5.0,linear
34,101036,133,1,0.988258,0.998387,0.5,11.0,5.0,linear
35,100198,82,1,0.992681,0.999055,0.5,11.0,5.0,linear
36,99994,41,1,0.995565,0.999491,0.5,11.0,5.0,linear
37,99443,26,1,0.997569,0.999689,0.5,11.0,5.0,linear
38,99221,14,1,0.998409,0.999839,0.5,11.0,5.0,linear
39,99302,5,1,0.999195,0.99994,0.5,11.0,5.0,linear
40,99218,1,1,0.999652,0.99999,0.5,11.0,5.0,linear
41,99146,0,1,0.999808,1.0,0.5,11.0,5.0,linear

