generation,size,female_size,fertile_female_size,rate_dr,rate_has_drive,drive_efficiency,drop_ratio,low_density_growth_rate,density_growth_curve
1,78452,49335,1,0.0,0.0,0.5,20.0,2.0,linear
2,78423,49131,1,0.0,0.0,0.5,20.0,2.0,linear
3,78088,49241,1,0.0,0.0,0.5,20.0,2.0,linear
4,78111,49421,1,0.0,0.0,0.5,20.0,2.0,linear
5,78168,49546,1,0.0,0.0,0.5,20.0,2.0,linear
6,78094,49561,1,0.0,0.0,0.5,20.0,2.0,linear
7,77905,49572,1,0.0,0.0,0.5,20.0,2.0,linear
8,77884,49559,1,0.0,0.0,0.5,20.0,2.0,linear
9,77990,49600,1,0.0,0.0,0.5,20.0,2.0,linear
10,78033,49527,1,0.0,0.0,0.5,20.0,2.0,linear
11,198066,49548,1,0.530859,0.530859,0.5,20.0,2.0,linear
12,258440,49704,1,0.641802,0.654803,0.5,20.0,2.0,linear
13,254890,46075,1,0.667206,0.698059,0.5,20.0,2.0,linear
14,249255,39816,1,0.700107,0.748619,0.5,20.0,2.0,linear
15,241585,32629,1,0.73643,0.79995,0.5,20.0,2.0,linear
16,233266,25317,1,0.774225,0.848928,0.5,20.0,2.0,linear
17,224766,18133,1,0.81307,0.891447,0.5,20.0,2.0,linear
18,215387,12180,1,0.851244,0.92532,0.5,20.0,2.0,linear
19,207385,7939,1,0.885116,0.949717,0.5,20.0,2.0,linear
20,199777,4992,1,0.915896,0.96731,0.5,20.0,2.0,linear
21,194304,2945,1,0.941828,0.980013,0.5,20.0,2.0,linear
22,189032,1675,1,0.961825,0.988497,0.5,20.0,2.0,linear
23,185887,959,1,0.976261,0.993433,0.5,20.0,2.0,linear
24,183947,520,1,0.986099,0.996503,0.5,20.0,2.0,linear
25,182393,284,1,0.992001,0.998136,0.5,20.0,2.0,linear
26,181694,151,1,0.995576,0.999072,0.5,20.0,2.0,linear
27,180904,90,1,0.997427,0.999437,0.5,20.0,2.0,linear
28,180816,36,1,0.998643,0.999762,0.5,20.0,2.0,linear
29,180829,15,1,0.99929,0.999917,0.5,20.0,2.0,linear
30,180581,6,1,0.999657,0.999967,0.5,20.0,2.0,linear
31,180085,0,1,0.99987,1.0,0.5,20.0,2.0,linear

