generation,size,female_size,fertile_female_size,rate_dr,rate_has_drive,drive_efficiency,drop_ratio,low_density_growth_rate,density_growth_curve
1,77750,48792,1,0.0,0.0,0.5,19.0,7.0,linear
2,77605,48832,1,0.0,0.0,0.5,19.0,7.0,linear
3,79926,50190,1,0.0,0.0,0.5,19.0,7.0,linear
4,81059,51023,1,0.0,0.0,0.5,19.0,7.0,linear
5,79125,50348,1,0.0,0.0,0.5,19.0,7.0,linear
6,77566,49776,1,0.0,0.0,0.5,19.0,7.0,linear
7,77463,49611,1,0.0,0.0,0.5,19.0,7.0,linear
8,79013,49989,1,0.0,0.0,0.5,19.0,7.0,linear
9,79057,49872,1,0.0,0.0,0.5,19.0,7.0,linear
10,78529,49835,1,0.0,0.0,0.5,19.0,7.0,linear
11,193357,50424,1,0.514308,0.514308,0.5,19.0,7.0,linear
12,251087,50507,1,0.628631,0.640944,0.5,19.0,7.0,linear
13,246378,46399,1,0.654913,0.686418,0.5,19.0,7.0,linear
14,240390,40222,1,0.677376,0.735402,0.5,19.0,7.0,linear
15,238238,34475,1,0.695416,0.782701,0.5,19.0,7.0,linear
16,238997,28861,1,0.713306,0.826293,0.5,19.0,7.0,linear
17,238486,22877,1,0.732724,0.865456,0.5,19.0,7.0,linear
18,235550,17476,1,0.751622,0.894562,0.5,19.0,7.0,linear
19,231300,13736,1,0.77113,0.914742,0.5,19.0,7.0,linear
20,225936,10873,1,0.790928,0.928974,0.5,19.0,7.0,linear
21,219287,8555,1,0.812144,0.940728,0.5,19.0,7.0,linear
22,212925,6741,1,0.833283,0.951356,0.5,19.0,7.0,linear
23,206461,5330,1,0.854421,0.960216,0.5,19.0,7.0,linear
24,200678,4166,1,0.875993,0.968165,0.5,19.0,7.0,linear
25,195556,3179,1,0.894383,0.97502,0.5,19.0,7.0,linear
26,191166,2353,1,0.912779,0.981242,0.5,19.0,7.0,linear
27,187010,1699,1,0.930236,0.986244,0.5,19.0,7.0,linear
28,183542,1267,1,0.945917,0.989869,0.5,19.0,7.0,linear
29,180517,886,1,0.959042,0.993173,0.5,19.0,7.0,linear
30,178420,578,1,0.969933,0.995352,0.5,19.0,7.0,linear
31,176433,392,1,0.978459,0.996901,0.5,19.0,7.0,linear
32,174672,236,1,0.985644,0.99816,0.5,19.0,7.0,linear
33,173419,142,1,0.990505,0.998905,0.5,19.0,7.0,linear
34,173252,76,1,0.993801,0.999482,0.5,19.0,7.0,linear
35,172010,39,1,0.996251,0.999739,0.5,19.0,7.0,linear
36,171751,24,1,0.99783,0.999855,0.5,19.0,7.0,linear
37,171610,10,1,0.998803,0.999942,0.5,19.0,7.0,linear
38,171144,4,1,0.999448,0.999977,0.5,19.0,7.0,linear
39,171275,1,1,0.999696,0.999994,0.5,19.0,7.0,linear
40,171147,0,1,0.999877,1.0,0.5,19.0,7.0,linear

