generation,size,female_size,fertile_female_size,rate_dr,rate_has_drive,drive_efficiency,drop_ratio,low_density_growth_rate,density_growth_curve
1,78012,49304,1,0.0,0.0,0.5,20.0,7.0,linear
2,77561,48890,1,0.0,0.0,0.5,20.0,7.0,linear
3,79083,49828,1,0.0,0.0,0.5,20.0,7.0,linear
4,80319,50842,1,0.0,0.0,0.5,20.0,7.0,linear
5,79479,50694,1,0.0,0.0,0.5,20.0,7.0,linear
6,77157,49606,1,0.0,0.0,0.5,20.0,7.0,linear
7,76671,49243,1,0.0,0.0,0.5,20.0,7.0,linear
8,77963,49624,1,0.0,0.0,0.5,20.0,7.0,linear
9,79814,50397,1,0.0,0.0,0.5,20.0,7.0,linear
10,80405,50914,1,0.0,0.0,0.5,20.0,7.0,linear
11,199769,50438,1,0.532992,0.532992,0.5,20.0,7.0,linear
12,257192,49416,1,0.643878,0.656033,0.5,20.0,7.0,linear
13,254228,45922,1,0.666128,0.696582,0.5,20.0,7.0,linear
14,249050,40248,1,0.683862,0.740539,0.5,20.0,7.0,linear
15,248646,34859,1,0.702368,0.785731,0.5,20.0,7.0,linear
16,248548,29085,1,0.721254,0.829971,0.5,20.0,7.0,linear
17,247706,23317,1,0.739704,0.868987,0.5,20.0,7.0,linear
18,245055,17790,1,0.75897,0.898251,0.5,20.0,7.0,linear
19,241642,13832,1,0.778386,0.917501,0.5,20.0,7.0,linear
20,235373,10784,1,0.798788,0.932786,0.5,20.0,7.0,linear
21,228385,8407,1,0.819824,0.944604,0.5,20.0,7.0,linear
22,220958,6474,1,0.841873,0.955553,0.5,20.0,7.0,linear
23,214857,5077,1,0.86348,0.964191,0.5,20.0,7.0,linear
24,208670,3978,1,0.883533,0.970888,0.5,20.0,7.0,linear
25,203193,2996,1,0.902379,0.976883,0.5,20.0,7.0,linear
26,199479,2278,1,0.920622,0.982509,0.5,20.0,7.0,linear
27,195282,1693,1,0.936786,0.987049,0.5,20.0,7.0,linear
28,192671,1237,1,0.950268,0.990767,0.5,20.0,7.0,linear
29,189670,845,1,0.962315,0.993759,0.5,20.0,7.0,linear
30,186845,573,1,0.972075,0.995783,0.5,20.0,7.0,linear
31,184951,363,1,0.979742,0.997417,0.5,20.0,7.0,linear
32,183424,203,1,0.986456,0.998594,0.5,20.0,7.0,linear
33,182650,117,1,0.991069,0.999128,0.5,20.0,7.0,linear
34,182169,69,1,0.994642,0.99954,0.5,20.0,7.0,linear
35,181036,35,1,0.996991,0.999768,0.5,20.0,7.0,linear
36,180911,20,1,0.998266,0.99984,0.5,20.0,7.0,linear
37,180746,16,1,0.999096,0.9999,0.5,20.0,7.0,linear
38,180628,10,1,0.999405,0.999939,0.5,20.0,7.0,linear
39,180613,6,1,0.999693,0.999961,0.5,20.0,7.0,linear
40,180840,4,1,0.999779,0.999978,0.5,20.0,7.0,linear
41,180189,2,1,0.999867,0.999989,0.5,20.0,7.0,linear
42,180013,1,1,0.999908,0.999994,0.5,20.0,7.0,linear
43,179828,0,1,0.999969,1.0,0.5,20.0,7.0,linear

