generation,size,female_size,fertile_female_size,rate_dr,rate_has_drive,drive_efficiency,drop_ratio,low_density_growth_rate,density_growth_curve
1,78095,49252,1,0.0,0.0,0.5,9.0,4.0,linear
2,78335,49434,1,0.0,0.0,0.5,9.0,4.0,linear
3,79385,50271,1,0.0,0.0,0.5,9.0,4.0,linear
4,79893,50582,1,0.0,0.0,0.5,9.0,4.0,linear
5,79417,50639,1,0.0,0.0,0.5,9.0,4.0,linear
6,78630,50205,1,0.0,0.0,0.5,9.0,4.0,linear
7,78143,50031,1,0.0,0.0,0.5,9.0,4.0,linear
8,77962,49684,1,0.0,0.0,0.5,9.0,4.0,linear
9,78396,49688,1,0.0,0.0,0.5,9.0,4.0,linear
10,78915,49862,1,0.0,0.0,0.5,9.0,4.0,linear
11,133549,50140,1,0.334192,0.334192,0.5,9.0,4.0,linear
12,160536,50332,1,0.445912,0.461584,0.5,9.0,4.0,linear
13,156740,47119,1,0.477567,0.516267,0.5,9.0,4.0,linear
14,150880,41496,1,0.512395,0.579323,0.5,9.0,4.0,linear
15,146734,35848,1,0.547029,0.643769,0.5,9.0,4.0,linear
16,143586,30273,1,0.577925,0.700371,0.5,9.0,4.0,linear
17,139808,24850,1,0.60851,0.751248,0.5,9.0,4.0,linear
18,135396,19755,1,0.63877,0.793307,0.5,9.0,4.0,linear
19,131066,16102,1,0.667306,0.825592,0.5,9.0,4.0,linear
20,125596,13082,1,0.694703,0.851335,0.5,9.0,4.0,linear
21,119439,10451,1,0.72212,0.873432,0.5,9.0,4.0,linear
22,114040,8230,1,0.750493,0.893108,0.5,9.0,4.0,linear
23,109499,6621,1,0.780891,0.910676,0.5,9.0,4.0,linear
24,104294,5147,1,0.80966,0.926165,0.5,9.0,4.0,linear
25,99916,3966,1,0.837712,0.940341,0.5,9.0,4.0,linear
26,96546,3082,1,0.864454,0.952617,0.5,9.0,4.0,linear
27,93560,2305,1,0.888418,0.963947,0.5,9.0,4.0,linear
28,90911,1663,1,0.910798,0.973339,0.5,9.0,4.0,linear
29,88548,1148,1,0.930818,0.981261,0.5,9.0,4.0,linear
30,86749,822,1,0.947769,0.986594,0.5,9.0,4.0,linear
31,84995,553,1,0.962176,0.991242,0.5,9.0,4.0,linear
32,83863,337,1,0.974053,0.994593,0.5,9.0,4.0,linear
33,83199,194,1,0.983106,0.996818,0.5,9.0,4.0,linear
34,82469,118,1,0.98934,0.998095,0.5,9.0,4.0,linear
35,81878,55,1,0.993571,0.99905,0.5,9.0,4.0,linear
36,81594,31,1,0.996493,0.999486,0.5,9.0,4.0,linear
37,81540,17,1,0.998027,0.999743,0.5,9.0,4.0,linear
38,81206,6,1,0.998991,0.999926,0.5,9.0,4.0,linear
39,81002,4,1,0.999537,0.999951,0.5,9.0,4.0,linear
40,81449,0,1,0.999761,1.0,0.5,9.0,4.0,linear

