generation,size,female_size,fertile_female_size,rate_dr,rate_has_drive,drive_efficiency,drop_ratio,low_density_growth_rate,density_growth_curve
1,78256,49144,1,0.0,0.0,0.5,15.0,3.0,linear
2,78240,49288,1,0.0,0.0,0.5,15.0,3.0,linear
3,78254,49475,1,0.0,0.0,0.5,15.0,3.0,linear
4,78566,49710,1,0.0,0.0,0.5,15.0,3.0,linear
5,78794,50014,1,0.0,0.0,0.5,15.0,3.0,linear
6,78659,50101,1,0.0,0.0,0.5,15.0,3.0,linear
7,78318,50109,1,0.0,0.0,0.5,15.0,3.0,linear
8,78222,49986,1,0.0,0.0,0.5,15.0,3.0,linear
9,78648,50279,1,0.0,0.0,0.5,15.0,3.0,linear
10,78471,50243,1,0.0,0.0,0.5,15.0,3.0,linear
11,168796,50095,1,0.457825,0.457825,0.5,15.0,3.0,linear
12,213868,49991,1,0.57258,0.586878,0.5,15.0,3.0,linear
13,210280,46382,1,0.600493,0.635442,0.5,15.0,3.0,linear
14,204195,40465,1,0.634434,0.691781,0.5,15.0,3.0,linear
15,198510,33795,1,0.669846,0.748696,0.5,15.0,3.0,linear
16,192285,27186,1,0.703032,0.799593,0.5,15.0,3.0,linear
17,185704,20586,1,0.737699,0.846583,0.5,15.0,3.0,linear
18,179001,14963,1,0.773966,0.884559,0.5,15.0,3.0,linear
19,172023,10653,1,0.810045,0.914816,0.5,15.0,3.0,linear
20,164880,7499,1,0.84349,0.936557,0.5,15.0,3.0,linear
21,158766,5127,1,0.876847,0.954993,0.5,15.0,3.0,linear
22,152815,3483,1,0.905188,0.967542,0.5,15.0,3.0,linear
23,147556,2348,1,0.929447,0.977504,0.5,15.0,3.0,linear
24,144379,1524,1,0.948951,0.985002,0.5,15.0,3.0,linear
25,142133,990,1,0.964832,0.990415,0.5,15.0,3.0,linear
26,140026,621,1,0.976574,0.994008,0.5,15.0,3.0,linear
27,138324,393,1,0.984635,0.996348,0.5,15.0,3.0,linear
28,137317,233,1,0.990212,0.997898,0.5,15.0,3.0,linear
29,136315,141,1,0.993896,0.998749,0.5,15.0,3.0,linear
30,135846,77,1,0.996282,0.999317,0.5,15.0,3.0,linear
31,135637,41,1,0.997754,0.999654,0.5,15.0,3.0,linear
32,135389,13,1,0.998719,0.999867,0.5,15.0,3.0,linear
33,135648,7,1,0.999396,0.999934,0.5,15.0,3.0,linear
34,135344,3,1,0.999679,0.99997,0.5,15.0,3.0,linear
35,135259,1,1,0.999882,0.999985,0.5,15.0,3.0,linear
36,135536,1,1,0.999956,0.999993,0.5,15.0,3.0,linear
37,135450,1,1,0.99997,0.999993,0.5,15.0,3.0,linear
38,135294,1,1,0.999985,0.999993,0.5,15.0,3.0,linear
39,135312,0,1,0.999978,1.0,0.5,15.0,3.0,linear

