generation,size,female_size,fertile_female_size,rate_dr,rate_has_drive,drive_efficiency,drop_ratio,low_density_growth_rate,density_growth_curve
1,78087,48964,1,0.0,0.0,0.5,7.0,2.0,linear
2,78156,49120,1,0.0,0.0,0.5,7.0,2.0,linear
3,78086,49297,1,0.0,0.0,0.5,7.0,2.0,linear
4,78042,49654,1,0.0,0.0,0.5,7.0,2.0,linear
5,78118,49981,1,0.0,0.0,0.5,7.0,2.0,linear
6,78576,49966,1,0.0,0.0,0.5,7.0,2.0,linear
7,78390,49737,1,0.0,0.0,0.5,7.0,2.0,linear
8,78584,49976,1,0.0,0.0,0.5,7.0,2.0,linear
9,78513,49647,1,0.0,0.0,0.5,7.0,2.0,linear
10,78337,49607,1,0.0,0.0,0.5,7.0,2.0,linear
11,120603,49619,1,0.282978,0.282978,0.5,7.0,2.0,linear
12,142143,49875,1,0.388827,0.40472,0.5,7.0,2.0,linear
13,139470,47266,1,0.41689,0.456355,0.5,7.0,2.0,linear
14,134362,42386,1,0.453686,0.518728,0.5,7.0,2.0,linear
15,128045,36553,1,0.495009,0.584763,0.5,7.0,2.0,linear
16,121081,30137,1,0.539562,0.649865,0.5,7.0,2.0,linear
17,113882,24151,1,0.583982,0.709103,0.5,7.0,2.0,linear
18,106925,18415,1,0.628688,0.760263,0.5,7.0,2.0,linear
19,99605,13858,1,0.673659,0.804434,0.5,7.0,2.0,linear
20,92861,10353,1,0.719646,0.842444,0.5,7.0,2.0,linear
21,86438,7504,1,0.765856,0.877388,0.5,7.0,2.0,linear
22,80759,5381,1,0.807676,0.905992,0.5,7.0,2.0,linear
23,76249,3756,1,0.849472,0.931697,0.5,7.0,2.0,linear
24,73063,2555,1,0.884637,0.951213,0.5,7.0,2.0,linear
25,70186,1634,1,0.915574,0.967645,0.5,7.0,2.0,linear
26,67947,1045,1,0.94183,0.978798,0.5,7.0,2.0,linear
27,66355,631,1,0.961269,0.987272,0.5,7.0,2.0,linear
28,65196,384,1,0.975725,0.992407,0.5,7.0,2.0,linear
29,64420,221,1,0.985342,0.995742,0.5,7.0,2.0,linear
30,63936,121,1,0.991156,0.997758,0.5,7.0,2.0,linear
31,63723,67,1,0.995018,0.998778,0.5,7.0,2.0,linear
32,63618,32,1,0.997166,0.999419,0.5,7.0,2.0,linear
33,63148,17,1,0.99852,0.999699,0.5,7.0,2.0,linear
34,63203,10,1,0.999217,0.999826,0.5,7.0,2.0,linear
35,63288,7,1,0.999534,0.999874,0.5,7.0,2.0,linear
36,63227,2,1,0.999715,0.999953,0.5,7.0,2.0,linear
37,63150,1,1,0.999889,0.999984,0.5,7.0,2.0,linear
38,62972,0,1,0.999921,1.0,0.5,7.0,2.0,linear

