generation,size,female_size,fertile_female_size,rate_dr,rate_has_drive,drive_efficiency,drop_ratio,low_density_growth_rate,density_growth_curve
1,78534,49510,1,0.0,0.0,1.0,14.25,10.0,linear
2,78318,49133,1,0.0,0.0,1.0,14.25,10.0,linear
3,79753,49875,1,0.0,0.0,1.0,14.25,10.0,linear
4,82399,51616,1,0.0,0.0,1.0,14.25,10.0,linear
5,79634,50555,1,0.0,0.0,1.0,14.25,10.0,linear
6,74791,48444,1,0.0,0.0,1.0,14.25,10.0,linear
7,77961,49909,1,0.0,0.0,1.0,14.25,10.0,linear
8,82651,51890,1,0.0,0.0,1.0,14.25,10.0,linear
9,79380,50157,1,0.0,0.0,1.0,14.25,10.0,linear
10,73389,47516,1,0.0,0.0,1.0,14.25,10.0,linear
11,164098,49997,1,0.430438,0.430438,1.0,14.25,10.0,linear
12,214269,53300,1,0.55752,0.569585,1.0,14.25,10.0,linear
13,202942,45938,1,0.60326,0.633048,1.0,14.25,10.0,linear
14,190494,37870,1,0.614553,0.690496,1.0,14.25,10.0,linear
15,199291,35482,1,0.623368,0.733458,1.0,14.25,10.0,linear
16,205360,31714,1,0.637022,0.777384,1.0,14.25,10.0,linear
17,206049,26009,1,0.656034,0.823299,1.0,14.25,10.0,linear
18,204174,20838,1,0.67486,0.860898,1.0,14.25,10.0,linear
19,203826,17460,1,0.691401,0.887143,1.0,14.25,10.0,linear
20,200125,14178,1,0.707678,0.906889,1.0,14.25,10.0,linear
21,194126,10613,1,0.726741,0.925468,1.0,14.25,10.0,linear
22,188184,8157,1,0.750109,0.939811,1.0,14.25,10.0,linear
23,180500,6294,1,0.775466,0.95188,1.0,14.25,10.0,linear
24,171859,4718,1,0.802142,0.962702,1.0,14.25,10.0,linear
25,164279,3404,1,0.830365,0.972463,1.0,14.25,10.0,linear
26,157393,2400,1,0.857916,0.979958,1.0,14.25,10.0,linear
27,150895,1634,1,0.885145,0.986055,1.0,14.25,10.0,linear
28,144948,1019,1,0.912459,0.991025,1.0,14.25,10.0,linear
29,140324,609,1,0.936302,0.994281,1.0,14.25,10.0,linear
30,136615,363,1,0.958566,0.99674,1.0,14.25,10.0,linear
31,133308,178,1,0.973286,0.998426,1.0,14.25,10.0,linear
32,131598,84,1,0.984185,0.999299,1.0,14.25,10.0,linear
33,130307,43,1,0.99087,0.999671,1.0,14.25,10.0,linear
34,129228,17,1,0.995444,0.999869,1.0,14.25,10.0,linear
35,128173,8,1,0.997856,0.999938,1.0,14.25,10.0,linear
36,128506,0,1,0.999172,1.0,1.0,14.25,10.0,linear

