generation,size,female_size,fertile_female_size,rate_dr,rate_has_drive,drive_efficiency,drop_ratio,low_density_growth_rate,density_growth_curve
1,78756,49403,1,0.0,0.0,0.8,23.75,10.0,convex
2,78438,49429,1,0.0,0.0,0.8,23.75,10.0,convex
3,89588,55075,1,0.0,0.0,0.8,23.75,10.0,convex
4,71081,46493,1,0.0,0.0,0.8,23.75,10.0,convex
5,57767,39777,1,0.0,0.0,0.8,23.75,10.0,convex
6,112802,66759,1,0.0,0.0,0.8,23.75,10.0,convex
7,103847,62838,1,0.0,0.0,0.8,23.75,10.0,convex
8,67625,46148,1,0.0,0.0,0.8,23.75,10.0,convex
9,35887,31746,1,0.0,0.0,0.8,23.75,10.0,convex
10,121016,70902,1,0.0,0.0,0.8,23.75,10.0,convex
11,268379,72337,1,0.53189,0.53189,0.8,23.75,10.0,convex
12,296056,51801,1,0.724603,0.724603,0.8,23.75,10.0,convex
13,258817,38056,1,0.685923,0.715552,0.8,23.75,10.0,convex
14,299042,50592,1,0.651434,0.690092,0.8,23.75,10.0,convex
15,313884,51876,1,0.706162,0.730152,0.8,23.75,10.0,convex
16,275668,33529,1,0.715201,0.799302,0.8,23.75,10.0,convex
17,286016,31193,1,0.724237,0.850792,0.8,23.75,10.0,convex
18,299841,27640,1,0.730741,0.880149,0.8,23.75,10.0,convex
19,305617,22087,1,0.729015,0.901811,0.8,23.75,10.0,convex
20,304326,15850,1,0.744301,0.922903,0.8,23.75,10.0,convex
21,301898,13002,1,0.758829,0.935649,0.8,23.75,10.0,convex
22,297900,11601,1,0.772319,0.944437,0.8,23.75,10.0,convex
23,288502,9066,1,0.788499,0.954559,0.8,23.75,10.0,convex
24,281192,7311,1,0.808659,0.962057,0.8,23.75,10.0,convex
25,272623,5888,1,0.829566,0.968668,0.8,23.75,10.0,convex
26,262708,4490,1,0.850371,0.974545,0.8,23.75,10.0,convex
27,254437,3431,1,0.873855,0.979723,0.8,23.75,10.0,convex
28,246236,2579,1,0.895569,0.983997,0.8,23.75,10.0,convex
29,238666,1945,1,0.915385,0.987824,0.8,23.75,10.0,convex
30,233234,1409,1,0.932875,0.9907,0.8,23.75,10.0,convex
31,229290,1056,1,0.948701,0.993305,0.8,23.75,10.0,convex
32,225236,745,1,0.961302,0.995358,0.8,23.75,10.0,convex
33,222534,495,1,0.971782,0.996912,0.8,23.75,10.0,convex
34,219835,315,1,0.9797,0.998106,0.8,23.75,10.0,convex
35,218485,182,1,0.986103,0.998938,0.8,23.75,10.0,convex
36,217362,110,1,0.991143,0.999359,0.8,23.75,10.0,convex
37,216229,58,1,0.994376,0.999691,0.8,23.75,10.0,convex
38,215444,31,1,0.99665,0.999833,0.8,23.75,10.0,convex
39,215391,19,1,0.998047,0.999898,0.8,23.75,10.0,convex
40,214915,11,1,0.998954,0.999944,0.8,23.75,10.0,convex
41,214271,6,1,0.99941,0.999967,0.8,23.75,10.0,convex
42,213884,3,1,0.999727,0.999986,0.8,23.75,10.0,convex
43,214727,0,1,0.999828,1.0,0.8,23.75,10.0,convex

