generation,size,female_size,fertile_female_size,rate_dr,rate_has_drive,drive_efficiency,drop_ratio,low_density_growth_rate,density_growth_curve
1,78315,49340,1,0.0,0.0,1.0,11.25,10.0,convex
2,78232,49272,1,0.0,0.0,1.0,11.25,10.0,convex
3,85429,52860,1,0.0,0.0,1.0,11.25,10.0,convex
4,77368,49342,1,0.0,0.0,1.0,11.25,10.0,convex
5,62815,42254,1,0.0,0.0,1.0,11.25,10.0,convex
6,98226,59422,1,0.0,0.0,1.0,11.25,10.0,convex
7,101693,61504,1,0.0,0.0,1.0,11.25,10.0,convex
8,66999,45209,1,0.0,0.0,1.0,11.25,10.0,convex
9,37216,31313,1,0.0,0.0,1.0,11.25,10.0,convex
10,123795,71869,1,0.0,0.0,1.0,11.25,10.0,convex
11,193707,72924,1,0.348986,0.348986,1.0,11.25,10.0,convex
12,184178,53262,1,0.549517,0.549517,1.0,11.25,10.0,convex
13,145948,38525,1,0.529628,0.558699,1.0,11.25,10.0,convex
14,178502,49104,1,0.46732,0.513912,1.0,11.25,10.0,convex
15,207844,56232,1,0.518757,0.547983,1.0,11.25,10.0,convex
16,168230,36868,1,0.588048,0.648109,1.0,11.25,10.0,convex
17,153796,30333,1,0.567511,0.744279,1.0,11.25,10.0,convex
18,196119,34394,1,0.594384,0.759274,1.0,11.25,10.0,convex
19,188243,28020,1,0.580247,0.802112,1.0,11.25,10.0,convex
20,203995,24642,1,0.606372,0.823246,1.0,11.25,10.0,convex
21,187806,20046,1,0.613036,0.858305,1.0,11.25,10.0,convex
22,199281,19403,1,0.626489,0.873592,1.0,11.25,10.0,convex
23,189397,15850,1,0.639522,0.896628,1.0,11.25,10.0,convex
24,188921,12478,1,0.655858,0.913406,1.0,11.25,10.0,convex
25,181191,10461,1,0.675349,0.925356,1.0,11.25,10.0,convex
26,172832,8126,1,0.694378,0.938315,1.0,11.25,10.0,convex
27,164412,6529,1,0.720329,0.947013,1.0,11.25,10.0,convex
28,153818,4946,1,0.746002,0.957838,1.0,11.25,10.0,convex
29,145531,3812,1,0.776162,0.966693,1.0,11.25,10.0,convex
30,136800,2639,1,0.809106,0.975359,1.0,11.25,10.0,convex
31,129274,1780,1,0.842803,0.98286,1.0,11.25,10.0,convex
32,122005,1163,1,0.877838,0.987967,1.0,11.25,10.0,convex
33,115983,725,1,0.90989,0.992398,1.0,11.25,10.0,convex
34,110996,407,1,0.938434,0.995673,1.0,11.25,10.0,convex
35,107607,219,1,0.959751,0.9977,1.0,11.25,10.0,convex
36,105025,95,1,0.976436,0.999068,1.0,11.25,10.0,convex
37,103659,44,1,0.987666,0.999577,1.0,11.25,10.0,convex
38,102908,17,1,0.993731,0.999835,1.0,11.25,10.0,convex
39,101769,4,1,0.996953,0.999961,1.0,11.25,10.0,convex
40,101686,0,1,0.998761,1.0,1.0,11.25,10.0,convex

