generation,size,female_size,fertile_female_size,rate_dr,rate_has_drive,drive_efficiency,drop_ratio,low_density_growth_rate,density_growth_curve
1,78208,49008,1,0.0,0.0,0.95,20.0,10.0,convex
2,77657,48825,1,0.0,0.0,0.95,20.0,10.0,convex
3,86258,53493,1,0.0,0.0,0.95,20.0,10.0,convex
4,77520,49567,1,0.0,0.0,0.95,20.0,10.0,convex
5,55730,38872,1,0.0,0.0,0.95,20.0,10.0,convex
6,102572,61578,1,0.0,0.0,0.95,20.0,10.0,convex
7,109938,65550,1,0.0,0.0,0.95,20.0,10.0,convex
8,73627,48560,1,0.0,0.0,0.95,20.0,10.0,convex
9,40437,33877,1,0.0,0.0,0.95,20.0,10.0,convex
10,109900,66277,1,0.0,0.0,0.95,20.0,10.0,convex
11,243310,71697,1,0.493971,0.493971,0.95,20.0,10.0,convex
12,260658,51312,1,0.690817,0.690817,0.95,20.0,10.0,convex
13,224506,36959,1,0.651723,0.687163,0.95,20.0,10.0,convex
14,263586,49486,1,0.613592,0.661802,0.95,20.0,10.0,convex
15,282249,51862,1,0.6692,0.69934,0.95,20.0,10.0,convex
16,243824,33948,1,0.678617,0.77506,0.95,20.0,10.0,convex
17,253942,31530,1,0.693566,0.827716,0.95,20.0,10.0,convex
18,264645,28556,1,0.69643,0.861006,0.95,20.0,10.0,convex
19,275370,23596,1,0.700257,0.882,0.95,20.0,10.0,convex
20,270503,17509,1,0.712949,0.907994,0.95,20.0,10.0,convex
21,270554,14322,1,0.728044,0.923368,0.95,20.0,10.0,convex
22,265387,12544,1,0.742387,0.935935,0.95,20.0,10.0,convex
23,258228,9534,1,0.760038,0.949634,0.95,20.0,10.0,convex
24,249965,7423,1,0.782857,0.959252,0.95,20.0,10.0,convex
25,240039,5678,1,0.806428,0.967512,0.95,20.0,10.0,convex
26,229974,4135,1,0.833446,0.974679,0.95,20.0,10.0,convex
27,220193,2910,1,0.862835,0.981307,0.95,20.0,10.0,convex
28,210397,2040,1,0.890556,0.986293,0.95,20.0,10.0,convex
29,203051,1461,1,0.915383,0.990141,0.95,20.0,10.0,convex
30,196362,982,1,0.936403,0.993417,0.95,20.0,10.0,convex
31,191889,637,1,0.954235,0.9955,0.95,20.0,10.0,convex
32,188670,397,1,0.968035,0.997281,0.95,20.0,10.0,convex
33,185803,225,1,0.97927,0.998473,0.95,20.0,10.0,convex
34,183233,124,1,0.986856,0.999236,0.95,20.0,10.0,convex
35,182435,58,1,0.991871,0.999634,0.95,20.0,10.0,convex
36,181376,30,1,0.995665,0.999818,0.95,20.0,10.0,convex
37,181029,13,1,0.997682,0.999923,0.95,20.0,10.0,convex
38,180886,3,1,0.99892,0.999983,0.95,20.0,10.0,convex
39,180543,1,1,0.999491,0.999994,0.95,20.0,10.0,convex
40,180425,1,1,0.999748,0.999994,0.95,20.0,10.0,convex
41,180582,0,1,0.999875,1.0,0.95,20.0,10.0,convex

