generation,size,female_size,fertile_female_size,rate_dr,rate_has_drive,drive_efficiency,drop_ratio,low_density_growth_rate,density_growth_curve
1,78050,48995,1,0.0,0.0,0.85,15.0,10.0,linear
2,77966,49200,1,0.0,0.0,0.85,15.0,10.0,linear
3,81616,51204,1,0.0,0.0,0.85,15.0,10.0,linear
4,81423,51259,1,0.0,0.0,0.85,15.0,10.0,linear
5,74046,47851,1,0.0,0.0,0.85,15.0,10.0,linear
6,74979,48220,1,0.0,0.0,0.85,15.0,10.0,linear
7,82891,51947,1,0.0,0.0,0.85,15.0,10.0,linear
8,84049,52394,1,0.0,0.0,0.85,15.0,10.0,linear
9,71281,46492,1,0.0,0.0,0.85,15.0,10.0,linear
10,73148,47777,1,0.0,0.0,0.85,15.0,10.0,linear
11,178124,54416,1,0.444616,0.444616,0.85,15.0,10.0,linear
12,218990,52034,1,0.592809,0.601123,0.85,15.0,10.0,linear
13,198781,41592,1,0.61811,0.657866,0.85,15.0,10.0,linear
14,200291,38196,1,0.618752,0.69703,0.85,15.0,10.0,linear
15,212136,37156,1,0.627573,0.732683,0.85,15.0,10.0,linear
16,214117,32049,1,0.643698,0.777176,0.85,15.0,10.0,linear
17,211467,26165,1,0.663903,0.826631,0.85,15.0,10.0,linear
18,211362,21753,1,0.681322,0.860736,0.85,15.0,10.0,linear
19,210025,18186,1,0.694093,0.883507,0.85,15.0,10.0,linear
20,207660,14557,1,0.711208,0.903777,0.85,15.0,10.0,linear
21,202243,11386,1,0.728936,0.918951,0.85,15.0,10.0,linear
22,196566,9263,1,0.747177,0.931591,0.85,15.0,10.0,linear
23,190417,7538,1,0.768454,0.942223,0.85,15.0,10.0,linear
24,183165,6090,1,0.790829,0.952235,0.85,15.0,10.0,linear
25,176265,4699,1,0.813985,0.962207,0.85,15.0,10.0,linear
26,168912,3513,1,0.837683,0.970667,0.85,15.0,10.0,linear
27,163151,2585,1,0.862727,0.977332,0.85,15.0,10.0,linear
28,157827,1873,1,0.886845,0.98314,0.85,15.0,10.0,linear
29,152876,1304,1,0.91004,0.988217,0.85,15.0,10.0,linear
30,148290,862,1,0.930831,0.991805,0.85,15.0,10.0,linear
31,144945,572,1,0.949798,0.9945,0.85,15.0,10.0,linear
32,141889,341,1,0.964934,0.996556,0.85,15.0,10.0,linear
33,139944,213,1,0.976927,0.997933,0.85,15.0,10.0,linear
34,137804,120,1,0.985352,0.998769,0.85,15.0,10.0,linear
35,137002,65,1,0.990913,0.999368,0.85,15.0,10.0,linear
36,136689,44,1,0.994377,0.999628,0.85,15.0,10.0,linear
37,135738,25,1,0.996588,0.999794,0.85,15.0,10.0,linear
38,135491,15,1,0.997892,0.999889,0.85,15.0,10.0,linear
39,135408,7,1,0.998815,0.999948,0.85,15.0,10.0,linear
40,136017,3,1,0.999309,0.999978,0.85,15.0,10.0,linear
41,135536,1,1,0.999605,0.999993,0.85,15.0,10.0,linear
42,135701,0,1,0.999816,1.0,0.85,15.0,10.0,linear

