generation,size,female_size,fertile_female_size,rate_dr,rate_has_drive,drive_efficiency,drop_ratio,low_density_growth_rate,density_growth_curve
1,78554,49643,1,0.0,0.0,0.9,17.5,10.0,convex
2,78654,49566,1,0.0,0.0,0.9,17.5,10.0,convex
3,80577,50690,1,0.0,0.0,0.9,17.5,10.0,convex
4,80412,50889,1,0.0,0.0,0.9,17.5,10.0,convex
5,74213,48087,1,0.0,0.0,0.9,17.5,10.0,convex
6,75257,48432,1,0.0,0.0,0.9,17.5,10.0,convex
7,90427,55635,1,0.0,0.0,0.9,17.5,10.0,convex
8,76132,48640,1,0.0,0.0,0.9,17.5,10.0,convex
9,47326,34441,1,0.0,0.0,0.9,17.5,10.0,convex
10,111782,66038,1,0.0,0.0,0.9,17.5,10.0,convex
11,226776,71543,1,0.463634,0.463634,0.9,17.5,10.0,convex
12,240370,53420,1,0.658264,0.658264,0.9,17.5,10.0,convex
13,202580,37671,1,0.654527,0.682742,0.9,17.5,10.0,convex
14,226050,43206,1,0.58028,0.634908,0.9,17.5,10.0,convex
15,265898,53910,1,0.622506,0.660057,0.9,17.5,10.0,convex
16,230180,36793,1,0.659242,0.742188,0.9,17.5,10.0,convex
17,225990,31318,1,0.660895,0.810288,0.9,17.5,10.0,convex
18,245641,29752,1,0.680774,0.842141,0.9,17.5,10.0,convex
19,247781,24568,1,0.670162,0.865496,0.9,17.5,10.0,convex
20,253836,19694,1,0.687479,0.886797,0.9,17.5,10.0,convex
21,246372,15579,1,0.699095,0.90756,0.9,17.5,10.0,convex
22,247572,14370,1,0.712165,0.919362,0.9,17.5,10.0,convex
23,238411,11726,1,0.72698,0.93309,0.9,17.5,10.0,convex
24,233460,9450,1,0.746156,0.944608,0.9,17.5,10.0,convex
25,225215,7556,1,0.766436,0.953285,0.9,17.5,10.0,convex
26,216675,5816,1,0.789139,0.961371,0.9,17.5,10.0,convex
27,207648,4493,1,0.816054,0.968863,0.9,17.5,10.0,convex
28,197517,3402,1,0.84228,0.975202,0.9,17.5,10.0,convex
29,189653,2568,1,0.868852,0.98116,0.9,17.5,10.0,convex
30,182466,1807,1,0.894031,0.986539,0.9,17.5,10.0,convex
31,177046,1230,1,0.916658,0.990343,0.9,17.5,10.0,convex
32,171983,808,1,0.936974,0.993461,0.9,17.5,10.0,convex
33,167931,501,1,0.955416,0.995582,0.9,17.5,10.0,convex
34,164829,330,1,0.970139,0.99725,0.9,17.5,10.0,convex
35,162604,211,1,0.979903,0.998261,0.9,17.5,10.0,convex
36,160844,128,1,0.986794,0.999019,0.9,17.5,10.0,convex
37,159274,89,1,0.991704,0.999381,0.9,17.5,10.0,convex
38,158874,37,1,0.994654,0.99973,0.9,17.5,10.0,convex
39,158804,16,1,0.996831,0.999874,0.9,17.5,10.0,convex
40,158851,3,1,0.998367,0.999975,0.9,17.5,10.0,convex
41,158513,1,1,0.999212,0.999987,0.9,17.5,10.0,convex
42,158689,0,1,0.999735,1.0,0.9,17.5,10.0,convex

