generation,size,female_size,fertile_female_size,rate_dr,rate_has_drive,drive_efficiency,drop_ratio,low_density_growth_rate,density_growth_curve
1,78059,49273,1,0.0,0.0,0.9,12.75,10.0,linear
2,78874,49553,1,0.0,0.0,0.9,12.75,10.0,linear
3,79801,50331,1,0.0,0.0,0.9,12.75,10.0,linear
4,82613,51991,1,0.0,0.0,0.9,12.75,10.0,linear
5,77035,49306,1,0.0,0.0,0.9,12.75,10.0,linear
6,75193,48325,1,0.0,0.0,0.9,12.75,10.0,linear
7,79944,50676,1,0.0,0.0,0.9,12.75,10.0,linear
8,83745,52398,1,0.0,0.0,0.9,12.75,10.0,linear
9,76649,48917,1,0.0,0.0,0.9,12.75,10.0,linear
10,73298,47500,1,0.0,0.0,0.9,12.75,10.0,linear
11,159574,52329,1,0.40131,0.40131,0.9,12.75,10.0,linear
12,200718,53275,1,0.543195,0.552666,0.9,12.75,10.0,linear
13,183040,43617,1,0.583721,0.618241,0.9,12.75,10.0,linear
14,176783,37583,1,0.586641,0.668179,0.9,12.75,10.0,linear
15,189506,36814,1,0.596538,0.707841,0.9,12.75,10.0,linear
16,193350,32366,1,0.611113,0.755479,0.9,12.75,10.0,linear
17,193001,26790,1,0.632104,0.804489,0.9,12.75,10.0,linear
18,191302,22145,1,0.651026,0.842949,0.9,12.75,10.0,linear
19,191683,19066,1,0.66527,0.867421,0.9,12.75,10.0,linear
20,188669,15636,1,0.680522,0.889101,0.9,12.75,10.0,linear
21,184355,12309,1,0.699142,0.907331,0.9,12.75,10.0,linear
22,178533,10103,1,0.718411,0.921778,0.9,12.75,10.0,linear
23,171557,8106,1,0.738297,0.93413,0.9,12.75,10.0,linear
24,165132,6430,1,0.763067,0.945929,0.9,12.75,10.0,linear
25,157313,4936,1,0.784954,0.955661,0.9,12.75,10.0,linear
26,151546,3782,1,0.811743,0.964638,0.9,12.75,10.0,linear
27,144901,2848,1,0.838447,0.971806,0.9,12.75,10.0,linear
28,139118,2153,1,0.863638,0.978548,0.9,12.75,10.0,linear
29,133732,1536,1,0.887547,0.983782,0.9,12.75,10.0,linear
30,130000,1108,1,0.912007,0.988006,0.9,12.75,10.0,linear
31,125629,766,1,0.932762,0.991223,0.9,12.75,10.0,linear
32,122863,539,1,0.948548,0.993643,0.9,12.75,10.0,linear
33,120921,368,1,0.962979,0.995764,0.9,12.75,10.0,linear
34,119219,234,1,0.973276,0.997444,0.9,12.75,10.0,linear
35,117884,138,1,0.981206,0.998525,0.9,12.75,10.0,linear
36,117041,80,1,0.987912,0.999194,0.9,12.75,10.0,linear
37,116697,50,1,0.992258,0.999496,0.9,12.75,10.0,linear
38,115780,35,1,0.994901,0.999656,0.9,12.75,10.0,linear
39,115288,16,1,0.996982,0.999853,0.9,12.75,10.0,linear
40,115504,5,1,0.99827,0.999957,0.9,12.75,10.0,linear
41,115156,3,1,0.999149,0.999974,0.9,12.75,10.0,linear
42,114751,1,1,0.999604,0.999991,0.9,12.75,10.0,linear
43,114798,0,1,0.999878,1.0,0.9,12.75,10.0,linear

