generation,size,female_size,fertile_female_size,rate_dr,rate_has_drive,drive_efficiency,drop_ratio,low_density_growth_rate,density_growth_curve
1,78401,49298,1,0.0,0.0,0.85,13.5,10.0,linear
2,78420,49174,1,0.0,0.0,0.85,13.5,10.0,linear
3,79596,50093,1,0.0,0.0,0.85,13.5,10.0,linear
4,81310,51153,1,0.0,0.0,0.85,13.5,10.0,linear
5,76595,49099,1,0.0,0.0,0.85,13.5,10.0,linear
6,75331,48513,1,0.0,0.0,0.85,13.5,10.0,linear
7,81924,51782,1,0.0,0.0,0.85,13.5,10.0,linear
8,82385,51943,1,0.0,0.0,0.85,13.5,10.0,linear
9,75317,48691,1,0.0,0.0,0.85,13.5,10.0,linear
10,72562,47408,1,0.0,0.0,0.85,13.5,10.0,linear
11,163801,52089,1,0.417205,0.417205,0.85,13.5,10.0,linear
12,205867,52649,1,0.554097,0.565275,0.85,13.5,10.0,linear
13,191252,44123,1,0.590319,0.627564,0.85,13.5,10.0,linear
14,186434,38718,1,0.598809,0.678414,0.85,13.5,10.0,linear
15,195735,36591,1,0.611192,0.721159,0.85,13.5,10.0,linear
16,198945,31980,1,0.625809,0.766703,0.85,13.5,10.0,linear
17,198803,26465,1,0.645057,0.814559,0.85,13.5,10.0,linear
18,197755,21639,1,0.663902,0.851289,0.85,13.5,10.0,linear
19,197506,18272,1,0.677528,0.874799,0.85,13.5,10.0,linear
20,194015,14958,1,0.691564,0.894421,0.85,13.5,10.0,linear
21,189248,11981,1,0.708956,0.910662,0.85,13.5,10.0,linear
22,184250,9875,1,0.729359,0.925258,0.85,13.5,10.0,linear
23,177726,7995,1,0.749278,0.93668,0.85,13.5,10.0,linear
24,170817,6528,1,0.769846,0.946185,0.85,13.5,10.0,linear
25,164168,5116,1,0.791437,0.955584,0.85,13.5,10.0,linear
26,158375,3958,1,0.815064,0.963188,0.85,13.5,10.0,linear
27,152242,3085,1,0.839983,0.970336,0.85,13.5,10.0,linear
28,146598,2324,1,0.864409,0.976084,0.85,13.5,10.0,linear
29,141694,1745,1,0.886429,0.981691,0.85,13.5,10.0,linear
30,137478,1330,1,0.906653,0.985657,0.85,13.5,10.0,linear
31,133861,973,1,0.925155,0.989658,0.85,13.5,10.0,linear
32,131493,682,1,0.941085,0.992899,0.85,13.5,10.0,linear
33,129726,433,1,0.955769,0.995389,0.85,13.5,10.0,linear
34,127323,277,1,0.96761,0.997163,0.85,13.5,10.0,linear
35,125825,168,1,0.978165,0.998225,0.85,13.5,10.0,linear
36,124413,101,1,0.986656,0.998994,0.85,13.5,10.0,linear
37,122954,55,1,0.991616,0.999433,0.85,13.5,10.0,linear
38,122605,36,1,0.994655,0.999691,0.85,13.5,10.0,linear
39,122508,20,1,0.996543,0.999821,0.85,13.5,10.0,linear
40,122193,11,1,0.997956,0.99991,0.85,13.5,10.0,linear
41,122167,8,1,0.998781,0.999935,0.85,13.5,10.0,linear
42,121668,3,1,0.999359,0.999975,0.85,13.5,10.0,linear
43,121504,0,1,0.999687,1.0,0.85,13.5,10.0,linear

