generation,size,female_size,fertile_female_size,rate_dr,rate_has_drive,drive_efficiency,drop_ratio,low_density_growth_rate,density_growth_curve
1,77899,48953,1,0.0,0.0,0.95,10.5,10.0,linear
2,78356,49107,1,0.0,0.0,0.95,10.5,10.0,linear
3,82394,51413,1,0.0,0.0,0.95,10.5,10.0,linear
4,81040,51180,1,0.0,0.0,0.95,10.5,10.0,linear
5,74272,48021,1,0.0,0.0,0.95,10.5,10.0,linear
6,76316,48987,1,0.0,0.0,0.95,10.5,10.0,linear
7,84919,52726,1,0.0,0.0,0.95,10.5,10.0,linear
8,80127,50325,1,0.0,0.0,0.95,10.5,10.0,linear
9,71939,46780,1,0.0,0.0,0.95,10.5,10.0,linear
10,79656,50890,1,0.0,0.0,0.95,10.5,10.0,linear
11,151637,54941,1,0.370393,0.370393,0.95,10.5,10.0,linear
12,171340,49232,1,0.516122,0.525947,0.95,10.5,10.0,linear
13,155061,40433,1,0.521944,0.567754,0.95,10.5,10.0,linear
14,165970,41406,1,0.521508,0.600955,0.95,10.5,10.0,linear
15,176160,40199,1,0.539739,0.645508,0.95,10.5,10.0,linear
16,173660,34709,1,0.563914,0.703035,0.95,10.5,10.0,linear
17,170935,29840,1,0.587138,0.758367,0.95,10.5,10.0,linear
18,171924,25989,1,0.604917,0.797458,0.95,10.5,10.0,linear
19,172496,22245,1,0.617689,0.826538,0.95,10.5,10.0,linear
20,170790,18468,1,0.633149,0.851654,0.95,10.5,10.0,linear
21,168119,15647,1,0.648398,0.871707,0.95,10.5,10.0,linear
22,164044,13191,1,0.664969,0.890652,0.95,10.5,10.0,linear
23,158943,10924,1,0.683642,0.907889,0.95,10.5,10.0,linear
24,153189,8869,1,0.703586,0.921688,0.95,10.5,10.0,linear
25,147054,7123,1,0.725951,0.934962,0.95,10.5,10.0,linear
26,140682,5478,1,0.750279,0.947129,0.95,10.5,10.0,linear
27,133491,4126,1,0.777698,0.958513,0.95,10.5,10.0,linear
28,126614,3028,1,0.806217,0.967573,0.95,10.5,10.0,linear
29,120494,2237,1,0.836379,0.975278,0.95,10.5,10.0,linear
30,114800,1490,1,0.866337,0.982258,0.95,10.5,10.0,linear
31,110015,1013,1,0.895993,0.987075,0.95,10.5,10.0,linear
32,105995,664,1,0.92062,0.99101,0.95,10.5,10.0,linear
33,102836,445,1,0.943225,0.994058,0.95,10.5,10.0,linear
34,99541,266,1,0.959568,0.996456,0.95,10.5,10.0,linear
35,98230,148,1,0.974665,0.99799,0.95,10.5,10.0,linear
36,96644,87,1,0.984088,0.998913,0.95,10.5,10.0,linear
37,95786,48,1,0.989885,0.999387,0.95,10.5,10.0,linear
38,95636,19,1,0.994239,0.999729,0.95,10.5,10.0,linear
39,95035,8,1,0.996963,0.999905,0.95,10.5,10.0,linear
40,94769,5,1,0.998665,0.999947,0.95,10.5,10.0,linear
41,94890,4,1,0.999152,0.999958,0.95,10.5,10.0,linear
42,95047,0,1,0.999674,1.0,0.95,10.5,10.0,linear

