generation,size,female_size,fertile_female_size,rate_dr,rate_has_drive,drive_efficiency,drop_ratio,low_density_growth_rate,density_growth_curve
1,78708,49438,1,0.0,0.0,0.9,13.5,10.0,linear
2,78203,49207,1,0.0,0.0,0.9,13.5,10.0,linear
3,77886,49507,1,0.0,0.0,0.9,13.5,10.0,linear
4,80682,50939,1,0.0,0.0,0.9,13.5,10.0,linear
5,80328,50720,1,0.0,0.0,0.9,13.5,10.0,linear
6,75865,48759,1,0.0,0.0,0.9,13.5,10.0,linear
7,78021,49774,1,0.0,0.0,0.9,13.5,10.0,linear
8,81239,51288,1,0.0,0.0,0.9,13.5,10.0,linear
9,79381,50341,1,0.0,0.0,0.9,13.5,10.0,linear
10,74601,48210,1,0.0,0.0,0.9,13.5,10.0,linear
11,160813,50807,1,0.419605,0.419605,0.9,13.5,10.0,linear
12,205861,52810,1,0.548456,0.560821,0.9,13.5,10.0,linear
13,194204,45646,1,0.590921,0.623204,0.9,13.5,10.0,linear
14,184122,38034,1,0.602597,0.680121,0.9,13.5,10.0,linear
15,192213,35515,1,0.613674,0.725825,0.9,13.5,10.0,linear
16,197438,31330,1,0.626221,0.770295,0.9,13.5,10.0,linear
17,199380,26134,1,0.644998,0.815113,0.9,13.5,10.0,linear
18,197645,21368,1,0.662357,0.851353,0.9,13.5,10.0,linear
19,197400,18179,1,0.676432,0.874949,0.9,13.5,10.0,linear
20,194863,14965,1,0.692728,0.894963,0.9,13.5,10.0,linear
21,189795,11891,1,0.709989,0.911145,0.9,13.5,10.0,linear
22,183909,9786,1,0.729212,0.924639,0.9,13.5,10.0,linear
23,177385,7951,1,0.750131,0.937685,0.9,13.5,10.0,linear
24,171236,6207,1,0.772224,0.948394,0.9,13.5,10.0,linear
25,163916,4862,1,0.795435,0.957221,0.9,13.5,10.0,linear
26,157385,3784,1,0.821183,0.966336,0.9,13.5,10.0,linear
27,151105,2726,1,0.845796,0.974719,0.9,13.5,10.0,linear
28,145357,1965,1,0.872792,0.981069,0.9,13.5,10.0,linear
29,140295,1389,1,0.897254,0.98588,0.9,13.5,10.0,linear
30,136030,1010,1,0.920188,0.989258,0.9,13.5,10.0,linear
31,131848,702,1,0.938905,0.99233,0.9,13.5,10.0,linear
32,129446,448,1,0.955518,0.995038,0.9,13.5,10.0,linear
33,126986,289,1,0.968642,0.996778,0.9,13.5,10.0,linear
34,125234,173,1,0.977872,0.998133,0.9,13.5,10.0,linear
35,124161,80,1,0.986032,0.999201,0.9,13.5,10.0,linear
36,123114,40,1,0.991815,0.999604,0.9,13.5,10.0,linear
37,122691,16,1,0.995699,0.999821,0.9,13.5,10.0,linear
38,122130,7,1,0.997852,0.999836,0.9,13.5,10.0,linear
39,122080,9,1,0.999013,0.999894,0.9,13.5,10.0,linear
40,122194,6,1,0.999436,0.999926,0.9,13.5,10.0,linear
41,121985,6,1,0.999566,0.999934,0.9,13.5,10.0,linear
42,121922,3,1,0.99959,0.999975,0.9,13.5,10.0,linear
43,122030,0,1,0.999705,1.0,0.9,13.5,10.0,linear

