generation,size,female_size,fertile_female_size,rate_dr,rate_has_drive,drive_efficiency,drop_ratio,low_density_growth_rate,density_growth_curve
1,78190,49010,1,0.0,0.0,1.0,25.0,10.0,convex
2,78262,49084,1,0.0,0.0,1.0,25.0,10.0,convex
3,89936,55332,1,0.0,0.0,1.0,25.0,10.0,convex
4,73441,47704,1,0.0,0.0,1.0,25.0,10.0,convex
5,47921,34918,1,0.0,0.0,1.0,25.0,10.0,convex
6,116670,68096,1,0.0,0.0,1.0,25.0,10.0,convex
7,119649,70276,1,0.0,0.0,1.0,25.0,10.0,convex
8,80225,52446,1,0.0,0.0,1.0,25.0,10.0,convex
9,43301,36988,1,0.0,0.0,1.0,25.0,10.0,convex
10,83208,53927,1,0.0,0.0,1.0,25.0,10.0,convex
11,274558,71242,1,0.5485,0.5485,1.0,25.0,10.0,convex
12,307669,50271,1,0.733148,0.733148,1.0,25.0,10.0,convex
13,273214,36598,1,0.69399,0.74341,1.0,25.0,10.0,convex
14,311814,47458,1,0.689443,0.745276,1.0,25.0,10.0,convex
15,318843,44949,1,0.722314,0.776135,1.0,25.0,10.0,convex
16,294278,31872,1,0.714318,0.826202,1.0,25.0,10.0,convex
17,307877,28280,1,0.740802,0.868596,1.0,25.0,10.0,convex
18,309935,24463,1,0.734872,0.898837,1.0,25.0,10.0,convex
19,321505,19780,1,0.746206,0.917502,1.0,25.0,10.0,convex
20,313456,13814,1,0.75996,0.939569,1.0,25.0,10.0,convex
21,311543,10707,1,0.779058,0.951547,1.0,25.0,10.0,convex
22,301047,8467,1,0.80056,0.961409,1.0,25.0,10.0,convex
23,290009,5957,1,0.82417,0.971918,1.0,25.0,10.0,convex
24,278466,4308,1,0.852948,0.979101,1.0,25.0,10.0,convex
25,268129,3005,1,0.880211,0.985601,1.0,25.0,10.0,convex
26,257785,1943,1,0.90671,0.990461,1.0,25.0,10.0,convex
27,248177,1186,1,0.932341,0.994169,1.0,25.0,10.0,convex
28,241448,640,1,0.952324,0.996821,1.0,25.0,10.0,convex
29,236473,321,1,0.969703,0.998405,1.0,25.0,10.0,convex
30,232323,158,1,0.982434,0.999222,1.0,25.0,10.0,convex
31,228525,73,1,0.990274,0.999651,1.0,25.0,10.0,convex
32,227009,31,1,0.995291,0.999864,1.0,25.0,10.0,convex
33,227099,10,1,0.997883,0.999956,1.0,25.0,10.0,convex
34,226556,3,1,0.999087,0.999987,1.0,25.0,10.0,convex
35,225615,0,1,0.999674,1.0,1.0,25.0,10.0,convex

