generation,size,female_size,fertile_female_size,rate_dr,rate_has_drive,drive_efficiency,drop_ratio,low_density_growth_rate,density_growth_curve
1,78737,49597,1,0.0,0.0,1.0,17.5,10.0,convex
2,78009,49271,1,0.0,0.0,1.0,17.5,10.0,convex
3,82157,51437,1,0.0,0.0,1.0,17.5,10.0,convex
4,82070,51702,1,0.0,0.0,1.0,17.5,10.0,convex
5,70293,45997,1,0.0,0.0,1.0,17.5,10.0,convex
6,76705,49061,1,0.0,0.0,1.0,17.5,10.0,convex
7,101236,61051,1,0.0,0.0,1.0,17.5,10.0,convex
8,67957,45087,1,0.0,0.0,1.0,17.5,10.0,convex
9,39981,31415,1,0.0,0.0,1.0,17.5,10.0,convex
10,126215,73235,1,0.0,0.0,1.0,17.5,10.0,convex
11,232037,73649,1,0.452811,0.452811,1.0,17.5,10.0,convex
12,242137,54487,1,0.652416,0.652416,1.0,17.5,10.0,convex
13,202206,38365,1,0.6635,0.684658,1.0,17.5,10.0,convex
14,223088,43370,1,0.571545,0.618634,1.0,17.5,10.0,convex
15,268203,56609,1,0.618006,0.646119,1.0,17.5,10.0,convex
16,229041,37376,1,0.677605,0.73256,1.0,17.5,10.0,convex
17,213816,30256,1,0.656363,0.81219,1.0,17.5,10.0,convex
18,247285,30388,1,0.689916,0.83935,1.0,17.5,10.0,convex
19,242697,24222,1,0.667397,0.86781,1.0,17.5,10.0,convex
20,257802,19795,1,0.689723,0.886621,1.0,17.5,10.0,convex
21,244427,14992,1,0.700358,0.911153,1.0,17.5,10.0,convex
22,247944,14055,1,0.715332,0.923568,1.0,17.5,10.0,convex
23,237312,10975,1,0.73326,0.940706,1.0,17.5,10.0,convex
24,232000,8238,1,0.754694,0.953588,1.0,17.5,10.0,convex
25,221680,6306,1,0.779815,0.962836,1.0,17.5,10.0,convex
26,211890,4519,1,0.80819,0.971398,1.0,17.5,10.0,convex
27,199745,3199,1,0.839825,0.978617,1.0,17.5,10.0,convex
28,189901,2141,1,0.870873,0.985029,1.0,17.5,10.0,convex
29,181570,1401,1,0.900624,0.990226,1.0,17.5,10.0,convex
30,174533,846,1,0.928026,0.994178,1.0,17.5,10.0,convex
31,169490,451,1,0.951078,0.996926,1.0,17.5,10.0,convex
32,165086,197,1,0.969605,0.998592,1.0,17.5,10.0,convex
33,162286,92,1,0.982731,0.999346,1.0,17.5,10.0,convex
34,160131,45,1,0.990745,0.999652,1.0,17.5,10.0,convex
35,159326,22,1,0.99537,0.999856,1.0,17.5,10.0,convex
36,158095,5,1,0.997945,0.999968,1.0,17.5,10.0,convex
37,158154,3,1,0.999159,0.999981,1.0,17.5,10.0,convex
38,158343,0,1,0.999646,1.0,1.0,17.5,10.0,convex

