generation,size,female_size,fertile_female_size,rate_dr,rate_has_drive,drive_efficiency,drop_ratio,low_density_growth_rate,density_growth_curve
1,79043,49668,1,0.0,0.0,1.0,15.0,10.0,convex
2,78444,49395,1,0.0,0.0,1.0,15.0,10.0,convex
3,81868,51396,1,0.0,0.0,1.0,15.0,10.0,convex
4,78059,49911,1,0.0,0.0,1.0,15.0,10.0,convex
5,72033,46970,1,0.0,0.0,1.0,15.0,10.0,convex
6,86181,54037,1,0.0,0.0,1.0,15.0,10.0,convex
7,89288,55465,1,0.0,0.0,1.0,15.0,10.0,convex
8,57810,40120,1,0.0,0.0,1.0,15.0,10.0,convex
9,66682,44328,1,0.0,0.0,1.0,15.0,10.0,convex
10,125203,72384,1,0.0,0.0,1.0,15.0,10.0,convex
11,178450,54779,1,0.506848,0.506848,1.0,15.0,10.0,convex
12,188239,38699,1,0.597899,0.601123,1.0,15.0,10.0,convex
13,200559,45431,1,0.493131,0.505991,1.0,15.0,10.0,convex
14,258250,69530,1,0.529417,0.536631,1.0,15.0,10.0,convex
15,219367,50668,1,0.620991,0.626439,1.0,15.0,10.0,convex
16,183385,34465,1,0.624052,0.727338,1.0,15.0,10.0,convex
17,210728,36977,1,0.641051,0.7708,1.0,15.0,10.0,convex
18,219535,31454,1,0.633929,0.803183,1.0,15.0,10.0,convex
19,226912,24909,1,0.645407,0.83587,1.0,15.0,10.0,convex
20,223291,19650,1,0.659865,0.87156,1.0,15.0,10.0,convex
21,229385,19152,1,0.669955,0.889248,1.0,15.0,10.0,convex
22,224353,15860,1,0.681177,0.909892,1.0,15.0,10.0,convex
23,220931,12171,1,0.69852,0.926995,1.0,15.0,10.0,convex
24,214588,9909,1,0.718618,0.938509,1.0,15.0,10.0,convex
25,205413,7766,1,0.740165,0.949794,1.0,15.0,10.0,convex
26,195087,5819,1,0.766982,0.960266,1.0,15.0,10.0,convex
27,184747,4181,1,0.797232,0.970636,1.0,15.0,10.0,convex
28,175494,3016,1,0.829493,0.977888,1.0,15.0,10.0,convex
29,165883,2043,1,0.861891,0.984078,1.0,15.0,10.0,convex
30,158049,1319,1,0.893419,0.989261,1.0,15.0,10.0,convex
31,151451,798,1,0.920836,0.99314,1.0,15.0,10.0,convex
32,146256,487,1,0.94566,0.995751,1.0,15.0,10.0,convex
33,142631,289,1,0.964201,0.997589,1.0,15.0,10.0,convex
34,140072,164,1,0.977781,0.998659,1.0,15.0,10.0,convex
35,138265,80,1,0.986708,0.999339,1.0,15.0,10.0,convex
36,137266,38,1,0.99293,0.999724,1.0,15.0,10.0,convex
37,136157,13,1,0.996447,0.999905,1.0,15.0,10.0,convex
38,135368,0,1,0.998394,1.0,1.0,15.0,10.0,convex

