generation,size,female_size,fertile_female_size,rate_dr,rate_has_drive,drive_efficiency,drop_ratio,low_density_growth_rate,density_growth_curve
1,78240,49340,1,0.0,0.0,1.0,12.0,10.0,linear
2,78156,49301,1,0.0,0.0,1.0,12.0,10.0,linear
3,80831,50773,1,0.0,0.0,1.0,12.0,10.0,linear
4,79843,50437,1,0.0,0.0,1.0,12.0,10.0,linear
5,76345,48927,1,0.0,0.0,1.0,12.0,10.0,linear
6,79506,50674,1,0.0,0.0,1.0,12.0,10.0,linear
7,80645,51200,1,0.0,0.0,1.0,12.0,10.0,linear
8,78134,49889,1,0.0,0.0,1.0,12.0,10.0,linear
9,74553,48231,1,0.0,0.0,1.0,12.0,10.0,linear
10,79750,50557,1,0.0,0.0,1.0,12.0,10.0,linear
11,155027,52000,1,0.403288,0.403288,1.0,12.0,10.0,linear
12,185169,49061,1,0.524727,0.539873,1.0,12.0,10.0,linear
13,180541,45088,1,0.545572,0.58668,1.0,12.0,10.0,linear
14,180857,41821,1,0.560779,0.634844,1.0,12.0,10.0,linear
15,183886,38336,1,0.579008,0.685917,1.0,12.0,10.0,linear
16,183781,33325,1,0.598789,0.738516,1.0,12.0,10.0,linear
17,184384,28304,1,0.619464,0.789749,1.0,12.0,10.0,linear
18,184809,23632,1,0.637,0.828146,1.0,12.0,10.0,linear
19,184430,19573,1,0.652566,0.857427,1.0,12.0,10.0,linear
20,182364,16115,1,0.667873,0.880086,1.0,12.0,10.0,linear
21,178619,13121,1,0.685591,0.900043,1.0,12.0,10.0,linear
22,172910,10523,1,0.706403,0.918232,1.0,12.0,10.0,linear
23,166186,8268,1,0.728725,0.934787,1.0,12.0,10.0,linear
24,159456,6347,1,0.754064,0.94868,1.0,12.0,10.0,linear
25,151941,4665,1,0.779938,0.959541,1.0,12.0,10.0,linear
26,144600,3416,1,0.808859,0.968589,1.0,12.0,10.0,linear
27,136815,2369,1,0.840919,0.97692,1.0,12.0,10.0,linear
28,130287,1572,1,0.872326,0.984349,1.0,12.0,10.0,linear
29,124431,1021,1,0.901259,0.989884,1.0,12.0,10.0,linear
30,119567,595,1,0.927548,0.994121,1.0,12.0,10.0,linear
31,115922,343,1,0.95135,0.996597,1.0,12.0,10.0,linear
32,113304,151,1,0.969192,0.998446,1.0,12.0,10.0,linear
33,111341,74,1,0.982839,0.999224,1.0,12.0,10.0,linear
34,109763,35,1,0.990883,0.999628,1.0,12.0,10.0,linear
35,108992,15,1,0.995111,0.999844,1.0,12.0,10.0,linear
36,109126,11,1,0.997701,0.999899,1.0,12.0,10.0,linear
37,108651,5,1,0.998823,0.999954,1.0,12.0,10.0,linear
38,108362,1,1,0.999363,0.999991,1.0,12.0,10.0,linear
39,108312,0,1,0.999714,1.0,1.0,12.0,10.0,linear

