generation,size,female_size,fertile_female_size,rate_dr,rate_has_drive,drive_efficiency,drop_ratio,low_density_growth_rate,density_growth_curve
1,78103,49159,1,0.0,0.0,1.0,2.5,10.0,concave
2,78157,49120,1,0.0,0.0,1.0,2.5,10.0,concave
3,78402,49629,1,0.0,0.0,1.0,2.5,10.0,concave
4,78503,49926,1,0.0,0.0,1.0,2.5,10.0,concave
5,78632,49979,1,0.0,0.0,1.0,2.5,10.0,concave
6,78611,49907,1,0.0,0.0,1.0,2.5,10.0,concave
7,78643,49939,1,0.0,0.0,1.0,2.5,10.0,concave
8,78173,49782,1,0.0,0.0,1.0,2.5,10.0,concave
9,78449,49995,1,0.0,0.0,1.0,2.5,10.0,concave
10,78579,50013,1,0.0,0.0,1.0,2.5,10.0,concave
11,93633,50045,1,0.123578,0.123578,1.0,2.5,10.0,concave
12,100985,49800,1,0.18607,0.198135,1.0,2.5,10.0,concave
13,99354,48161,1,0.207677,0.238924,1.0,2.5,10.0,concave
14,95971,45043,1,0.233224,0.286008,1.0,2.5,10.0,concave
15,92496,41548,1,0.263208,0.338947,1.0,2.5,10.0,concave
16,88258,37570,1,0.292444,0.390477,1.0,2.5,10.0,concave
17,83769,33166,1,0.323419,0.442018,1.0,2.5,10.0,concave
18,78716,28644,1,0.354329,0.49293,1.0,2.5,10.0,concave
19,73951,24609,1,0.384029,0.539777,1.0,2.5,10.0,concave
20,69598,21002,1,0.413378,0.585008,1.0,2.5,10.0,concave
21,65382,17911,1,0.439866,0.627369,1.0,2.5,10.0,concave
22,61912,15230,1,0.468814,0.6682,1.0,2.5,10.0,concave
23,58403,12866,1,0.495523,0.706843,1.0,2.5,10.0,concave
24,55253,10759,1,0.52132,0.741294,1.0,2.5,10.0,concave
25,52083,8991,1,0.545211,0.770478,1.0,2.5,10.0,concave
26,49441,7487,1,0.571107,0.800469,1.0,2.5,10.0,concave
27,46763,6144,1,0.595235,0.826833,1.0,2.5,10.0,concave
28,44081,4907,1,0.620566,0.852686,1.0,2.5,10.0,concave
29,41554,3797,1,0.647095,0.876782,1.0,2.5,10.0,concave
30,38986,2933,1,0.675037,0.898474,1.0,2.5,10.0,concave
31,37000,2287,1,0.703723,0.91794,1.0,2.5,10.0,concave
32,34564,1743,1,0.733266,0.934338,1.0,2.5,10.0,concave
33,32429,1258,1,0.76411,0.94881,1.0,2.5,10.0,concave
34,30733,888,1,0.793201,0.959904,1.0,2.5,10.0,concave
35,29229,642,1,0.824012,0.969801,1.0,2.5,10.0,concave
36,27926,457,1,0.854889,0.978228,1.0,2.5,10.0,concave
37,26616,297,1,0.886258,0.985493,1.0,2.5,10.0,concave
38,25439,181,1,0.917327,0.991884,1.0,2.5,10.0,concave
39,24388,105,1,0.940433,0.995462,1.0,2.5,10.0,concave
40,23757,55,1,0.957801,0.997748,1.0,2.5,10.0,concave
41,23434,29,1,0.973782,0.998778,1.0,2.5,10.0,concave
42,23193,6,1,0.986059,0.999743,1.0,2.5,10.0,concave
43,22651,2,1,0.993324,0.999912,1.0,2.5,10.0,concave
44,22783,0,1,0.997718,1.0,1.0,2.5,10.0,concave

