generation,size,female_size,fertile_female_size,rate_dr,rate_has_drive,drive_efficiency,drop_ratio,low_density_growth_rate,density_growth_curve
1,78409,49469,1,0.0,0.0,0.9,22.5,10.0,convex
2,77851,49005,1,0.0,0.0,0.9,22.5,10.0,convex
3,81892,51317,1,0.0,0.0,0.9,22.5,10.0,convex
4,84662,52994,1,0.0,0.0,0.9,22.5,10.0,convex
5,64062,43043,1,0.0,0.0,0.9,22.5,10.0,convex
6,79686,50561,1,0.0,0.0,0.9,22.5,10.0,convex
7,109781,65484,1,0.0,0.0,0.9,22.5,10.0,convex
8,74795,48594,1,0.0,0.0,0.9,22.5,10.0,convex
9,43837,34160,1,0.0,0.0,0.9,22.5,10.0,convex
10,109479,65759,1,0.0,0.0,0.9,22.5,10.0,convex
11,258262,71474,1,0.524324,0.524324,0.9,22.5,10.0,convex
12,284692,52422,1,0.71342,0.71342,0.9,22.5,10.0,convex
13,246952,36350,1,0.687121,0.718684,0.9,22.5,10.0,convex
14,281488,47280,1,0.638161,0.686044,0.9,22.5,10.0,convex
15,307219,52232,1,0.690477,0.720043,0.9,22.5,10.0,convex
16,268553,34680,1,0.702912,0.791131,0.9,22.5,10.0,convex
17,275703,31337,1,0.715132,0.844597,0.9,22.5,10.0,convex
18,287361,27663,1,0.721691,0.876731,0.9,22.5,10.0,convex
19,296554,22495,1,0.721186,0.897659,0.9,22.5,10.0,convex
20,294566,16359,1,0.73578,0.920207,0.9,22.5,10.0,convex
21,290726,12739,1,0.751444,0.935698,0.9,22.5,10.0,convex
22,285732,11080,1,0.768961,0.946196,0.9,22.5,10.0,convex
23,274777,8320,1,0.787529,0.957629,0.9,22.5,10.0,convex
24,266880,6538,1,0.811399,0.966409,0.9,22.5,10.0,convex
25,256764,4864,1,0.834581,0.97328,0.9,22.5,10.0,convex
26,247844,3573,1,0.859901,0.979242,0.9,22.5,10.0,convex
27,237791,2552,1,0.886701,0.984136,0.9,22.5,10.0,convex
28,228932,1875,1,0.909311,0.988148,0.9,22.5,10.0,convex
29,222671,1334,1,0.93116,0.991742,0.9,22.5,10.0,convex
30,217714,915,1,0.948637,0.99427,0.9,22.5,10.0,convex
31,213331,600,1,0.962533,0.996307,0.9,22.5,10.0,convex
32,210505,372,1,0.973381,0.997838,0.9,22.5,10.0,convex
33,208529,214,1,0.982247,0.998823,0.9,22.5,10.0,convex
34,206159,120,1,0.988944,0.999378,0.9,22.5,10.0,convex
35,204596,57,1,0.993481,0.999703,0.9,22.5,10.0,convex
36,204214,24,1,0.996578,0.999878,0.9,22.5,10.0,convex
37,204190,10,1,0.998409,0.999946,0.9,22.5,10.0,convex
38,203488,2,1,0.999229,0.99999,0.9,22.5,10.0,convex
39,203192,1,1,0.999705,0.999995,0.9,22.5,10.0,convex
40,202410,0,1,0.999906,1.0,0.9,22.5,10.0,convex

