generation,size,female_size,fertile_female_size,rate_dr,rate_has_drive,drive_efficiency,drop_ratio,low_density_growth_rate,density_growth_curve
1,78430,49335,1,0.0,0.0,1.0,13.5,10.0,linear
2,78047,49172,1,0.0,0.0,1.0,13.5,10.0,linear
3,82334,51385,1,0.0,0.0,1.0,13.5,10.0,linear
4,80874,50998,1,0.0,0.0,1.0,13.5,10.0,linear
5,75169,48186,1,0.0,0.0,1.0,13.5,10.0,linear
6,74450,48066,1,0.0,0.0,1.0,13.5,10.0,linear
7,85440,53352,1,0.0,0.0,1.0,13.5,10.0,linear
8,82763,51771,1,0.0,0.0,1.0,13.5,10.0,linear
9,68129,44921,1,0.0,0.0,1.0,13.5,10.0,linear
10,76669,49218,1,0.0,0.0,1.0,13.5,10.0,linear
11,172100,56233,1,0.421445,0.421445,1.0,13.5,10.0,linear
12,202300,50629,1,0.584005,0.589654,1.0,13.5,10.0,linear
13,178366,38731,1,0.591211,0.636876,1.0,13.5,10.0,linear
14,190123,39351,1,0.5844,0.662581,1.0,13.5,10.0,linear
15,203555,39363,1,0.595753,0.699051,1.0,13.5,10.0,linear
16,202024,33574,1,0.616735,0.749326,1.0,13.5,10.0,linear
17,197728,27671,1,0.64108,0.804852,1.0,13.5,10.0,linear
18,198495,23545,1,0.659416,0.843466,1.0,13.5,10.0,linear
19,197966,19772,1,0.672166,0.86929,1.0,13.5,10.0,linear
20,195173,15351,1,0.689697,0.893361,1.0,13.5,10.0,linear
21,190357,11942,1,0.709644,0.913953,1.0,13.5,10.0,linear
22,184446,9535,1,0.731864,0.931081,1.0,13.5,10.0,linear
23,176562,7252,1,0.75576,0.94565,1.0,13.5,10.0,linear
24,168856,5406,1,0.782517,0.95822,1.0,13.5,10.0,linear
25,161624,3780,1,0.8117,0.969479,1.0,13.5,10.0,linear
26,154028,2605,1,0.843483,0.978116,1.0,13.5,10.0,linear
27,146146,1703,1,0.873247,0.984972,1.0,13.5,10.0,linear
28,140391,1047,1,0.904007,0.990632,1.0,13.5,10.0,linear
29,135130,646,1,0.930747,0.993946,1.0,13.5,10.0,linear
30,130538,366,1,0.952235,0.996276,1.0,13.5,10.0,linear
31,127385,206,1,0.969504,0.997839,1.0,13.5,10.0,linear
32,125246,121,1,0.981612,0.998845,1.0,13.5,10.0,linear
33,124064,70,1,0.988535,0.999351,1.0,13.5,10.0,linear
34,122581,43,1,0.993632,0.999618,1.0,13.5,10.0,linear
35,122602,28,1,0.996438,0.999772,1.0,13.5,10.0,linear
36,122258,16,1,0.99777,0.999869,1.0,13.5,10.0,linear
37,122241,7,1,0.998835,0.999943,1.0,13.5,10.0,linear
38,121679,0,1,0.999454,1.0,1.0,13.5,10.0,linear

