generation,size,female_size,fertile_female_size,rate_dr,rate_has_drive,drive_efficiency,drop_ratio,low_density_growth_rate,density_growth_curve
1,78369,49167,1,0.0,0.0,0.85,13.5,10.0,linear
2,78155,49110,1,0.0,0.0,0.85,13.5,10.0,linear
3,80631,50754,1,0.0,0.0,0.85,13.5,10.0,linear
4,81285,51359,1,0.0,0.0,0.85,13.5,10.0,linear
5,74867,48280,1,0.0,0.0,0.85,13.5,10.0,linear
6,75177,48416,1,0.0,0.0,0.85,13.5,10.0,linear
7,83567,52083,1,0.0,0.0,0.85,13.5,10.0,linear
8,82497,51604,1,0.0,0.0,0.85,13.5,10.0,linear
9,72819,46993,1,0.0,0.0,0.85,13.5,10.0,linear
10,75290,48617,1,0.0,0.0,0.85,13.5,10.0,linear
11,168421,54207,1,0.421276,0.421276,0.85,13.5,10.0,linear
12,203563,51665,1,0.570631,0.579087,0.85,13.5,10.0,linear
13,184462,41440,1,0.593713,0.634858,0.85,13.5,10.0,linear
14,187225,38829,1,0.592147,0.671923,0.85,13.5,10.0,linear
15,199463,37866,1,0.604451,0.712164,0.85,13.5,10.0,linear
16,200174,32459,1,0.621865,0.760784,0.85,13.5,10.0,linear
17,198650,27009,1,0.64321,0.809114,0.85,13.5,10.0,linear
18,197831,22674,1,0.659488,0.844787,0.85,13.5,10.0,linear
19,197777,19368,1,0.671998,0.868006,0.85,13.5,10.0,linear
20,195346,15716,1,0.686574,0.887688,0.85,13.5,10.0,linear
21,191373,12713,1,0.704349,0.905645,0.85,13.5,10.0,linear
22,186288,10475,1,0.723136,0.919677,0.85,13.5,10.0,linear
23,179389,8619,1,0.741698,0.931817,0.85,13.5,10.0,linear
24,172952,6952,1,0.763174,0.942948,0.85,13.5,10.0,linear
25,166637,5543,1,0.785546,0.952621,0.85,13.5,10.0,linear
26,159960,4305,1,0.807503,0.961302,0.85,13.5,10.0,linear
27,154236,3367,1,0.833191,0.969055,0.85,13.5,10.0,linear
28,148365,2506,1,0.856611,0.976099,0.85,13.5,10.0,linear
29,143204,1830,1,0.881209,0.981893,0.85,13.5,10.0,linear
30,138462,1270,1,0.905035,0.98705,0.85,13.5,10.0,linear
31,134640,877,1,0.926021,0.9909,0.85,13.5,10.0,linear
32,131375,585,1,0.944979,0.993874,0.85,13.5,10.0,linear
33,128855,371,1,0.961035,0.996157,0.85,13.5,10.0,linear
34,126495,239,1,0.972351,0.997359,0.85,13.5,10.0,linear
35,124746,154,1,0.982239,0.998302,0.85,13.5,10.0,linear
36,123333,90,1,0.988304,0.999002,0.85,13.5,10.0,linear
37,123106,58,1,0.992422,0.999393,0.85,13.5,10.0,linear
38,123011,27,1,0.995441,0.999716,0.85,13.5,10.0,linear
39,122215,12,1,0.997295,0.999886,0.85,13.5,10.0,linear
40,121729,5,1,0.998731,0.999959,0.85,13.5,10.0,linear
41,121941,2,1,0.999438,0.999984,0.85,13.5,10.0,linear
42,121813,0,1,0.9997,1.0,0.85,13.5,10.0,linear

