generation,size,female_size,fertile_female_size,rate_dr,rate_has_drive,drive_efficiency,drop_ratio,low_density_growth_rate,density_growth_curve
1,78236,49180,1,0.0,0.0,1.0,6.0,10.0,linear
2,78462,49278,1,0.0,0.0,1.0,6.0,10.0,linear
3,80177,50378,1,0.0,0.0,1.0,6.0,10.0,linear
4,81328,51309,1,0.0,0.0,1.0,6.0,10.0,linear
5,76406,48937,1,0.0,0.0,1.0,6.0,10.0,linear
6,75637,48527,1,0.0,0.0,1.0,6.0,10.0,linear
7,80868,51100,1,0.0,0.0,1.0,6.0,10.0,linear
8,82317,51822,1,0.0,0.0,1.0,6.0,10.0,linear
9,76506,49161,1,0.0,0.0,1.0,6.0,10.0,linear
10,73372,47661,1,0.0,0.0,1.0,6.0,10.0,linear
11,116492,50845,1,0.242323,0.242323,1.0,6.0,10.0,linear
12,138607,52597,1,0.349962,0.364463,1.0,6.0,10.0,linear
13,128920,47075,1,0.391494,0.427309,1.0,6.0,10.0,linear
14,119473,40505,1,0.413269,0.494297,1.0,6.0,10.0,linear
15,127055,39568,1,0.426096,0.543549,1.0,6.0,10.0,linear
16,134317,37889,1,0.445448,0.592161,1.0,6.0,10.0,linear
17,134037,33497,1,0.468745,0.646893,1.0,6.0,10.0,linear
18,133560,30006,1,0.48852,0.69116,1.0,6.0,10.0,linear
19,134545,27705,1,0.503971,0.725715,1.0,6.0,10.0,linear
20,134833,24883,1,0.517094,0.754337,1.0,6.0,10.0,linear
21,134026,21957,1,0.532066,0.78233,1.0,6.0,10.0,linear
22,131589,19245,1,0.547037,0.806982,1.0,6.0,10.0,linear
23,128903,16877,1,0.561901,0.828826,1.0,6.0,10.0,linear
24,124936,14660,1,0.576329,0.847472,1.0,6.0,10.0,linear
25,120846,12636,1,0.591509,0.86446,1.0,6.0,10.0,linear
26,115833,10730,1,0.607909,0.88114,1.0,6.0,10.0,linear
27,111361,8882,1,0.626294,0.897046,1.0,6.0,10.0,linear
28,105860,7299,1,0.645741,0.911443,1.0,6.0,10.0,linear
29,99740,5875,1,0.668114,0.925703,1.0,6.0,10.0,linear
30,93833,4509,1,0.694709,0.939618,1.0,6.0,10.0,linear
31,87558,3388,1,0.723563,0.950624,1.0,6.0,10.0,linear
32,81415,2473,1,0.756431,0.960806,1.0,6.0,10.0,linear
33,75825,1720,1,0.791678,0.970773,1.0,6.0,10.0,linear
34,70809,1164,1,0.828798,0.978723,1.0,6.0,10.0,linear
35,66303,720,1,0.867279,0.985408,1.0,6.0,10.0,linear
36,62997,466,1,0.900889,0.990122,1.0,6.0,10.0,linear
37,60067,323,1,0.928957,0.993327,1.0,6.0,10.0,linear
38,57981,188,1,0.951004,0.996233,1.0,6.0,10.0,linear
39,56844,103,1,0.967541,0.998033,1.0,6.0,10.0,linear
40,55653,46,1,0.979719,0.999182,1.0,6.0,10.0,linear
41,55339,19,1,0.988382,0.999658,1.0,6.0,10.0,linear
42,54736,6,1,0.994066,0.999891,1.0,6.0,10.0,linear
43,54496,1,1,0.997487,0.999982,1.0,6.0,10.0,linear
44,54588,0,1,0.998983,1.0,1.0,6.0,10.0,linear

