generation,size,female_size,fertile_female_size,rate_dr,rate_has_drive,drive_efficiency,drop_ratio,low_density_growth_rate,density_growth_curve
1,78349,49338,1,0.0,0.0,0.8,15.0,10.0,linear
2,77856,48934,1,0.0,0.0,0.8,15.0,10.0,linear
3,81422,50943,1,0.0,0.0,0.8,15.0,10.0,linear
4,79736,50620,1,0.0,0.0,0.8,15.0,10.0,linear
5,76880,49203,1,0.0,0.0,0.8,15.0,10.0,linear
6,77713,49656,1,0.0,0.0,0.8,15.0,10.0,linear
7,81288,51219,1,0.0,0.0,0.8,15.0,10.0,linear
8,79909,50424,1,0.0,0.0,0.8,15.0,10.0,linear
9,73620,47395,1,0.0,0.0,0.8,15.0,10.0,linear
10,77826,49523,1,0.0,0.0,0.8,15.0,10.0,linear
11,174990,53143,1,0.452046,0.452046,0.8,15.0,10.0,linear
12,214584,50392,1,0.586986,0.598501,0.8,15.0,10.0,linear
13,203066,43520,1,0.606376,0.64574,0.8,15.0,10.0,linear
14,204197,40466,1,0.61442,0.685807,0.8,15.0,10.0,linear
15,210354,37281,1,0.628309,0.73051,0.8,15.0,10.0,linear
16,212327,31920,1,0.645555,0.777574,0.8,15.0,10.0,linear
17,212159,26765,1,0.663435,0.823874,0.8,15.0,10.0,linear
18,212550,22244,1,0.679468,0.857751,0.8,15.0,10.0,linear
19,211058,18326,1,0.692454,0.881366,0.8,15.0,10.0,linear
20,208379,14807,1,0.708404,0.90009,0.8,15.0,10.0,linear
21,203153,11895,1,0.724722,0.914258,0.8,15.0,10.0,linear
22,197589,9948,1,0.743353,0.926833,0.8,15.0,10.0,linear
23,191371,8249,1,0.762248,0.937392,0.8,15.0,10.0,linear
24,185438,6724,1,0.781865,0.946402,0.8,15.0,10.0,linear
25,178839,5546,1,0.801558,0.954934,0.8,15.0,10.0,linear
26,172708,4424,1,0.821497,0.96165,0.8,15.0,10.0,linear
27,167458,3536,1,0.843588,0.969072,0.8,15.0,10.0,linear
28,162404,2667,1,0.863835,0.975431,0.8,15.0,10.0,linear
29,158318,2071,1,0.88558,0.981362,0.8,15.0,10.0,linear
30,153647,1455,1,0.905908,0.986166,0.8,15.0,10.0,linear
31,149403,1033,1,0.925061,0.990292,0.8,15.0,10.0,linear
32,146218,705,1,0.94372,0.993286,0.8,15.0,10.0,linear
33,143028,424,1,0.95884,0.995551,0.8,15.0,10.0,linear
34,140732,303,1,0.971293,0.996891,0.8,15.0,10.0,linear
35,139020,197,1,0.980562,0.997996,0.8,15.0,10.0,linear
36,137234,111,1,0.98664,0.998909,0.8,15.0,10.0,linear
37,137008,56,1,0.992084,0.999491,0.8,15.0,10.0,linear
38,136063,32,1,0.99491,0.999721,0.8,15.0,10.0,linear
39,135430,18,1,0.996952,0.999845,0.8,15.0,10.0,linear
40,135684,8,1,0.998457,0.999941,0.8,15.0,10.0,linear
41,136032,0,1,0.999151,1.0,0.8,15.0,10.0,linear

