generation,size,female_size,fertile_female_size,rate_dr,rate_has_drive,drive_efficiency,drop_ratio,low_density_growth_rate,density_growth_curve
1,78517,49143,1,0.0,0.0,1.0,9.75,10.0,linear
2,78010,48916,1,0.0,0.0,1.0,9.75,10.0,linear
3,81327,51111,1,0.0,0.0,1.0,9.75,10.0,linear
4,80788,51180,1,0.0,0.0,1.0,9.75,10.0,linear
5,75749,48794,1,0.0,0.0,1.0,9.75,10.0,linear
6,75687,48626,1,0.0,0.0,1.0,9.75,10.0,linear
7,82015,51520,1,0.0,0.0,1.0,9.75,10.0,linear
8,81141,51049,1,0.0,0.0,1.0,9.75,10.0,linear
9,72379,46954,1,0.0,0.0,1.0,9.75,10.0,linear
10,77957,49869,1,0.0,0.0,1.0,9.75,10.0,linear
11,145393,54352,1,0.352721,0.352721,1.0,9.75,10.0,linear
12,164688,49230,1,0.492531,0.503875,1.0,9.75,10.0,linear
13,150850,41585,1,0.50443,0.550391,1.0,9.75,10.0,linear
14,159009,41252,1,0.511628,0.592457,1.0,9.75,10.0,linear
15,167580,39736,1,0.530044,0.641141,1.0,9.75,10.0,linear
16,166747,34604,1,0.552066,0.696253,1.0,9.75,10.0,linear
17,164205,29825,1,0.574908,0.751618,1.0,9.75,10.0,linear
18,165222,25851,1,0.593091,0.791212,1.0,9.75,10.0,linear
19,165676,22128,1,0.607698,0.822312,1.0,9.75,10.0,linear
20,164713,18391,1,0.623775,0.849933,1.0,9.75,10.0,linear
21,161662,15221,1,0.640701,0.872312,1.0,9.75,10.0,linear
22,156905,12578,1,0.657595,0.892603,1.0,9.75,10.0,linear
23,151671,10398,1,0.678257,0.910054,1.0,9.75,10.0,linear
24,144515,8251,1,0.699385,0.926205,1.0,9.75,10.0,linear
25,138764,6405,1,0.724686,0.939991,1.0,9.75,10.0,linear
26,131120,4807,1,0.751325,0.952796,1.0,9.75,10.0,linear
27,124138,3425,1,0.780208,0.963931,1.0,9.75,10.0,linear
28,117431,2390,1,0.815342,0.973039,1.0,9.75,10.0,linear
29,110507,1632,1,0.847851,0.980261,1.0,9.75,10.0,linear
30,104395,1105,1,0.881886,0.985895,1.0,9.75,10.0,linear
31,99725,699,1,0.911571,0.990666,1.0,9.75,10.0,linear
32,96427,433,1,0.936758,0.994195,1.0,9.75,10.0,linear
33,93616,263,1,0.956225,0.996264,1.0,9.75,10.0,linear
34,91774,166,1,0.9709,0.99775,1.0,9.75,10.0,linear
35,90277,91,1,0.98176,0.998628,1.0,9.75,10.0,linear
36,89195,51,1,0.988546,0.99922,1.0,9.75,10.0,linear
37,88620,25,1,0.993331,0.999651,1.0,9.75,10.0,linear
38,88421,12,1,0.996499,0.999831,1.0,9.75,10.0,linear
39,88172,4,1,0.99826,0.999955,1.0,9.75,10.0,linear
40,88242,1,1,0.999229,0.999989,1.0,9.75,10.0,linear
41,87711,0,1,0.999704,1.0,1.0,9.75,10.0,linear

