generation,size,female_size,fertile_female_size,rate_dr,rate_has_drive,drive_efficiency,drop_ratio,low_density_growth_rate,density_growth_curve
1,77920,48966,1,0.0,0.0,1.0,7.5,10.0,linear
2,78172,49040,1,0.0,0.0,1.0,7.5,10.0,linear
3,82846,51647,1,0.0,0.0,1.0,7.5,10.0,linear
4,81436,51429,1,0.0,0.0,1.0,7.5,10.0,linear
5,73453,47769,1,0.0,0.0,1.0,7.5,10.0,linear
6,74541,48049,1,0.0,0.0,1.0,7.5,10.0,linear
7,85522,53154,1,0.0,0.0,1.0,7.5,10.0,linear
8,83206,51981,1,0.0,0.0,1.0,7.5,10.0,linear
9,68673,45168,1,0.0,0.0,1.0,7.5,10.0,linear
10,73967,47994,1,0.0,0.0,1.0,7.5,10.0,linear
11,135922,55804,1,0.283169,0.283169,1.0,7.5,10.0,linear
12,151773,52191,1,0.432764,0.438322,1.0,7.5,10.0,linear
13,126603,40243,1,0.4521,0.50067,1.0,7.5,10.0,linear
14,134615,40415,1,0.451592,0.537583,1.0,7.5,10.0,linear
15,148744,41387,1,0.467185,0.582173,1.0,7.5,10.0,linear
16,149211,36518,1,0.492127,0.636466,1.0,7.5,10.0,linear
17,144478,31202,1,0.517825,0.697692,1.0,7.5,10.0,linear
18,146073,28379,1,0.537672,0.74186,1.0,7.5,10.0,linear
19,147448,25405,1,0.552102,0.774498,1.0,7.5,10.0,linear
20,146227,21467,1,0.567392,0.803296,1.0,7.5,10.0,linear
21,143845,18191,1,0.582956,0.829263,1.0,7.5,10.0,linear
22,141394,15862,1,0.597528,0.849955,1.0,7.5,10.0,linear
23,137428,13553,1,0.61489,0.870869,1.0,7.5,10.0,linear
24,132738,11184,1,0.633117,0.88933,1.0,7.5,10.0,linear
25,127379,9215,1,0.651031,0.905148,1.0,7.5,10.0,linear
26,120973,7468,1,0.671015,0.918035,1.0,7.5,10.0,linear
27,114639,6019,1,0.695023,0.930631,1.0,7.5,10.0,linear
28,108287,4739,1,0.720528,0.942059,1.0,7.5,10.0,linear
29,101899,3632,1,0.74742,0.952833,1.0,7.5,10.0,linear
30,96520,2730,1,0.777226,0.963116,1.0,7.5,10.0,linear
31,90702,1949,1,0.809697,0.972347,1.0,7.5,10.0,linear
32,85648,1297,1,0.842154,0.980158,1.0,7.5,10.0,linear
33,81180,859,1,0.877403,0.986266,1.0,7.5,10.0,linear
34,77181,568,1,0.906276,0.990747,1.0,7.5,10.0,linear
35,74492,312,1,0.932909,0.994972,1.0,7.5,10.0,linear
36,72483,182,1,0.955369,0.996902,1.0,7.5,10.0,linear
37,70554,99,1,0.970864,0.998145,1.0,7.5,10.0,linear
38,69528,65,1,0.983086,0.998872,1.0,7.5,10.0,linear
39,68519,29,1,0.989764,0.999463,1.0,7.5,10.0,linear
40,68332,18,1,0.994625,0.999722,1.0,7.5,10.0,linear
41,67955,9,1,0.997134,0.999868,1.0,7.5,10.0,linear
42,68086,5,1,0.998203,0.999927,1.0,7.5,10.0,linear
43,67740,3,1,0.999063,0.999956,1.0,7.5,10.0,linear
44,67643,0,1,0.999416,1.0,1.0,7.5,10.0,linear

