generation,size,female_size,fertile_female_size,rate_dr,rate_has_drive,drive_efficiency,drop_ratio,low_density_growth_rate,density_growth_curve
1,77993,48862,1,0.0,0.0,0.8,20.0,10.0,convex
2,77556,48772,1,0.0,0.0,0.8,20.0,10.0,convex
3,87573,54014,1,0.0,0.0,0.8,20.0,10.0,convex
4,76601,49168,1,0.0,0.0,0.8,20.0,10.0,convex
5,59358,40827,1,0.0,0.0,0.8,20.0,10.0,convex
6,100666,61138,1,0.0,0.0,0.8,20.0,10.0,convex
7,106462,64077,1,0.0,0.0,0.8,20.0,10.0,convex
8,70948,47420,1,0.0,0.0,0.8,20.0,10.0,convex
9,39331,32936,1,0.0,0.0,0.8,20.0,10.0,convex
10,114798,68180,1,0.0,0.0,0.8,20.0,10.0,convex
11,244200,71611,1,0.49145,0.49145,0.8,20.0,10.0,convex
12,261844,51722,1,0.688353,0.688353,0.8,20.0,10.0,convex
13,224327,36904,1,0.658674,0.689363,0.8,20.0,10.0,convex
14,261002,48474,1,0.608519,0.655412,0.8,20.0,10.0,convex
15,286144,53912,1,0.660632,0.689848,0.8,20.0,10.0,convex
16,247279,35502,1,0.690712,0.768492,0.8,20.0,10.0,convex
17,245885,30799,1,0.690523,0.830035,0.8,20.0,10.0,convex
18,266328,28786,1,0.704886,0.858293,0.8,20.0,10.0,convex
19,269738,23274,1,0.695455,0.880967,0.8,20.0,10.0,convex
20,274520,17944,1,0.71254,0.90258,0.8,20.0,10.0,convex
21,268952,14611,1,0.723407,0.918502,0.8,20.0,10.0,convex
22,268325,13495,1,0.736358,0.927628,0.8,20.0,10.0,convex
23,259298,11035,1,0.750484,0.93909,0.8,20.0,10.0,convex
24,253714,9005,1,0.767483,0.9478,0.8,20.0,10.0,convex
25,245840,7433,1,0.786312,0.955137,0.8,20.0,10.0,convex
26,237477,5949,1,0.806534,0.961961,0.8,20.0,10.0,convex
27,229014,4753,1,0.829326,0.968509,0.8,20.0,10.0,convex
28,221467,3691,1,0.852519,0.974206,0.8,20.0,10.0,convex
29,214162,2961,1,0.874165,0.979337,0.8,20.0,10.0,convex
30,207024,2244,1,0.894415,0.984052,0.8,20.0,10.0,convex
31,201702,1658,1,0.913628,0.987913,0.8,20.0,10.0,convex
32,197605,1225,1,0.931574,0.991416,0.8,20.0,10.0,convex
33,193638,839,1,0.947205,0.993903,0.8,20.0,10.0,convex
34,190103,564,1,0.96097,0.995939,0.8,20.0,10.0,convex
35,187236,367,1,0.972271,0.997485,0.8,20.0,10.0,convex
36,185207,217,1,0.980964,0.998533,0.8,20.0,10.0,convex
37,183905,120,1,0.988023,0.9992,0.8,20.0,10.0,convex
38,182634,66,1,0.992173,0.999542,0.8,20.0,10.0,convex
39,181989,33,1,0.995784,0.999797,0.8,20.0,10.0,convex
40,181074,11,1,0.997628,0.999934,0.8,20.0,10.0,convex
41,180335,4,1,0.998872,0.999972,0.8,20.0,10.0,convex
42,180910,2,1,0.999585,0.999989,0.8,20.0,10.0,convex
43,180314,0,1,0.999856,1.0,0.8,20.0,10.0,convex

