generation,size,female_size,fertile_female_size,rate_dr,rate_has_drive,drive_efficiency,drop_ratio,low_density_growth_rate,density_growth_curve
1,78110,49174,1,0.0,0.0,1.0,9.75,10.0,linear
2,78064,49006,1,0.0,0.0,1.0,9.75,10.0,linear
3,81909,51160,1,0.0,0.0,1.0,9.75,10.0,linear
4,83098,52224,1,0.0,0.0,1.0,9.75,10.0,linear
5,76517,49298,1,0.0,0.0,1.0,9.75,10.0,linear
6,70900,46469,1,0.0,0.0,1.0,9.75,10.0,linear
7,79370,50170,1,0.0,0.0,1.0,9.75,10.0,linear
8,88767,54396,1,0.0,0.0,1.0,9.75,10.0,linear
9,76953,48935,1,0.0,0.0,1.0,9.75,10.0,linear
10,67245,44729,1,0.0,0.0,1.0,9.75,10.0,linear
11,139501,51308,1,0.328674,0.328674,1.0,9.75,10.0,linear
12,179682,56112,1,0.46347,0.472941,1.0,9.75,10.0,linear
13,159411,45420,1,0.525744,0.552926,1.0,9.75,10.0,linear
14,143509,36129,1,0.532788,0.621079,1.0,9.75,10.0,linear
15,159789,36992,1,0.539459,0.660607,1.0,9.75,10.0,linear
16,168063,34063,1,0.553429,0.704983,1.0,9.75,10.0,linear
17,167824,28504,1,0.574388,0.754406,1.0,9.75,10.0,linear
18,165385,24164,1,0.595339,0.798352,1.0,9.75,10.0,linear
19,166250,21958,1,0.609927,0.827695,1.0,9.75,10.0,linear
20,164221,18442,1,0.624415,0.852669,1.0,9.75,10.0,linear
21,161362,15070,1,0.641126,0.874366,1.0,9.75,10.0,linear
22,156846,12472,1,0.659276,0.893246,1.0,9.75,10.0,linear
23,151204,10269,1,0.680006,0.910628,1.0,9.75,10.0,linear
24,144273,8111,1,0.701406,0.927218,1.0,9.75,10.0,linear
25,137828,6235,1,0.727222,0.941276,1.0,9.75,10.0,linear
26,130594,4709,1,0.755419,0.953732,1.0,9.75,10.0,linear
27,123276,3406,1,0.784657,0.964248,1.0,9.75,10.0,linear
28,116434,2478,1,0.815756,0.97288,1.0,9.75,10.0,linear
29,110067,1674,1,0.848101,0.980829,1.0,9.75,10.0,linear
30,104920,1069,1,0.879766,0.987,1.0,9.75,10.0,linear
31,100501,693,1,0.911495,0.99157,1.0,9.75,10.0,linear
32,96649,389,1,0.936761,0.995109,1.0,9.75,10.0,linear
33,93783,230,1,0.959685,0.996994,1.0,9.75,10.0,linear
34,91563,123,1,0.973633,0.998085,1.0,9.75,10.0,linear
35,89812,68,1,0.983741,0.998907,1.0,9.75,10.0,linear
36,89129,31,1,0.990406,0.999464,1.0,9.75,10.0,linear
37,88862,14,1,0.994711,0.999742,1.0,9.75,10.0,linear
38,88406,6,1,0.997198,0.999932,1.0,9.75,10.0,linear
39,87986,2,1,0.998835,0.999977,1.0,9.75,10.0,linear
40,87860,1,1,0.999556,0.999989,1.0,9.75,10.0,linear
41,87951,0,1,0.999807,1.0,1.0,9.75,10.0,linear

