generation,size,female_size,fertile_female_size,rate_dr,rate_has_drive,drive_efficiency,drop_ratio,low_density_growth_rate,density_growth_curve
1,78085,49218,1,0.0,0.0,1.0,11.25,10.0,convex
2,77941,49220,1,0.0,0.0,1.0,11.25,10.0,convex
3,82070,51452,1,0.0,0.0,1.0,11.25,10.0,convex
4,80128,50692,1,0.0,0.0,1.0,11.25,10.0,convex
5,67215,44634,1,0.0,0.0,1.0,11.25,10.0,convex
6,88773,55024,1,0.0,0.0,1.0,11.25,10.0,convex
7,96142,58682,1,0.0,0.0,1.0,11.25,10.0,convex
8,63317,42751,1,0.0,0.0,1.0,11.25,10.0,convex
9,41309,32053,1,0.0,0.0,1.0,11.25,10.0,convex
10,131416,75432,1,0.0,0.0,1.0,11.25,10.0,convex
11,190528,71880,1,0.354478,0.354478,1.0,11.25,10.0,convex
12,181806,52891,1,0.558001,0.558001,1.0,11.25,10.0,convex
13,143909,37685,1,0.540787,0.564668,1.0,11.25,10.0,convex
14,174787,47190,1,0.457706,0.500265,1.0,11.25,10.0,convex
15,212725,58708,1,0.50421,0.530779,1.0,11.25,10.0,convex
16,172630,39142,1,0.608355,0.628936,1.0,11.25,10.0,convex
17,142368,28846,1,0.56323,0.745748,1.0,11.25,10.0,convex
18,199778,35722,1,0.599534,0.748898,1.0,11.25,10.0,convex
19,184152,28123,1,0.57477,0.799229,1.0,11.25,10.0,convex
20,208886,25381,1,0.6039,0.81369,1.0,11.25,10.0,convex
21,185121,19944,1,0.608753,0.852806,1.0,11.25,10.0,convex
22,201968,20349,1,0.622557,0.865053,1.0,11.25,10.0,convex
23,189780,16957,1,0.632239,0.887634,1.0,11.25,10.0,convex
24,191078,13662,1,0.648356,0.904467,1.0,11.25,10.0,convex
25,183186,11649,1,0.665866,0.917924,1.0,11.25,10.0,convex
26,176664,9178,1,0.683713,0.93076,1.0,11.25,10.0,convex
27,168312,7468,1,0.708726,0.942541,1.0,11.25,10.0,convex
28,158214,5580,1,0.734194,0.953738,1.0,11.25,10.0,convex
29,149050,4265,1,0.764373,0.962897,1.0,11.25,10.0,convex
30,139639,3046,1,0.794604,0.971279,1.0,11.25,10.0,convex
31,132166,2161,1,0.829004,0.978178,1.0,11.25,10.0,convex
32,124309,1483,1,0.862239,0.984454,1.0,11.25,10.0,convex
33,118463,965,1,0.893627,0.989575,1.0,11.25,10.0,convex
34,113497,592,1,0.923105,0.993477,1.0,11.25,10.0,convex
35,109612,371,1,0.94672,0.996101,1.0,11.25,10.0,convex
36,106940,208,1,0.965464,0.997788,1.0,11.25,10.0,convex
37,104658,87,1,0.978475,0.999122,1.0,11.25,10.0,convex
38,103980,33,1,0.988307,0.999684,1.0,11.25,10.0,convex
39,102485,14,1,0.994271,0.999864,1.0,11.25,10.0,convex
40,102077,5,1,0.997358,0.999951,1.0,11.25,10.0,convex
41,101606,0,1,0.99906,1.0,1.0,11.25,10.0,convex

