generation,size,female_size,fertile_female_size,rate_dr,rate_has_drive,drive_efficiency,drop_ratio,low_density_growth_rate,density_growth_curve
1,78658,49454,1,0.0,0.0,1.0,7.5,10.0,convex
2,78438,49491,1,0.0,0.0,1.0,7.5,10.0,convex
3,81566,51279,1,0.0,0.0,1.0,7.5,10.0,convex
4,76393,48869,1,0.0,0.0,1.0,7.5,10.0,convex
5,75266,48289,1,0.0,0.0,1.0,7.5,10.0,convex
6,87070,54032,1,0.0,0.0,1.0,7.5,10.0,convex
7,81496,51447,1,0.0,0.0,1.0,7.5,10.0,convex
8,51645,36904,1,0.0,0.0,1.0,7.5,10.0,convex
9,97744,58994,1,0.0,0.0,1.0,7.5,10.0,convex
10,121421,70823,1,0.0,0.0,1.0,7.5,10.0,convex
11,128478,53106,1,0.353531,0.353531,1.0,7.5,10.0,convex
12,114454,37463,1,0.397693,0.402847,1.0,7.5,10.0,convex
13,150088,53707,1,0.329561,0.342511,1.0,7.5,10.0,convex
14,186360,67579,1,0.372137,0.379894,1.0,7.5,10.0,convex
15,146107,47730,1,0.469598,0.475795,1.0,7.5,10.0,convex
16,111493,33535,1,0.469433,0.605961,1.0,7.5,10.0,convex
17,155445,42329,1,0.480607,0.620446,1.0,7.5,10.0,convex
18,156327,36836,1,0.491014,0.668524,1.0,7.5,10.0,convex
19,158626,30836,1,0.50877,0.713633,1.0,7.5,10.0,convex
20,155018,27575,1,0.523428,0.75603,1.0,7.5,10.0,convex
21,166367,28268,1,0.531191,0.7787,1.0,7.5,10.0,convex
22,165622,25493,1,0.542371,0.804395,1.0,7.5,10.0,convex
23,163795,21268,1,0.556197,0.829852,1.0,7.5,10.0,convex
24,162174,19264,1,0.566495,0.846055,1.0,7.5,10.0,convex
25,159471,17002,1,0.57797,0.864567,1.0,7.5,10.0,convex
26,155460,14463,1,0.590435,0.881416,1.0,7.5,10.0,convex
27,151165,12284,1,0.605783,0.896669,1.0,7.5,10.0,convex
28,145226,10462,1,0.620655,0.908319,1.0,7.5,10.0,convex
29,137862,8644,1,0.638462,0.920139,1.0,7.5,10.0,convex
30,129943,6990,1,0.659652,0.931815,1.0,7.5,10.0,convex
31,122239,5435,1,0.684821,0.942204,1.0,7.5,10.0,convex
32,113297,4241,1,0.711432,0.951596,1.0,7.5,10.0,convex
33,105235,3151,1,0.741684,0.960588,1.0,7.5,10.0,convex
34,98124,2302,1,0.776559,0.968564,1.0,7.5,10.0,convex
35,91391,1677,1,0.812886,0.976313,1.0,7.5,10.0,convex
36,85169,1115,1,0.849846,0.983153,1.0,7.5,10.0,convex
37,80612,724,1,0.886178,0.988567,1.0,7.5,10.0,convex
38,76438,448,1,0.916273,0.99297,1.0,7.5,10.0,convex
39,73122,228,1,0.942722,0.996178,1.0,7.5,10.0,convex
40,71190,118,1,0.964159,0.997957,1.0,7.5,10.0,convex
41,70165,55,1,0.979122,0.99911,1.0,7.5,10.0,convex
42,69168,31,1,0.988492,0.999511,1.0,7.5,10.0,convex
43,68199,8,1,0.994374,0.999868,1.0,7.5,10.0,convex
44,68035,0,1,0.997474,1.0,1.0,7.5,10.0,convex

