generation,size,female_size,fertile_female_size,rate_dr,rate_has_drive,drive_efficiency,drop_ratio,low_density_growth_rate,density_growth_curve
1,77855,49053,1,0.0,0.0,0.9,21.25,10.0,convex
2,78509,49413,1,0.0,0.0,0.9,21.25,10.0,convex
3,84545,52628,1,0.0,0.0,0.9,21.25,10.0,convex
4,73109,47248,1,0.0,0.0,0.9,21.25,10.0,convex
5,68849,45243,1,0.0,0.0,0.9,21.25,10.0,convex
6,101529,61172,1,0.0,0.0,0.9,21.25,10.0,convex
7,83856,52660,1,0.0,0.0,0.9,21.25,10.0,convex
8,52654,37659,1,0.0,0.0,0.9,21.25,10.0,convex
9,86558,54598,1,0.0,0.0,0.9,21.25,10.0,convex
10,120386,70799,1,0.0,0.0,0.9,21.25,10.0,convex
11,210366,52727,1,0.607399,0.607399,0.9,21.25,10.0,convex
12,238127,36691,1,0.651143,0.65527,0.9,21.25,10.0,convex
13,274054,52908,1,0.573087,0.583401,0.9,21.25,10.0,convex
14,313635,69142,1,0.616683,0.622612,0.9,21.25,10.0,convex
15,273425,49443,1,0.706636,0.71104,0.9,21.25,10.0,convex
16,237177,34446,1,0.700309,0.799217,0.9,21.25,10.0,convex
17,266280,34412,1,0.719136,0.833758,0.9,21.25,10.0,convex
18,271076,27395,1,0.701593,0.861854,0.9,21.25,10.0,convex
19,283634,20735,1,0.715819,0.888543,0.9,21.25,10.0,convex
20,278673,15945,1,0.72694,0.913801,0.9,21.25,10.0,convex
21,282435,15098,1,0.738465,0.926128,0.9,21.25,10.0,convex
22,273754,12482,1,0.751411,0.940031,0.9,21.25,10.0,convex
23,268557,9403,1,0.769442,0.952336,0.9,21.25,10.0,convex
24,261049,7373,1,0.792355,0.961552,0.9,21.25,10.0,convex
25,251100,5359,1,0.816565,0.96944,0.9,21.25,10.0,convex
26,239795,3980,1,0.843832,0.97656,0.9,21.25,10.0,convex
27,230557,2874,1,0.87195,0.982243,0.9,21.25,10.0,convex
28,220822,2030,1,0.898611,0.987063,0.9,21.25,10.0,convex
29,213284,1389,1,0.922516,0.990945,0.9,21.25,10.0,convex
30,207093,929,1,0.942448,0.993734,0.9,21.25,10.0,convex
31,202714,619,1,0.959102,0.995925,0.9,21.25,10.0,convex
32,198996,357,1,0.971826,0.997665,0.9,21.25,10.0,convex
33,196713,208,1,0.981785,0.998662,0.9,21.25,10.0,convex
34,195089,123,1,0.988804,0.999261,0.9,21.25,10.0,convex
35,193431,55,1,0.993235,0.99966,0.9,21.25,10.0,convex
36,192542,32,1,0.996075,0.999808,0.9,21.25,10.0,convex
37,191504,13,1,0.997929,0.999927,0.9,21.25,10.0,convex
38,192221,6,1,0.998963,0.999969,0.9,21.25,10.0,convex
39,191697,2,1,0.99952,0.99999,0.9,21.25,10.0,convex
40,191781,1,1,0.999778,0.999995,0.9,21.25,10.0,convex
41,191485,1,1,0.999888,0.999995,0.9,21.25,10.0,convex
42,191888,0,1,0.999956,1.0,0.9,21.25,10.0,convex

