generation,size,female_size,fertile_female_size,rate_dr,rate_has_drive,drive_efficiency,drop_ratio,low_density_growth_rate,density_growth_curve
1,78431,49421,1,0.0,0.0,0.85,17.5,10.0,convex
2,77859,49164,1,0.0,0.0,0.85,17.5,10.0,convex
3,85551,53150,1,0.0,0.0,0.85,17.5,10.0,convex
4,75166,48529,1,0.0,0.0,0.85,17.5,10.0,convex
5,65633,43564,1,0.0,0.0,0.85,17.5,10.0,convex
6,97719,59307,1,0.0,0.0,0.85,17.5,10.0,convex
7,96240,58812,1,0.0,0.0,0.85,17.5,10.0,convex
8,62723,42871,1,0.0,0.0,0.85,17.5,10.0,convex
9,34353,29258,1,0.0,0.0,0.85,17.5,10.0,convex
10,132848,75845,1,0.0,0.0,0.85,17.5,10.0,convex
11,236322,75216,1,0.445037,0.445037,0.85,17.5,10.0,convex
12,244238,55434,1,0.646447,0.646447,0.85,17.5,10.0,convex
13,204073,40365,1,0.684412,0.700213,0.85,17.5,10.0,convex
14,213749,40028,1,0.573572,0.619748,0.85,17.5,10.0,convex
15,267068,56318,1,0.60167,0.638167,0.85,17.5,10.0,convex
16,237145,39745,1,0.687173,0.716064,0.85,17.5,10.0,convex
17,206666,29664,1,0.644439,0.807632,0.85,17.5,10.0,convex
18,253888,32359,1,0.696684,0.828716,0.85,17.5,10.0,convex
19,236863,24906,1,0.658606,0.861266,0.85,17.5,10.0,convex
20,263445,21922,1,0.686624,0.873093,0.85,17.5,10.0,convex
21,240140,15881,1,0.690432,0.899699,0.85,17.5,10.0,convex
22,252033,15803,1,0.704996,0.908963,0.85,17.5,10.0,convex
23,239825,13476,1,0.7171,0.923308,0.85,17.5,10.0,convex
24,238888,10890,1,0.731833,0.934794,0.85,17.5,10.0,convex
25,231068,9312,1,0.749702,0.943271,0.85,17.5,10.0,convex
26,223949,7234,1,0.767041,0.953074,0.85,17.5,10.0,convex
27,216296,5895,1,0.790015,0.960132,0.85,17.5,10.0,convex
28,206916,4588,1,0.814117,0.967211,0.85,17.5,10.0,convex
29,197845,3580,1,0.840386,0.97379,0.85,17.5,10.0,convex
30,190651,2643,1,0.865431,0.979719,0.85,17.5,10.0,convex
31,184169,1921,1,0.891039,0.984888,0.85,17.5,10.0,convex
32,177387,1349,1,0.913107,0.988957,0.85,17.5,10.0,convex
33,172353,930,1,0.934341,0.992304,0.85,17.5,10.0,convex
34,168437,626,1,0.952552,0.994957,0.85,17.5,10.0,convex
35,165234,420,1,0.966291,0.99662,0.85,17.5,10.0,convex
36,163123,244,1,0.976433,0.997971,0.85,17.5,10.0,convex
37,161338,141,1,0.984758,0.998863,0.85,17.5,10.0,convex
38,160119,87,1,0.990438,0.999347,0.85,17.5,10.0,convex
39,158861,41,1,0.993966,0.999693,0.85,17.5,10.0,convex
40,158959,18,1,0.99655,0.999868,0.85,17.5,10.0,convex
41,158614,8,1,0.998097,0.999943,0.85,17.5,10.0,convex
42,157872,4,1,0.999069,0.999975,0.85,17.5,10.0,convex
43,157884,0,1,0.999617,1.0,0.85,17.5,10.0,convex

