generation,size,female_size,fertile_female_size,rate_dr,rate_has_drive,drive_efficiency,drop_ratio,low_density_growth_rate,density_growth_curve
1,78239,49186,1,0.0,0.0,0.95,9.0,10.0,linear
2,78388,49249,1,0.0,0.0,0.95,9.0,10.0,linear
3,82383,51450,1,0.0,0.0,0.95,9.0,10.0,linear
4,81216,51160,1,0.0,0.0,0.95,9.0,10.0,linear
5,73038,47248,1,0.0,0.0,0.95,9.0,10.0,linear
6,75386,48425,1,0.0,0.0,0.95,9.0,10.0,linear
7,85837,53200,1,0.0,0.0,0.95,9.0,10.0,linear
8,81673,51189,1,0.0,0.0,0.95,9.0,10.0,linear
9,71092,46346,1,0.0,0.0,0.95,9.0,10.0,linear
10,74129,48195,1,0.0,0.0,0.95,9.0,10.0,linear
11,142806,54621,1,0.32105,0.32105,0.95,9.0,10.0,linear
12,165053,52203,1,0.467801,0.475675,0.95,9.0,10.0,linear
13,143872,41568,1,0.494225,0.539703,0.95,9.0,10.0,linear
14,148141,40151,1,0.496862,0.582329,0.95,9.0,10.0,linear
15,160148,40089,1,0.510542,0.624355,0.95,9.0,10.0,linear
16,161104,35106,1,0.533002,0.677408,0.95,9.0,10.0,linear
17,158848,30164,1,0.558416,0.734912,0.95,9.0,10.0,linear
18,158926,26418,1,0.5764,0.776917,0.95,9.0,10.0,linear
19,159884,23446,1,0.589387,0.806133,0.95,9.0,10.0,linear
20,158578,19693,1,0.604569,0.833579,0.95,9.0,10.0,linear
21,155701,16425,1,0.620086,0.857032,0.95,9.0,10.0,linear
22,152581,14103,1,0.636462,0.875303,0.95,9.0,10.0,linear
23,147601,11767,1,0.652772,0.892568,0.95,9.0,10.0,linear
24,142657,9776,1,0.671474,0.907671,0.95,9.0,10.0,linear
25,136369,7862,1,0.692818,0.921792,0.95,9.0,10.0,linear
26,130097,6274,1,0.715292,0.933735,0.95,9.0,10.0,linear
27,123693,4983,1,0.740254,0.944439,0.95,9.0,10.0,linear
28,116919,3867,1,0.767735,0.953899,0.95,9.0,10.0,linear
29,110829,2954,1,0.795308,0.963615,0.95,9.0,10.0,linear
30,105019,2141,1,0.824223,0.972272,0.95,9.0,10.0,linear
31,100531,1545,1,0.854022,0.978948,0.95,9.0,10.0,linear
32,96027,1022,1,0.882924,0.985072,0.95,9.0,10.0,linear
33,91875,710,1,0.910129,0.989643,0.95,9.0,10.0,linear
34,89003,444,1,0.934509,0.993448,0.95,9.0,10.0,linear
35,86582,267,1,0.953752,0.995858,0.95,9.0,10.0,linear
36,84718,170,1,0.969056,0.997531,0.95,9.0,10.0,linear
37,83262,85,1,0.979521,0.998814,0.95,9.0,10.0,linear
38,82686,49,1,0.987554,0.999327,0.95,9.0,10.0,linear
39,82087,21,1,0.993159,0.999745,0.95,9.0,10.0,linear
40,81746,10,1,0.996373,0.999878,0.95,9.0,10.0,linear
41,81363,6,1,0.997937,0.999926,0.95,9.0,10.0,linear
42,81062,0,1,0.999241,1.0,0.95,9.0,10.0,linear

