generation,size,female_size,fertile_female_size,rate_dr,rate_has_drive,drive_efficiency,drop_ratio,low_density_growth_rate,density_growth_curve
1,78764,49385,1,0.0,0.0,0.8,15.0,10.0,linear
2,78589,49348,1,0.0,0.0,0.8,15.0,10.0,linear
3,80016,50407,1,0.0,0.0,0.8,15.0,10.0,linear
4,80509,50804,1,0.0,0.0,0.8,15.0,10.0,linear
5,75881,48820,1,0.0,0.0,0.8,15.0,10.0,linear
6,76872,49227,1,0.0,0.0,0.8,15.0,10.0,linear
7,81744,51336,1,0.0,0.0,0.8,15.0,10.0,linear
8,82399,51734,1,0.0,0.0,0.8,15.0,10.0,linear
9,73087,47498,1,0.0,0.0,0.8,15.0,10.0,linear
10,74523,48238,1,0.0,0.0,0.8,15.0,10.0,linear
11,175515,53139,1,0.445968,0.445968,0.8,15.0,10.0,linear
12,218651,51961,1,0.585697,0.596235,0.8,15.0,10.0,linear
13,202922,43197,1,0.614628,0.651884,0.8,15.0,10.0,linear
14,200474,38505,1,0.617986,0.694219,0.8,15.0,10.0,linear
15,210971,37144,1,0.628306,0.734086,0.8,15.0,10.0,linear
16,213908,32042,1,0.644905,0.778541,0.8,15.0,10.0,linear
17,211722,26422,1,0.66272,0.823763,0.8,15.0,10.0,linear
18,212056,21895,1,0.680402,0.859111,0.8,15.0,10.0,linear
19,211010,18296,1,0.693407,0.882192,0.8,15.0,10.0,linear
20,208037,14756,1,0.708665,0.900903,0.8,15.0,10.0,linear
21,203229,11926,1,0.725578,0.915036,0.8,15.0,10.0,linear
22,197280,9800,1,0.743588,0.927257,0.8,15.0,10.0,linear
23,191001,8091,1,0.763651,0.938601,0.8,15.0,10.0,linear
24,184295,6530,1,0.783201,0.948022,0.8,15.0,10.0,linear
25,178292,5327,1,0.8052,0.957052,0.8,15.0,10.0,linear
26,171781,4188,1,0.825494,0.964334,0.8,15.0,10.0,linear
27,166151,3262,1,0.847599,0.971169,0.8,15.0,10.0,linear
28,161028,2483,1,0.870788,0.977377,0.8,15.0,10.0,linear
29,156445,1839,1,0.891073,0.982129,0.8,15.0,10.0,linear
30,151973,1348,1,0.911381,0.986981,0.8,15.0,10.0,linear
31,148491,920,1,0.930433,0.990467,0.8,15.0,10.0,linear
32,145555,629,1,0.947511,0.9936,0.8,15.0,10.0,linear
33,142744,401,1,0.963019,0.995945,0.8,15.0,10.0,linear
34,140040,255,1,0.97433,0.997363,0.8,15.0,10.0,linear
35,138347,174,1,0.982969,0.998303,0.8,15.0,10.0,linear
36,137517,107,1,0.988686,0.998946,0.8,15.0,10.0,linear
37,136896,63,1,0.993009,0.999411,0.8,15.0,10.0,linear
38,136040,39,1,0.995422,0.999641,0.8,15.0,10.0,linear
39,135765,21,1,0.996902,0.999824,0.8,15.0,10.0,linear
40,135780,13,1,0.998194,0.99986,0.8,15.0,10.0,linear
41,135635,6,1,0.998924,0.999926,0.8,15.0,10.0,linear
42,135283,3,1,0.99942,0.999948,0.8,15.0,10.0,linear
43,135356,0,1,0.999782,0.999985,0.8,15.0,10.0,linear

