generation,size,female_size,fertile_female_size,rate_dr,rate_has_drive,drive_efficiency,drop_ratio,low_density_growth_rate,density_growth_curve
1,78376,48982,1,0.0,0.0,0.95,9.75,10.0,linear
2,78210,48994,1,0.0,0.0,0.95,9.75,10.0,linear
3,83270,51792,1,0.0,0.0,0.95,9.75,10.0,linear
4,82838,52127,1,0.0,0.0,0.95,9.75,10.0,linear
5,74658,48471,1,0.0,0.0,0.95,9.75,10.0,linear
6,72480,47564,1,0.0,0.0,0.95,9.75,10.0,linear
7,81416,51359,1,0.0,0.0,0.95,9.75,10.0,linear
8,84156,52338,1,0.0,0.0,0.95,9.75,10.0,linear
9,76148,48496,1,0.0,0.0,0.95,9.75,10.0,linear
10,71520,46913,1,0.0,0.0,0.95,9.75,10.0,linear
11,142901,52853,1,0.337798,0.337798,0.95,9.75,10.0,linear
12,174208,53482,1,0.47629,0.486581,0.95,9.75,10.0,linear
13,155847,43554,1,0.517256,0.555397,0.95,9.75,10.0,linear
14,150527,38331,1,0.522504,0.609262,0.95,9.75,10.0,linear
15,164250,38544,1,0.534971,0.652711,0.95,9.75,10.0,linear
16,168446,34555,1,0.554125,0.703047,0.95,9.75,10.0,linear
17,166208,29041,1,0.576609,0.756,0.95,9.75,10.0,linear
18,165265,24871,1,0.595334,0.796189,0.95,9.75,10.0,linear
19,165884,22185,1,0.608342,0.82448,0.95,9.75,10.0,linear
20,164268,18449,1,0.623876,0.850381,0.95,9.75,10.0,linear
21,160582,15014,1,0.640078,0.872224,0.95,9.75,10.0,linear
22,156700,12601,1,0.658476,0.89012,0.95,9.75,10.0,linear
23,150533,10415,1,0.676984,0.906193,0.95,9.75,10.0,linear
24,144803,8484,1,0.697432,0.920257,0.95,9.75,10.0,linear
25,138542,6889,1,0.719155,0.933172,0.95,9.75,10.0,linear
26,131865,5492,1,0.742957,0.944538,0.95,9.75,10.0,linear
27,125577,4257,1,0.768146,0.954473,0.95,9.75,10.0,linear
28,119632,3204,1,0.794584,0.963809,0.95,9.75,10.0,linear
29,113694,2325,1,0.822889,0.972157,0.95,9.75,10.0,linear
30,109162,1661,1,0.85411,0.979334,0.95,9.75,10.0,linear
31,104225,1101,1,0.882869,0.985618,0.95,9.75,10.0,linear
32,100139,772,1,0.91044,0.989734,0.95,9.75,10.0,linear
33,96428,492,1,0.935178,0.993359,0.95,9.75,10.0,linear
34,93684,289,1,0.953795,0.99583,0.95,9.75,10.0,linear
35,92053,174,1,0.970777,0.997591,0.95,9.75,10.0,linear
36,90828,93,1,0.981122,0.998627,0.95,9.75,10.0,linear
37,89535,50,1,0.988403,0.999256,0.95,9.75,10.0,linear
38,88961,27,1,0.993017,0.99963,0.95,9.75,10.0,linear
39,88511,13,1,0.995945,0.999831,0.95,9.75,10.0,linear
40,88235,6,1,0.997787,0.999898,0.95,9.75,10.0,linear
41,88404,1,1,0.998819,0.999977,0.95,9.75,10.0,linear
42,88082,0,1,0.999432,1.0,0.95,9.75,10.0,linear

