generation,size,female_size,fertile_female_size,rate_dr,rate_has_drive,drive_efficiency,drop_ratio,low_density_growth_rate,density_growth_curve
1,78353,49194,1,0.0,0.0,0.9,21.25,10.0,convex
2,78096,49079,1,0.0,0.0,0.9,21.25,10.0,convex
3,83457,51935,1,0.0,0.0,0.9,21.25,10.0,convex
4,78894,50156,1,0.0,0.0,0.9,21.25,10.0,convex
5,68620,45232,1,0.0,0.0,0.9,21.25,10.0,convex
6,88296,54802,1,0.0,0.0,0.9,21.25,10.0,convex
7,91629,56521,1,0.0,0.0,0.9,21.25,10.0,convex
8,60085,41331,1,0.0,0.0,0.9,21.25,10.0,convex
9,58216,40246,1,0.0,0.0,0.9,21.25,10.0,convex
10,123470,71455,1,0.0,0.0,0.9,21.25,10.0,convex
11,221265,57141,1,0.577611,0.577611,0.9,21.25,10.0,convex
12,249087,40580,1,0.720641,0.72326,0.9,21.25,10.0,convex
13,237758,36354,1,0.586352,0.60709,0.9,21.25,10.0,convex
14,316817,68735,1,0.595767,0.615109,0.9,21.25,10.0,convex
15,291694,55316,1,0.670919,0.683785,0.9,21.25,10.0,convex
16,251928,38186,1,0.718434,0.773242,0.9,21.25,10.0,convex
17,245147,32795,1,0.706467,0.836678,0.9,21.25,10.0,convex
18,276660,29875,1,0.718765,0.85367,0.9,21.25,10.0,convex
19,274217,22052,1,0.703248,0.881977,0.9,21.25,10.0,convex
20,285918,16862,1,0.724102,0.903958,0.9,21.25,10.0,convex
21,279591,15762,1,0.733796,0.920688,0.9,21.25,10.0,convex
22,278114,13579,1,0.745114,0.933414,0.9,21.25,10.0,convex
23,270825,10825,1,0.762307,0.94677,0.9,21.25,10.0,convex
24,264966,8305,1,0.781592,0.957646,0.9,21.25,10.0,convex
25,255374,6379,1,0.803204,0.965066,0.9,21.25,10.0,convex
26,245318,4734,1,0.829365,0.972316,0.9,21.25,10.0,convex
27,235086,3475,1,0.856123,0.978874,0.9,21.25,10.0,convex
28,226030,2558,1,0.882788,0.984131,0.9,21.25,10.0,convex
29,217305,1793,1,0.907166,0.988512,0.9,21.25,10.0,convex
30,211446,1242,1,0.928573,0.991984,0.9,21.25,10.0,convex
31,206131,765,1,0.947533,0.994806,0.9,21.25,10.0,convex
32,201790,470,1,0.963515,0.996861,0.9,21.25,10.0,convex
33,198411,286,1,0.975934,0.998135,0.9,21.25,10.0,convex
34,195722,173,1,0.98532,0.998925,0.9,21.25,10.0,convex
35,193828,94,1,0.9912,0.999456,0.9,21.25,10.0,convex
36,192733,53,1,0.994889,0.999684,0.9,21.25,10.0,convex
37,192595,25,1,0.997093,0.999855,0.9,21.25,10.0,convex
38,192262,6,1,0.998498,0.999953,0.9,21.25,10.0,convex
39,192045,2,1,0.999308,0.999974,0.9,21.25,10.0,convex
40,192327,0,1,0.999737,1.0,0.9,21.25,10.0,convex

