generation,size,female_size,fertile_female_size,rate_dr,rate_has_drive,drive_efficiency,drop_ratio,low_density_growth_rate,density_growth_curve
1,77783,49082,1,0.0,0.0,0.95,13.5,10.0,linear
2,77646,48968,1,0.0,0.0,0.95,13.5,10.0,linear
3,80640,50639,1,0.0,0.0,0.95,13.5,10.0,linear
4,81908,51670,1,0.0,0.0,0.95,13.5,10.0,linear
5,76811,49175,1,0.0,0.0,0.95,13.5,10.0,linear
6,73364,47566,1,0.0,0.0,0.95,13.5,10.0,linear
7,81794,51523,1,0.0,0.0,0.95,13.5,10.0,linear
8,83515,52292,1,0.0,0.0,0.95,13.5,10.0,linear
9,73548,47443,1,0.0,0.0,0.95,13.5,10.0,linear
10,72396,47203,1,0.0,0.0,0.95,13.5,10.0,linear
11,167876,54034,1,0.413309,0.413309,0.95,13.5,10.0,linear
12,207850,53616,1,0.563034,0.57038,0.95,13.5,10.0,linear
13,186612,42490,1,0.603176,0.637182,0.95,13.5,10.0,linear
14,181325,37119,1,0.599757,0.681946,0.95,13.5,10.0,linear
15,196999,37064,1,0.607595,0.718381,0.95,13.5,10.0,linear
16,200576,32122,1,0.6225,0.763303,0.95,13.5,10.0,linear
17,199670,26523,1,0.642589,0.812325,0.95,13.5,10.0,linear
18,198424,22215,1,0.662004,0.849483,0.95,13.5,10.0,linear
19,197931,18820,1,0.675751,0.87467,0.95,13.5,10.0,linear
20,194576,15076,1,0.691746,0.895327,0.95,13.5,10.0,linear
21,190205,11753,1,0.711278,0.913869,0.95,13.5,10.0,linear
22,183936,9355,1,0.7318,0.928917,0.95,13.5,10.0,linear
23,176533,7401,1,0.755833,0.942812,0.95,13.5,10.0,linear
24,168954,5674,1,0.779835,0.955185,0.95,13.5,10.0,linear
25,162110,4231,1,0.807324,0.964999,0.95,13.5,10.0,linear
26,155235,3032,1,0.833362,0.973652,0.95,13.5,10.0,linear
27,148638,2116,1,0.862782,0.980645,0.95,13.5,10.0,linear
28,142141,1428,1,0.890656,0.98624,0.95,13.5,10.0,linear
29,136682,955,1,0.917133,0.990914,0.95,13.5,10.0,linear
30,132481,603,1,0.939268,0.99427,0.95,13.5,10.0,linear
31,129381,362,1,0.957533,0.996417,0.95,13.5,10.0,linear
32,126226,198,1,0.972442,0.998071,0.95,13.5,10.0,linear
33,124465,86,1,0.983072,0.999108,0.95,13.5,10.0,linear
34,123369,41,1,0.990955,0.999588,0.95,13.5,10.0,linear
35,121960,13,1,0.995076,0.999885,0.95,13.5,10.0,linear
36,122165,6,1,0.997689,0.999943,0.95,13.5,10.0,linear
37,122293,4,1,0.999019,0.999967,0.95,13.5,10.0,linear
38,122140,2,1,0.999443,0.999984,0.95,13.5,10.0,linear
39,122382,1,1,0.99982,0.999992,0.95,13.5,10.0,linear
40,121723,1,1,0.99986,0.999992,0.95,13.5,10.0,linear
41,121639,0,1,0.999918,1.0,0.95,13.5,10.0,linear

