generation,size,female_size,fertile_female_size,rate_dr,rate_has_drive,drive_efficiency,drop_ratio,low_density_growth_rate,density_growth_curve
1,77848,49037,1,0.0,0.0,0.7,22.5,10.0,convex
2,78460,49307,1,0.0,0.0,0.7,22.5,10.0,convex
3,84393,52616,1,0.0,0.0,0.7,22.5,10.0,convex
4,78960,50222,1,0.0,0.0,0.7,22.5,10.0,convex
5,59957,40906,1,0.0,0.0,0.7,22.5,10.0,convex
6,97004,58664,1,0.0,0.0,0.7,22.5,10.0,convex
7,107968,64482,1,0.0,0.0,0.7,22.5,10.0,convex
8,71962,47776,1,0.0,0.0,0.7,22.5,10.0,convex
9,40266,33179,1,0.0,0.0,0.7,22.5,10.0,convex
10,115751,68708,1,0.0,0.0,0.7,22.5,10.0,convex
11,259476,72091,1,0.522345,0.522345,0.7,22.5,10.0,convex
12,284933,52099,1,0.714543,0.714543,0.7,22.5,10.0,convex
13,247551,37379,1,0.679245,0.709604,0.7,22.5,10.0,convex
14,285681,49626,1,0.638779,0.68061,0.7,22.5,10.0,convex
15,304770,52300,1,0.69243,0.718466,0.7,22.5,10.0,convex
16,266158,33960,1,0.706229,0.790213,0.7,22.5,10.0,convex
17,273271,30894,1,0.712933,0.843993,0.7,22.5,10.0,convex
18,288555,27755,1,0.721605,0.874356,0.7,22.5,10.0,convex
19,294660,22405,1,0.718199,0.894317,0.7,22.5,10.0,convex
20,294870,16638,1,0.733116,0.914825,0.7,22.5,10.0,convex
21,291630,13923,1,0.745074,0.92673,0.7,22.5,10.0,convex
22,288128,12793,1,0.756834,0.933026,0.7,22.5,10.0,convex
23,279565,10648,1,0.770538,0.942744,0.7,22.5,10.0,convex
24,274156,9093,1,0.787468,0.949758,0.7,22.5,10.0,convex
25,266918,7638,1,0.802421,0.956045,0.7,22.5,10.0,convex
26,260051,6308,1,0.818511,0.961556,0.7,22.5,10.0,convex
27,252864,5305,1,0.837992,0.96702,0.7,22.5,10.0,convex
28,245616,4320,1,0.855346,0.972373,0.7,22.5,10.0,convex
29,239280,3561,1,0.873949,0.977097,0.7,22.5,10.0,convex
30,233293,2748,1,0.891928,0.981916,0.7,22.5,10.0,convex
31,228624,2122,1,0.910271,0.985802,0.7,22.5,10.0,convex
32,223377,1603,1,0.926646,0.989376,0.7,22.5,10.0,convex
33,218557,1139,1,0.94134,0.992041,0.7,22.5,10.0,convex
34,215435,843,1,0.955232,0.99406,0.7,22.5,10.0,convex
35,211819,569,1,0.967001,0.996178,0.7,22.5,10.0,convex
36,209465,347,1,0.976,0.997659,0.7,22.5,10.0,convex
37,208046,222,1,0.983992,0.99859,0.7,22.5,10.0,convex
38,205948,125,1,0.989246,0.999267,0.7,22.5,10.0,convex
39,204741,76,1,0.993426,0.999557,0.7,22.5,10.0,convex
40,204026,30,1,0.995704,0.999824,0.7,22.5,10.0,convex
41,203982,9,1,0.997879,0.999941,0.7,22.5,10.0,convex
42,203552,5,1,0.998964,0.999975,0.7,22.5,10.0,convex
43,202744,1,1,0.999564,0.999995,0.7,22.5,10.0,convex
44,203465,0,1,0.99986,1.0,0.7,22.5,10.0,convex

