generation,size,female_size,fertile_female_size,rate_dr,rate_has_drive,drive_efficiency,drop_ratio,low_density_growth_rate,density_growth_curve
1,78671,49473,1,0.0,0.0,1.0,11.25,10.0,linear
2,78080,49224,1,0.0,0.0,1.0,11.25,10.0,linear
3,80743,50665,1,0.0,0.0,1.0,11.25,10.0,linear
4,82406,51770,1,0.0,0.0,1.0,11.25,10.0,linear
5,76392,48980,1,0.0,0.0,1.0,11.25,10.0,linear
6,74355,47989,1,0.0,0.0,1.0,11.25,10.0,linear
7,81321,51275,1,0.0,0.0,1.0,11.25,10.0,linear
8,84101,52443,1,0.0,0.0,1.0,11.25,10.0,linear
9,75730,48666,1,0.0,0.0,1.0,11.25,10.0,linear
10,70669,46378,1,0.0,0.0,1.0,11.25,10.0,linear
11,149869,51926,1,0.367545,0.367545,1.0,11.25,10.0,linear
12,189003,54199,1,0.505911,0.516349,1.0,11.25,10.0,linear
13,171682,44740,1,0.554608,0.587282,1.0,11.25,10.0,linear
14,161020,37346,1,0.560474,0.644171,1.0,11.25,10.0,linear
15,174648,37033,1,0.570069,0.686088,1.0,11.25,10.0,linear
16,179771,33130,1,0.584908,0.7314,1.0,11.25,10.0,linear
17,179739,27829,1,0.605148,0.780986,1.0,11.25,10.0,linear
18,178371,23424,1,0.626581,0.822995,1.0,11.25,10.0,linear
19,177690,20145,1,0.641023,0.851978,1.0,11.25,10.0,linear
20,176166,16545,1,0.657067,0.87784,1.0,11.25,10.0,linear
21,172400,12919,1,0.677303,0.899999,1.0,11.25,10.0,linear
22,167090,10250,1,0.697943,0.918035,1.0,11.25,10.0,linear
23,159381,8132,1,0.720724,0.932626,1.0,11.25,10.0,linear
24,151652,6280,1,0.746292,0.94644,1.0,11.25,10.0,linear
25,144229,4639,1,0.773494,0.958418,1.0,11.25,10.0,linear
26,136972,3306,1,0.803316,0.968378,1.0,11.25,10.0,linear
27,130096,2366,1,0.834632,0.976311,1.0,11.25,10.0,linear
28,123450,1560,1,0.865465,0.983275,1.0,11.25,10.0,linear
29,118252,1038,1,0.897152,0.988499,1.0,11.25,10.0,linear
30,113046,637,1,0.923513,0.992584,1.0,11.25,10.0,linear
31,109968,420,1,0.945294,0.994985,1.0,11.25,10.0,linear
32,106943,265,1,0.961853,0.996804,1.0,11.25,10.0,linear
33,105114,156,1,0.974641,0.99819,1.0,11.25,10.0,linear
34,103828,74,1,0.984474,0.999198,1.0,11.25,10.0,linear
35,103073,36,1,0.990769,0.999643,1.0,11.25,10.0,linear
36,102351,21,1,0.994718,0.999795,1.0,11.25,10.0,linear
37,101542,10,1,0.996907,0.999902,1.0,11.25,10.0,linear
38,101681,5,1,0.998364,0.999951,1.0,11.25,10.0,linear
39,101484,0,1,0.999192,1.0,1.0,11.25,10.0,linear

