generation,size,female_size,fertile_female_size,rate_dr,rate_has_drive,drive_efficiency,drop_ratio,low_density_growth_rate,density_growth_curve
1,78326,49260,1,0.0,0.0,0.8,20.0,10.0,convex
2,77778,48846,1,0.0,0.0,0.8,20.0,10.0,convex
3,86162,53299,1,0.0,0.0,0.8,20.0,10.0,convex
4,75976,48778,1,0.0,0.0,0.8,20.0,10.0,convex
5,61429,41481,1,0.0,0.0,0.8,20.0,10.0,convex
6,95883,58210,1,0.0,0.0,0.8,20.0,10.0,convex
7,105418,63150,1,0.0,0.0,0.8,20.0,10.0,convex
8,70016,46720,1,0.0,0.0,0.8,20.0,10.0,convex
9,39199,32444,1,0.0,0.0,0.8,20.0,10.0,convex
10,120426,70543,1,0.0,0.0,0.8,20.0,10.0,convex
11,243584,71536,1,0.492894,0.492894,0.8,20.0,10.0,convex
12,261430,51774,1,0.689909,0.689909,0.8,20.0,10.0,convex
13,223515,37161,1,0.651357,0.682121,0.8,20.0,10.0,convex
14,263877,50158,1,0.607422,0.649607,0.8,20.0,10.0,convex
15,283997,53594,1,0.662768,0.688884,0.8,20.0,10.0,convex
16,244307,35036,1,0.690846,0.768745,0.8,20.0,10.0,convex
17,245288,30971,1,0.690433,0.830652,0.8,20.0,10.0,convex
18,266954,28813,1,0.704097,0.858868,0.8,20.0,10.0,convex
19,270337,23063,1,0.696248,0.882042,0.8,20.0,10.0,convex
20,275049,17884,1,0.713772,0.903921,0.8,20.0,10.0,convex
21,268366,14618,1,0.725176,0.919737,0.8,20.0,10.0,convex
22,267388,13214,1,0.737495,0.929328,0.8,20.0,10.0,convex
23,258344,10729,1,0.752181,0.939918,0.8,20.0,10.0,convex
24,252266,8831,1,0.770742,0.948912,0.8,20.0,10.0,convex
25,244476,7287,1,0.789842,0.956722,0.8,20.0,10.0,convex
26,236621,5809,1,0.809053,0.963375,0.8,20.0,10.0,convex
27,229307,4742,1,0.831702,0.969788,0.8,20.0,10.0,convex
28,221019,3666,1,0.854282,0.975548,0.8,20.0,10.0,convex
29,213392,2741,1,0.877109,0.980933,0.8,20.0,10.0,convex
30,205932,2059,1,0.898223,0.984697,0.8,20.0,10.0,convex
31,200980,1566,1,0.918645,0.988386,0.8,20.0,10.0,convex
32,197005,1106,1,0.937079,0.991767,0.8,20.0,10.0,convex
33,192206,729,1,0.952749,0.994674,0.8,20.0,10.0,convex
34,188923,480,1,0.965743,0.996527,0.8,20.0,10.0,convex
35,186531,330,1,0.975806,0.997644,0.8,20.0,10.0,convex
36,184716,184,1,0.983459,0.99866,0.8,20.0,10.0,convex
37,182948,109,1,0.989504,0.999244,0.8,20.0,10.0,convex
38,182244,57,1,0.993618,0.999595,0.8,20.0,10.0,convex
39,181609,29,1,0.996396,0.999808,0.8,20.0,10.0,convex
40,180940,17,1,0.998039,0.999901,0.8,20.0,10.0,convex
41,180702,8,1,0.999018,0.999956,0.8,20.0,10.0,convex
42,180771,1,1,0.999511,0.999994,0.8,20.0,10.0,convex
43,180408,0,1,0.999745,1.0,0.8,20.0,10.0,convex

