generation,size,female_size,fertile_female_size,rate_dr,rate_has_drive,drive_efficiency,drop_ratio,low_density_growth_rate,density_growth_curve
1,78209,49055,1,0.0,0.0,0.95,18.75,10.0,convex
2,77374,48651,1,0.0,0.0,0.95,18.75,10.0,convex
3,84942,52719,1,0.0,0.0,0.95,18.75,10.0,convex
4,82975,52137,1,0.0,0.0,0.95,18.75,10.0,convex
5,56775,39402,1,0.0,0.0,0.95,18.75,10.0,convex
6,86673,53849,1,0.0,0.0,0.95,18.75,10.0,convex
7,117198,69003,1,0.0,0.0,0.95,18.75,10.0,convex
8,80225,51511,1,0.0,0.0,0.95,18.75,10.0,convex
9,46502,36474,1,0.0,0.0,0.95,18.75,10.0,convex
10,94777,59372,1,0.0,0.0,0.95,18.75,10.0,convex
11,233655,70347,1,0.482416,0.482416,0.95,18.75,10.0,convex
12,250005,50477,1,0.678058,0.678058,0.95,18.75,10.0,convex
13,214314,35316,1,0.629697,0.676104,0.95,18.75,10.0,convex
14,257951,50015,1,0.605529,0.661073,0.95,18.75,10.0,convex
15,270324,50252,1,0.662411,0.69831,0.95,18.75,10.0,convex
16,231944,33347,1,0.661038,0.774391,0.95,18.75,10.0,convex
17,248029,31422,1,0.689299,0.822706,0.95,18.75,10.0,convex
18,250717,27700,1,0.681675,0.858946,0.95,18.75,10.0,convex
19,266336,23441,1,0.692607,0.878857,0.95,18.75,10.0,convex
20,257418,17178,1,0.702981,0.906432,0.95,18.75,10.0,convex
21,260498,14542,1,0.718435,0.920363,0.95,18.75,10.0,convex
22,253496,12758,1,0.732888,0.932178,0.95,18.75,10.0,convex
23,246143,9771,1,0.749309,0.945168,0.95,18.75,10.0,convex
24,239190,7913,1,0.772903,0.955696,0.95,18.75,10.0,convex
25,229134,5851,1,0.795198,0.965095,0.95,18.75,10.0,convex
26,219906,4314,1,0.823294,0.973171,0.95,18.75,10.0,convex
27,209622,3084,1,0.851692,0.979809,0.95,18.75,10.0,convex
28,200715,2150,1,0.880912,0.985074,0.95,18.75,10.0,convex
29,192397,1496,1,0.908128,0.989499,0.95,18.75,10.0,convex
30,185600,961,1,0.9305,0.992851,0.95,18.75,10.0,convex
31,181281,656,1,0.950498,0.995329,0.95,18.75,10.0,convex
32,177685,381,1,0.965893,0.997127,0.95,18.75,10.0,convex
33,174726,219,1,0.978239,0.99844,0.95,18.75,10.0,convex
34,172333,120,1,0.986041,0.999154,0.95,18.75,10.0,convex
35,171322,63,1,0.991708,0.999541,0.95,18.75,10.0,convex
36,170283,38,1,0.995073,0.999742,0.95,18.75,10.0,convex
37,169586,19,1,0.997208,0.999859,0.95,18.75,10.0,convex
38,169257,10,1,0.998518,0.999935,0.95,18.75,10.0,convex
39,168927,2,1,0.999115,0.999988,0.95,18.75,10.0,convex
40,169248,1,1,0.999625,0.999994,0.95,18.75,10.0,convex
41,169549,0,1,0.999832,1.0,0.95,18.75,10.0,convex

