generation,size,female_size,fertile_female_size,rate_dr,rate_has_drive,drive_efficiency,drop_ratio,low_density_growth_rate,density_growth_curve
1,78091,49120,1,0.0,0.0,1.0,16.25,10.0,convex
2,77880,49092,1,0.0,0.0,1.0,16.25,10.0,convex
3,85527,53103,1,0.0,0.0,1.0,16.25,10.0,convex
4,78862,49988,1,0.0,0.0,1.0,16.25,10.0,convex
5,60132,40948,1,0.0,0.0,1.0,16.25,10.0,convex
6,96766,58779,1,0.0,0.0,1.0,16.25,10.0,convex
7,107224,64047,1,0.0,0.0,1.0,16.25,10.0,convex
8,71510,47273,1,0.0,0.0,1.0,16.25,10.0,convex
9,39857,32787,1,0.0,0.0,1.0,16.25,10.0,convex
10,117050,69067,1,0.0,0.0,1.0,16.25,10.0,convex
11,222342,72085,1,0.439719,0.439719,1.0,16.25,10.0,convex
12,228293,52205,1,0.64161,0.64161,1.0,16.25,10.0,convex
13,190651,37427,1,0.609664,0.642067,1.0,16.25,10.0,convex
14,227410,49275,1,0.555913,0.603058,1.0,16.25,10.0,convex
15,252885,54680,1,0.610252,0.639809,1.0,16.25,10.0,convex
16,212935,36150,1,0.650119,0.72843,1.0,16.25,10.0,convex
17,209197,31261,1,0.648494,0.80259,1.0,16.25,10.0,convex
18,235322,30174,1,0.668817,0.830734,1.0,16.25,10.0,convex
19,234711,24481,1,0.657588,0.860931,1.0,16.25,10.0,convex
20,243549,19228,1,0.678992,0.884802,1.0,16.25,10.0,convex
21,234512,15520,1,0.690043,0.907567,1.0,16.25,10.0,convex
22,235719,13979,1,0.704621,0.921113,1.0,16.25,10.0,convex
23,225292,10880,1,0.722498,0.937918,1.0,16.25,10.0,convex
24,219602,8168,1,0.74374,0.951179,1.0,16.25,10.0,convex
25,210766,6198,1,0.770079,0.961275,1.0,16.25,10.0,convex
26,200685,4457,1,0.799948,0.970591,1.0,16.25,10.0,convex
27,188864,3066,1,0.831251,0.97849,1.0,16.25,10.0,convex
28,179924,2079,1,0.865118,0.984953,1.0,16.25,10.0,convex
29,170898,1356,1,0.897778,0.989875,1.0,16.25,10.0,convex
30,163608,865,1,0.925137,0.993558,1.0,16.25,10.0,convex
31,158076,511,1,0.948132,0.996207,1.0,16.25,10.0,convex
32,153859,275,1,0.966173,0.99803,1.0,16.25,10.0,convex
33,150986,138,1,0.978768,0.998998,1.0,16.25,10.0,convex
34,149411,55,1,0.987826,0.999601,1.0,16.25,10.0,convex
35,148172,16,1,0.993705,0.999892,1.0,16.25,10.0,convex
36,147434,3,1,0.997211,0.99998,1.0,16.25,10.0,convex
37,146841,0,1,0.998938,1.0,1.0,16.25,10.0,convex

