generation,size,female_size,fertile_female_size,rate_dr,rate_has_drive,drive_efficiency,drop_ratio,low_density_growth_rate,density_growth_curve
1,77946,48918,1,0.0,0.0,0.95,16.25,10.0,convex
2,78095,48972,1,0.0,0.0,0.95,16.25,10.0,convex
3,87238,53884,1,0.0,0.0,0.95,16.25,10.0,convex
4,75187,48446,1,0.0,0.0,0.95,16.25,10.0,convex
5,56991,39396,1,0.0,0.0,0.95,16.25,10.0,convex
6,105273,62639,1,0.0,0.0,0.95,16.25,10.0,convex
7,106427,63492,1,0.0,0.0,0.95,16.25,10.0,convex
8,70424,46787,1,0.0,0.0,0.95,16.25,10.0,convex
9,38163,32433,1,0.0,0.0,0.95,16.25,10.0,convex
10,118683,69672,1,0.0,0.0,0.95,16.25,10.0,convex
11,223271,72520,1,0.437213,0.437213,0.95,16.25,10.0,convex
12,228865,52278,1,0.641251,0.641251,0.95,16.25,10.0,convex
13,191632,37972,1,0.609088,0.641235,0.95,16.25,10.0,convex
14,227487,49806,1,0.561767,0.607444,0.95,16.25,10.0,convex
15,249685,53578,1,0.617895,0.646567,0.95,16.25,10.0,convex
16,211148,35113,1,0.647967,0.734684,0.95,16.25,10.0,convex
17,212721,31442,1,0.649039,0.800274,0.95,16.25,10.0,convex
18,234831,30089,1,0.66354,0.83065,0.95,16.25,10.0,convex
19,237499,24954,1,0.65738,0.857527,0.95,16.25,10.0,convex
20,241484,19651,1,0.676264,0.883087,0.95,16.25,10.0,convex
21,235980,16221,1,0.687871,0.903428,0.95,16.25,10.0,convex
22,236224,14606,1,0.701461,0.916641,0.95,16.25,10.0,convex
23,227823,11608,1,0.717098,0.932728,0.95,16.25,10.0,convex
24,222354,9034,1,0.736415,0.944581,0.95,16.25,10.0,convex
25,213696,7209,1,0.759913,0.953822,0.95,16.25,10.0,convex
26,203795,5455,1,0.785453,0.963251,0.95,16.25,10.0,convex
27,193434,4024,1,0.814864,0.971324,0.95,16.25,10.0,convex
28,183958,2957,1,0.844916,0.978575,0.95,16.25,10.0,convex
29,175448,2062,1,0.873103,0.984428,0.95,16.25,10.0,convex
30,168842,1409,1,0.901193,0.988914,0.95,16.25,10.0,convex
31,162295,913,1,0.925087,0.992526,0.95,16.25,10.0,convex
32,158137,589,1,0.946796,0.994892,0.95,16.25,10.0,convex
33,154490,394,1,0.963318,0.996588,0.95,16.25,10.0,convex
34,151442,260,1,0.975324,0.997859,0.95,16.25,10.0,convex
35,149129,158,1,0.984077,0.998738,0.95,16.25,10.0,convex
36,148154,72,1,0.989779,0.99941,0.95,16.25,10.0,convex
37,147672,29,1,0.994253,0.999777,0.95,16.25,10.0,convex
38,146887,15,1,0.99698,0.999898,0.95,16.25,10.0,convex
39,146726,2,1,0.998474,0.999986,0.95,16.25,10.0,convex
40,146759,1,1,0.999377,0.999993,0.95,16.25,10.0,convex
41,146615,0,1,0.999806,1.0,0.95,16.25,10.0,convex

