generation,size,female_size,fertile_female_size,rate_dr,rate_has_drive,drive_efficiency,drop_ratio,low_density_growth_rate,density_growth_curve
1,78698,49383,1,0.0,0.0,0.9,13.5,10.0,linear
2,78174,49200,1,0.0,0.0,0.9,13.5,10.0,linear
3,81430,51044,1,0.0,0.0,0.9,13.5,10.0,linear
4,81778,51691,1,0.0,0.0,0.9,13.5,10.0,linear
5,76981,49547,1,0.0,0.0,0.9,13.5,10.0,linear
6,72885,47368,1,0.0,0.0,0.9,13.5,10.0,linear
7,79098,50215,1,0.0,0.0,0.9,13.5,10.0,linear
8,84678,52730,1,0.0,0.0,0.9,13.5,10.0,linear
9,78315,49544,1,0.0,0.0,0.9,13.5,10.0,linear
10,72707,47525,1,0.0,0.0,0.9,13.5,10.0,linear
11,162929,51971,1,0.415637,0.415637,0.9,13.5,10.0,linear
12,207607,53814,1,0.549353,0.560423,0.9,13.5,10.0,linear
13,192791,44942,1,0.5999,0.628416,0.9,13.5,10.0,linear
14,180726,36702,1,0.600823,0.682912,0.9,13.5,10.0,linear
15,195338,36093,1,0.611216,0.721425,0.9,13.5,10.0,linear
16,199456,31904,1,0.622721,0.765703,0.9,13.5,10.0,linear
17,200834,26702,1,0.64196,0.810426,0.9,13.5,10.0,linear
18,198691,22218,1,0.660304,0.847671,0.9,13.5,10.0,linear
19,198262,18867,1,0.674644,0.872059,0.9,13.5,10.0,linear
20,194756,15447,1,0.689906,0.892803,0.9,13.5,10.0,linear
21,189964,12023,1,0.708174,0.910738,0.9,13.5,10.0,linear
22,184511,9694,1,0.729111,0.925119,0.9,13.5,10.0,linear
23,177383,7833,1,0.750478,0.938887,0.9,13.5,10.0,linear
24,170015,6110,1,0.773171,0.950057,0.9,13.5,10.0,linear
25,163786,4772,1,0.79709,0.959769,0.9,13.5,10.0,linear
26,156785,3543,1,0.821411,0.967877,0.9,13.5,10.0,linear
27,150732,2553,1,0.847596,0.974996,0.9,13.5,10.0,linear
28,144628,1862,1,0.875704,0.981691,0.9,13.5,10.0,linear
29,139171,1341,1,0.900756,0.986206,0.9,13.5,10.0,linear
30,134738,925,1,0.924592,0.990435,0.9,13.5,10.0,linear
31,131268,599,1,0.941922,0.993885,0.9,13.5,10.0,linear
32,128798,361,1,0.957627,0.996033,0.9,13.5,10.0,linear
33,126740,219,1,0.971297,0.997733,0.9,13.5,10.0,linear
34,125107,113,1,0.981701,0.998836,0.9,13.5,10.0,linear
35,123534,62,1,0.989439,0.999372,0.9,13.5,10.0,linear
36,122470,34,1,0.994129,0.999707,0.9,13.5,10.0,linear
37,122084,18,1,0.996956,0.999845,0.9,13.5,10.0,linear
38,122396,13,1,0.99831,0.999886,0.9,13.5,10.0,linear
39,121683,6,1,0.999043,0.999951,0.9,13.5,10.0,linear
40,121866,3,1,0.999442,0.999975,0.9,13.5,10.0,linear
41,122065,0,1,0.999705,1.0,0.9,13.5,10.0,linear

