generation,size,female_size,fertile_female_size,rate_dr,rate_has_drive,drive_efficiency,drop_ratio,low_density_growth_rate,density_growth_curve
1,78245,49193,1,0.0,0.0,0.8,25.0,10.0,convex
2,78433,49354,1,0.0,0.0,0.8,25.0,10.0,convex
3,85124,52862,1,0.0,0.0,0.8,25.0,10.0,convex
4,75433,48509,1,0.0,0.0,0.8,25.0,10.0,convex
5,66552,44165,1,0.0,0.0,0.8,25.0,10.0,convex
6,99094,60005,1,0.0,0.0,0.8,25.0,10.0,convex
7,89712,55491,1,0.0,0.0,0.8,25.0,10.0,convex
8,57337,40071,1,0.0,0.0,0.8,25.0,10.0,convex
9,65040,44352,1,0.0,0.0,0.8,25.0,10.0,convex
10,124686,72122,1,0.0,0.0,0.8,25.0,10.0,convex
11,237964,54209,1,0.632306,0.632306,0.8,25.0,10.0,convex
12,276574,37686,1,0.706587,0.709401,0.8,25.0,10.0,convex
13,293766,47016,1,0.609513,0.620286,0.8,25.0,10.0,convex
14,353256,71735,1,0.646326,0.652295,0.8,25.0,10.0,convex
15,312659,52176,1,0.727463,0.731858,0.8,25.0,10.0,convex
16,275120,35648,1,0.74567,0.814689,0.8,25.0,10.0,convex
17,287358,32657,1,0.743304,0.860091,0.8,25.0,10.0,convex
18,308426,27132,1,0.739972,0.879419,0.8,25.0,10.0,convex
19,311992,19363,1,0.738367,0.904482,0.8,25.0,10.0,convex
20,314879,14463,1,0.755075,0.925007,0.8,25.0,10.0,convex
21,312102,13981,1,0.767167,0.936136,0.8,25.0,10.0,convex
22,305415,11564,1,0.779079,0.947844,0.8,25.0,10.0,convex
23,299826,9008,1,0.797248,0.957596,0.8,25.0,10.0,convex
24,291969,7082,1,0.816676,0.965043,0.8,25.0,10.0,convex
25,282761,5467,1,0.838527,0.971355,0.8,25.0,10.0,convex
26,271952,4142,1,0.861055,0.977103,0.8,25.0,10.0,convex
27,263171,3120,1,0.884621,0.982504,0.8,25.0,10.0,convex
28,255490,2314,1,0.905526,0.986662,0.8,25.0,10.0,convex
29,248392,1637,1,0.92571,0.990294,0.8,25.0,10.0,convex
30,243215,1112,1,0.943762,0.99326,0.8,25.0,10.0,convex
31,238548,765,1,0.9586,0.995198,0.8,25.0,10.0,convex
32,235435,528,1,0.970321,0.996631,0.8,25.0,10.0,convex
33,231856,368,1,0.979152,0.997629,0.8,25.0,10.0,convex
34,229900,265,1,0.985558,0.998314,0.8,25.0,10.0,convex
35,228511,175,1,0.989906,0.998869,0.8,25.0,10.0,convex
36,227995,109,1,0.992703,0.999376,0.8,25.0,10.0,convex
37,227032,61,1,0.995312,0.999688,0.8,25.0,10.0,convex
38,225986,34,1,0.996908,0.999841,0.8,25.0,10.0,convex
39,225742,19,1,0.998221,0.999916,0.8,25.0,10.0,convex
40,226175,6,1,0.99909,0.999973,0.8,25.0,10.0,convex
41,226067,1,1,0.999564,0.999996,0.8,25.0,10.0,convex
42,225750,0,1,0.999816,1.0,0.8,25.0,10.0,convex

