generation,size,female_size,fertile_female_size,rate_dr,rate_has_drive,drive_efficiency,drop_ratio,low_density_growth_rate,density_growth_curve
1,77968,48957,1,0.0,0.0,0.95,10.5,10.0,linear
2,77967,49169,1,0.0,0.0,0.95,10.5,10.0,linear
3,82352,51434,1,0.0,0.0,0.95,10.5,10.0,linear
4,80453,50871,1,0.0,0.0,0.95,10.5,10.0,linear
5,73301,47512,1,0.0,0.0,0.95,10.5,10.0,linear
6,77379,49698,1,0.0,0.0,0.95,10.5,10.0,linear
7,85217,53283,1,0.0,0.0,0.95,10.5,10.0,linear
8,80000,50757,1,0.0,0.0,0.95,10.5,10.0,linear
9,71054,46581,1,0.0,0.0,0.95,10.5,10.0,linear
10,76217,49219,1,0.0,0.0,0.95,10.5,10.0,linear
11,149703,53746,1,0.363994,0.363994,0.95,10.5,10.0,linear
12,174490,50380,1,0.502438,0.51358,0.95,10.5,10.0,linear
13,159934,42608,1,0.522374,0.566769,0.95,10.5,10.0,linear
14,163881,40969,1,0.531807,0.611524,0.95,10.5,10.0,linear
15,171709,38930,1,0.547448,0.657647,0.95,10.5,10.0,linear
16,172370,34014,1,0.568018,0.71165,0.95,10.5,10.0,linear
17,171460,29148,1,0.59253,0.767869,0.95,10.5,10.0,linear
18,171026,24719,1,0.610164,0.807542,0.95,10.5,10.0,linear
19,171509,21150,1,0.623733,0.835854,0.95,10.5,10.0,linear
20,170080,17478,1,0.639674,0.860691,0.95,10.5,10.0,linear
21,166675,14529,1,0.655425,0.880849,0.95,10.5,10.0,linear
22,161671,12056,1,0.673089,0.897863,0.95,10.5,10.0,linear
23,156379,9998,1,0.692317,0.913616,0.95,10.5,10.0,linear
24,150077,8050,1,0.712499,0.926712,0.95,10.5,10.0,linear
25,143884,6401,1,0.735693,0.939902,0.95,10.5,10.0,linear
26,137184,4957,1,0.760826,0.950644,0.95,10.5,10.0,linear
27,130776,3739,1,0.787967,0.960324,0.95,10.5,10.0,linear
28,124320,2799,1,0.815479,0.967998,0.95,10.5,10.0,linear
29,118989,2106,1,0.844059,0.975689,0.95,10.5,10.0,linear
30,113561,1441,1,0.871607,0.982534,0.95,10.5,10.0,linear
31,109346,1004,1,0.898968,0.987377,0.95,10.5,10.0,linear
32,105471,691,1,0.922503,0.991106,0.95,10.5,10.0,linear
33,102638,471,1,0.943998,0.993619,0.95,10.5,10.0,linear
34,99794,313,1,0.959703,0.996047,0.95,10.5,10.0,linear
35,98351,161,1,0.972127,0.997984,0.95,10.5,10.0,linear
36,97269,88,1,0.982597,0.998909,0.95,10.5,10.0,linear
37,96560,52,1,0.989348,0.999423,0.95,10.5,10.0,linear
38,95573,28,1,0.993882,0.999687,0.95,10.5,10.0,linear
39,95353,15,1,0.996499,0.999843,0.95,10.5,10.0,linear
40,95223,4,1,0.998085,0.999958,0.95,10.5,10.0,linear
41,94814,2,1,0.999141,0.999979,0.95,10.5,10.0,linear
42,94685,0,1,0.999609,1.0,0.95,10.5,10.0,linear

