generation,size,female_size,fertile_female_size,rate_dr,rate_has_drive,drive_efficiency,drop_ratio,low_density_growth_rate,density_growth_curve
1,78512,49356,1,0.0,0.0,0.85,25.0,10.0,convex
2,77896,49178,1,0.0,0.0,0.85,25.0,10.0,convex
3,83176,52200,1,0.0,0.0,0.85,25.0,10.0,convex
4,79645,50746,1,0.0,0.0,0.85,25.0,10.0,convex
5,63105,42629,1,0.0,0.0,0.85,25.0,10.0,convex
6,89581,55359,1,0.0,0.0,0.85,25.0,10.0,convex
7,104996,62959,1,0.0,0.0,0.85,25.0,10.0,convex
8,70582,46580,1,0.0,0.0,0.85,25.0,10.0,convex
9,40003,32408,1,0.0,0.0,0.85,25.0,10.0,convex
10,118753,69806,1,0.0,0.0,0.85,25.0,10.0,convex
11,275921,72787,1,0.545261,0.545261,0.85,25.0,10.0,convex
12,308357,53191,1,0.731393,0.731393,0.85,25.0,10.0,convex
13,270118,37877,1,0.718934,0.743473,0.85,25.0,10.0,convex
14,297816,45741,1,0.6615,0.703906,0.85,25.0,10.0,convex
15,328570,52454,1,0.708228,0.736094,0.85,25.0,10.0,convex
16,292946,34858,1,0.724217,0.802931,0.85,25.0,10.0,convex
17,296885,30988,1,0.730897,0.855116,0.85,25.0,10.0,convex
18,310321,27610,1,0.741137,0.886041,0.85,25.0,10.0,convex
19,316116,21933,1,0.737938,0.905604,0.85,25.0,10.0,convex
20,317599,16101,1,0.752832,0.926368,0.85,25.0,10.0,convex
21,312287,12265,1,0.767048,0.940175,0.85,25.0,10.0,convex
22,307989,10964,1,0.784003,0.948392,0.85,25.0,10.0,convex
23,296859,8571,1,0.80155,0.958062,0.85,25.0,10.0,convex
24,288833,6819,1,0.821364,0.965512,0.85,25.0,10.0,convex
25,280505,5417,1,0.842993,0.972464,0.85,25.0,10.0,convex
26,272094,4083,1,0.86387,0.97803,0.85,25.0,10.0,convex
27,263064,3024,1,0.886887,0.983103,0.85,25.0,10.0,convex
28,254566,2253,1,0.908391,0.987271,0.85,25.0,10.0,convex
29,248248,1647,1,0.927459,0.990795,0.85,25.0,10.0,convex
30,243057,1127,1,0.944388,0.993835,0.85,25.0,10.0,convex
31,238676,715,1,0.959043,0.996053,0.85,25.0,10.0,convex
32,234454,435,1,0.970935,0.997626,0.85,25.0,10.0,convex
33,232067,259,1,0.980619,0.998597,0.85,25.0,10.0,convex
34,229748,143,1,0.987834,0.999239,0.85,25.0,10.0,convex
35,228292,75,1,0.992833,0.999603,0.85,25.0,10.0,convex
36,227108,42,1,0.996072,0.999767,0.85,25.0,10.0,convex
37,226022,25,1,0.997964,0.999859,0.85,25.0,10.0,convex
38,226261,14,1,0.998647,0.999925,0.85,25.0,10.0,convex
39,225937,7,1,0.999321,0.999969,0.85,25.0,10.0,convex
40,226171,3,1,0.999637,0.999987,0.85,25.0,10.0,convex
41,225429,2,1,0.999814,0.999991,0.85,25.0,10.0,convex
42,225472,1,1,0.999905,0.999996,0.85,25.0,10.0,convex
43,225743,0,1,0.999929,1.0,0.85,25.0,10.0,convex

