generation,size,female_size,fertile_female_size,rate_dr,rate_has_drive,drive_efficiency,drop_ratio,low_density_growth_rate,density_growth_curve
1,78295,49382,1,0.0,0.0,0.9,9.0,10.0,linear
2,78154,49501,1,0.0,0.0,0.9,9.0,10.0,linear
3,81142,50859,1,0.0,0.0,0.9,9.0,10.0,linear
4,78062,49661,1,0.0,0.0,0.9,9.0,10.0,linear
5,76944,49231,1,0.0,0.0,0.9,9.0,10.0,linear
6,79716,50653,1,0.0,0.0,0.9,9.0,10.0,linear
7,79684,50287,1,0.0,0.0,0.9,9.0,10.0,linear
8,77385,49269,1,0.0,0.0,0.9,9.0,10.0,linear
9,78966,50077,1,0.0,0.0,0.9,9.0,10.0,linear
10,80769,51011,1,0.0,0.0,0.9,9.0,10.0,linear
11,130788,48993,1,0.342401,0.342401,0.9,9.0,10.0,linear
12,156321,48408,1,0.442962,0.460649,0.9,9.0,10.0,linear
13,159652,48156,1,0.468239,0.507712,0.9,9.0,10.0,linear
14,155354,43391,1,0.49697,0.568752,0.9,9.0,10.0,linear
15,153035,38362,1,0.520225,0.632042,0.9,9.0,10.0,linear
16,155526,34312,1,0.540999,0.688627,0.9,9.0,10.0,linear
17,158162,30194,1,0.559235,0.737753,0.9,9.0,10.0,linear
18,158721,25650,1,0.575473,0.777586,0.9,9.0,10.0,linear
19,158610,22140,1,0.590153,0.807356,0.9,9.0,10.0,linear
20,157937,19509,1,0.603832,0.83133,0.9,9.0,10.0,linear
21,156001,16965,1,0.617647,0.851288,0.9,9.0,10.0,linear
22,152875,14521,1,0.631392,0.868637,0.9,9.0,10.0,linear
23,149096,12587,1,0.646004,0.882991,0.9,9.0,10.0,linear
24,144344,10771,1,0.662953,0.896925,0.9,9.0,10.0,linear
25,138706,9142,1,0.680245,0.910053,0.9,9.0,10.0,linear
26,133332,7552,1,0.699023,0.922124,0.9,9.0,10.0,linear
27,128236,6250,1,0.719469,0.932384,0.9,9.0,10.0,linear
28,121374,5023,1,0.739991,0.941877,0.9,9.0,10.0,linear
29,116158,3931,1,0.766792,0.952284,0.9,9.0,10.0,linear
30,110505,3038,1,0.792172,0.960222,0.9,9.0,10.0,linear
31,105524,2369,1,0.819319,0.967568,0.9,9.0,10.0,linear
32,101023,1836,1,0.846805,0.973747,0.9,9.0,10.0,linear
33,96848,1393,1,0.872283,0.979917,0.9,9.0,10.0,linear
34,93314,974,1,0.894516,0.985826,0.9,9.0,10.0,linear
35,90670,653,1,0.915794,0.990151,0.9,9.0,10.0,linear
36,88541,425,1,0.937352,0.993229,0.9,9.0,10.0,linear
37,86049,285,1,0.954805,0.995645,0.9,9.0,10.0,linear
38,84700,178,1,0.970074,0.997378,0.9,9.0,10.0,linear
39,83150,100,1,0.979667,0.998553,0.9,9.0,10.0,linear
40,82671,67,1,0.986768,0.999087,0.9,9.0,10.0,linear
41,82304,31,1,0.992046,0.999552,0.9,9.0,10.0,linear
42,81590,11,1,0.995584,0.999829,0.9,9.0,10.0,linear
43,81499,3,1,0.997989,0.999951,0.9,9.0,10.0,linear
44,81045,2,1,0.999106,0.999975,0.9,9.0,10.0,linear
45,81252,0,1,0.999496,1.0,0.9,9.0,10.0,linear

