generation,size,female_size,fertile_female_size,rate_dr,rate_has_drive,drive_efficiency,drop_ratio,low_density_growth_rate,density_growth_curve
1,77945,49104,1,0.0,0.0,0.8,15.0,10.0,linear
2,78195,49117,1,0.0,0.0,0.8,15.0,10.0,linear
3,83064,51834,1,0.0,0.0,0.8,15.0,10.0,linear
4,80377,50730,1,0.0,0.0,0.8,15.0,10.0,linear
5,74422,48096,1,0.0,0.0,0.8,15.0,10.0,linear
6,75649,48677,1,0.0,0.0,0.8,15.0,10.0,linear
7,83262,52227,1,0.0,0.0,0.8,15.0,10.0,linear
8,81578,51175,1,0.0,0.0,0.8,15.0,10.0,linear
9,73057,47218,1,0.0,0.0,0.8,15.0,10.0,linear
10,75609,48694,1,0.0,0.0,0.8,15.0,10.0,linear
11,175765,53385,1,0.443295,0.443295,0.8,15.0,10.0,linear
12,218784,52146,1,0.588573,0.597295,0.8,15.0,10.0,linear
13,200417,42552,1,0.615004,0.653536,0.8,15.0,10.0,linear
14,200622,38768,1,0.618322,0.694401,0.8,15.0,10.0,linear
15,210426,36803,1,0.629755,0.73519,0.8,15.0,10.0,linear
16,212456,31667,1,0.643825,0.778821,0.8,15.0,10.0,linear
17,211976,26220,1,0.663472,0.824545,0.8,15.0,10.0,linear
18,211058,21810,1,0.67951,0.85876,0.8,15.0,10.0,linear
19,211372,18302,1,0.693632,0.881867,0.8,15.0,10.0,linear
20,208246,14814,1,0.707828,0.900376,0.8,15.0,10.0,linear
21,203600,11920,1,0.724922,0.91527,0.8,15.0,10.0,linear
22,197664,9940,1,0.743222,0.927057,0.8,15.0,10.0,linear
23,190748,8110,1,0.763128,0.938117,0.8,15.0,10.0,linear
24,183980,6595,1,0.782954,0.947187,0.8,15.0,10.0,linear
25,178061,5331,1,0.802286,0.955695,0.8,15.0,10.0,linear
26,172650,4276,1,0.823016,0.963006,0.8,15.0,10.0,linear
27,166942,3380,1,0.84518,0.969923,0.8,15.0,10.0,linear
28,161615,2492,1,0.868099,0.977157,0.8,15.0,10.0,linear
29,156841,1844,1,0.891983,0.982461,0.8,15.0,10.0,linear
30,151754,1329,1,0.913335,0.986985,0.8,15.0,10.0,linear
31,147650,951,1,0.931709,0.990422,0.8,15.0,10.0,linear
32,144986,677,1,0.947182,0.99302,0.8,15.0,10.0,linear
33,142720,473,1,0.960726,0.995142,0.8,15.0,10.0,linear
34,140112,299,1,0.970651,0.996943,0.8,15.0,10.0,linear
35,139082,193,1,0.980107,0.998094,0.8,15.0,10.0,linear
36,138345,111,1,0.987084,0.998967,0.8,15.0,10.0,linear
37,137325,63,1,0.991571,0.999464,0.8,15.0,10.0,linear
38,136115,42,1,0.994958,0.999641,0.8,15.0,10.0,linear
39,135671,24,1,0.996902,0.999816,0.8,15.0,10.0,linear
40,135508,9,1,0.99837,0.999934,0.8,15.0,10.0,linear
41,135884,3,1,0.999073,0.999978,0.8,15.0,10.0,linear
42,135758,0,1,0.99958,1.0,0.8,15.0,10.0,linear

