generation,size,female_size,fertile_female_size,rate_dr,rate_has_drive,drive_efficiency,drop_ratio,low_density_growth_rate,density_growth_curve
1,78394,49185,1,0.0,0.0,0.95,12.5,10.0,convex
2,78374,49375,1,0.0,0.0,0.95,12.5,10.0,convex
3,88464,54571,1,0.0,0.0,0.95,12.5,10.0,convex
4,71686,46754,1,0.0,0.0,0.95,12.5,10.0,convex
5,61334,41537,1,0.0,0.0,0.95,12.5,10.0,convex
6,108831,64527,1,0.0,0.0,0.95,12.5,10.0,convex
7,96191,58624,1,0.0,0.0,0.95,12.5,10.0,convex
8,62038,42918,1,0.0,0.0,0.95,12.5,10.0,convex
9,32753,29286,1,0.0,0.0,0.95,12.5,10.0,convex
10,134101,76541,1,0.0,0.0,0.95,12.5,10.0,convex
11,205448,74744,1,0.366482,0.366482,0.95,12.5,10.0,convex
12,197275,54279,1,0.570305,0.570305,0.95,12.5,10.0,convex
13,158188,39993,1,0.568956,0.592161,0.95,12.5,10.0,convex
14,183998,46653,1,0.495649,0.538381,0.95,12.5,10.0,convex
15,217870,55499,1,0.546046,0.572525,0.95,12.5,10.0,convex
16,178751,36048,1,0.593094,0.670617,0.95,12.5,10.0,convex
17,175719,32559,1,0.58674,0.751773,0.95,12.5,10.0,convex
18,205323,33823,1,0.613314,0.777748,0.95,12.5,10.0,convex
19,199669,27756,1,0.601124,0.813507,0.95,12.5,10.0,convex
20,211767,23937,1,0.624585,0.836685,0.95,12.5,10.0,convex
21,200673,19489,1,0.630377,0.865052,0.95,12.5,10.0,convex
22,209470,18861,1,0.641669,0.877967,0.95,12.5,10.0,convex
23,201321,15711,1,0.653603,0.897505,0.95,12.5,10.0,convex
24,199241,12954,1,0.669109,0.912614,0.95,12.5,10.0,convex
25,191860,10781,1,0.686137,0.92426,0.95,12.5,10.0,convex
26,184941,8579,1,0.704947,0.935762,0.95,12.5,10.0,convex
27,176766,6958,1,0.727756,0.945531,0.95,12.5,10.0,convex
28,168232,5506,1,0.753189,0.954495,0.95,12.5,10.0,convex
29,158625,4234,1,0.78067,0.9634,0.95,12.5,10.0,convex
30,149818,3173,1,0.808785,0.971192,0.95,12.5,10.0,convex
31,142833,2316,1,0.840063,0.978378,0.95,12.5,10.0,convex
32,136093,1611,1,0.869424,0.984413,0.95,12.5,10.0,convex
33,130729,1069,1,0.897399,0.988639,0.95,12.5,10.0,convex
34,125959,740,1,0.924138,0.992172,0.95,12.5,10.0,convex
35,121648,489,1,0.943329,0.994548,0.95,12.5,10.0,convex
36,118884,322,1,0.961563,0.996495,0.95,12.5,10.0,convex
37,116655,195,1,0.97395,0.99785,0.95,12.5,10.0,convex
38,115707,115,1,0.982584,0.998759,0.95,12.5,10.0,convex
39,114196,57,1,0.988583,0.999374,0.95,12.5,10.0,convex
40,114087,27,1,0.993535,0.999685,0.95,12.5,10.0,convex
41,113516,10,1,0.996442,0.999868,0.95,12.5,10.0,convex
42,113233,2,1,0.998301,0.999974,0.95,12.5,10.0,convex
43,112582,0,1,0.999281,1.0,0.95,12.5,10.0,convex

