generation,size,female_size,fertile_female_size,rate_dr,rate_has_drive,drive_efficiency,drop_ratio,low_density_growth_rate,density_growth_curve
1,78461,49226,1,0.0,0.0,0.95,15.0,10.0,linear
2,78579,49324,1,0.0,0.0,0.95,15.0,10.0,linear
3,82584,51604,1,0.0,0.0,0.95,15.0,10.0,linear
4,80301,50842,1,0.0,0.0,0.95,15.0,10.0,linear
5,74192,48108,1,0.0,0.0,0.95,15.0,10.0,linear
6,76716,49371,1,0.0,0.0,0.95,15.0,10.0,linear
7,83356,52246,1,0.0,0.0,0.95,15.0,10.0,linear
8,78842,49863,1,0.0,0.0,0.95,15.0,10.0,linear
9,72117,46760,1,0.0,0.0,0.95,15.0,10.0,linear
10,79209,50575,1,0.0,0.0,0.95,15.0,10.0,linear
11,176599,53727,1,0.45779,0.45779,0.95,15.0,10.0,linear
12,211840,48622,1,0.590527,0.603068,0.95,15.0,10.0,linear
13,202023,43034,1,0.601828,0.643594,0.95,15.0,10.0,linear
14,206509,41256,1,0.610951,0.682812,0.95,15.0,10.0,linear
15,211701,37977,1,0.625855,0.727731,0.95,15.0,10.0,linear
16,212046,32407,1,0.645485,0.776981,0.95,15.0,10.0,linear
17,210765,27063,1,0.664739,0.824164,0.95,15.0,10.0,linear
18,211224,22269,1,0.681098,0.85936,0.95,15.0,10.0,linear
19,210222,17966,1,0.696834,0.886543,0.95,15.0,10.0,linear
20,206662,13920,1,0.713158,0.907536,0.95,15.0,10.0,linear
21,202738,10994,1,0.733775,0.925356,0.95,15.0,10.0,linear
22,195240,8580,1,0.755958,0.940527,0.95,15.0,10.0,linear
23,188002,6519,1,0.780335,0.953634,0.95,15.0,10.0,linear
24,179962,4817,1,0.806137,0.964455,0.95,15.0,10.0,linear
25,172191,3462,1,0.833994,0.973705,0.95,15.0,10.0,linear
26,164676,2342,1,0.863017,0.981055,0.95,15.0,10.0,linear
27,157422,1522,1,0.891863,0.98684,0.95,15.0,10.0,linear
28,151658,1000,1,0.91814,0.991296,0.95,15.0,10.0,linear
29,146982,616,1,0.941863,0.994425,0.95,15.0,10.0,linear
30,143354,356,1,0.960227,0.996833,0.95,15.0,10.0,linear
31,140566,181,1,0.974529,0.998267,0.95,15.0,10.0,linear
32,138566,95,1,0.984895,0.999125,0.95,15.0,10.0,linear
33,136703,49,1,0.991441,0.99957,0.95,15.0,10.0,linear
34,135966,27,1,0.995344,0.99978,0.95,15.0,10.0,linear
35,135789,15,1,0.997374,0.99989,0.95,15.0,10.0,linear
36,135755,2,1,0.998546,0.999985,0.95,15.0,10.0,linear
37,135926,1,1,0.999422,0.999993,0.95,15.0,10.0,linear
38,135558,0,1,0.999827,1.0,0.95,15.0,10.0,linear

