generation,size,female_size,fertile_female_size,rate_dr,rate_has_drive,drive_efficiency,drop_ratio,low_density_growth_rate,density_growth_curve
1,78363,49249,1,0.0,0.0,0.85,14.25,10.0,linear
2,78144,49260,1,0.0,0.0,0.85,14.25,10.0,linear
3,80875,51091,1,0.0,0.0,0.85,14.25,10.0,linear
4,79821,50596,1,0.0,0.0,0.85,14.25,10.0,linear
5,76196,48855,1,0.0,0.0,0.85,14.25,10.0,linear
6,77906,49782,1,0.0,0.0,0.85,14.25,10.0,linear
7,82463,51737,1,0.0,0.0,0.85,14.25,10.0,linear
8,79418,50134,1,0.0,0.0,0.85,14.25,10.0,linear
9,73118,47185,1,0.0,0.0,0.85,14.25,10.0,linear
10,78083,49879,1,0.0,0.0,0.85,14.25,10.0,linear
11,171536,53562,1,0.441256,0.441256,0.85,14.25,10.0,linear
12,206528,49735,1,0.585058,0.594656,0.85,14.25,10.0,linear
13,191926,41620,1,0.596306,0.638896,0.85,14.25,10.0,linear
14,198411,40306,1,0.598391,0.672637,0.85,14.25,10.0,linear
15,206516,38247,1,0.612509,0.714297,0.85,14.25,10.0,linear
16,206063,32865,1,0.631093,0.763677,0.85,14.25,10.0,linear
17,204370,27377,1,0.653343,0.815286,0.85,14.25,10.0,linear
18,204761,22943,1,0.669908,0.850508,0.85,14.25,10.0,linear
19,204142,18942,1,0.682573,0.875568,0.85,14.25,10.0,linear
20,201727,15044,1,0.698361,0.895271,0.85,14.25,10.0,linear
21,197494,12229,1,0.715571,0.911481,0.85,14.25,10.0,linear
22,191684,9924,1,0.735057,0.927378,0.85,14.25,10.0,linear
23,185390,7896,1,0.75745,0.94044,0.85,14.25,10.0,linear
24,177906,6190,1,0.779416,0.951391,0.85,14.25,10.0,linear
25,170703,4807,1,0.803968,0.961113,0.85,14.25,10.0,linear
26,163954,3527,1,0.829852,0.969005,0.85,14.25,10.0,linear
27,158131,2615,1,0.85568,0.975783,0.85,14.25,10.0,linear
28,151882,1849,1,0.882493,0.982018,0.85,14.25,10.0,linear
29,146350,1377,1,0.905696,0.986494,0.85,14.25,10.0,linear
30,141459,919,1,0.926428,0.991009,0.85,14.25,10.0,linear
31,138645,620,1,0.945441,0.994206,0.85,14.25,10.0,linear
32,135609,388,1,0.96061,0.99633,0.85,14.25,10.0,linear
33,133364,225,1,0.973072,0.997868,0.85,14.25,10.0,linear
34,131885,128,1,0.982436,0.998739,0.85,14.25,10.0,linear
35,130838,82,1,0.988783,0.999233,0.85,14.25,10.0,linear
36,129876,46,1,0.993276,0.999586,0.85,14.25,10.0,linear
37,129145,26,1,0.995975,0.999776,0.85,14.25,10.0,linear
38,129054,8,1,0.997733,0.999938,0.85,14.25,10.0,linear
39,128899,4,1,0.998798,0.999969,0.85,14.25,10.0,linear
40,128979,3,1,0.999469,0.999977,0.85,14.25,10.0,linear
41,128530,1,1,0.999767,0.999992,0.85,14.25,10.0,linear
42,128490,0,1,0.999934,1.0,0.85,14.25,10.0,linear

