generation,size,female_size,fertile_female_size,rate_dr,rate_has_drive,drive_efficiency,drop_ratio,low_density_growth_rate,density_growth_curve
1,78447,49458,1,0.0,0.0,1.0,20.0,10.0,convex
2,78409,49242,1,0.0,0.0,1.0,20.0,10.0,convex
3,84341,52389,1,0.0,0.0,1.0,20.0,10.0,convex
4,76954,49273,1,0.0,0.0,1.0,20.0,10.0,convex
5,69885,45870,1,0.0,0.0,1.0,20.0,10.0,convex
6,88337,54677,1,0.0,0.0,1.0,20.0,10.0,convex
7,86694,53798,1,0.0,0.0,1.0,20.0,10.0,convex
8,55642,38565,1,0.0,0.0,1.0,20.0,10.0,convex
9,77236,49181,1,0.0,0.0,1.0,20.0,10.0,convex
10,125003,72767,1,0.0,0.0,1.0,20.0,10.0,convex
11,207425,54926,1,0.580456,0.580456,1.0,20.0,10.0,convex
12,232002,38630,1,0.668431,0.67112,1.0,20.0,10.0,convex
13,246664,45319,1,0.565352,0.576666,1.0,20.0,10.0,convex
14,303300,68870,1,0.601731,0.607923,1.0,20.0,10.0,convex
15,263789,49764,1,0.68878,0.693285,1.0,20.0,10.0,convex
16,228166,34294,1,0.682344,0.781026,1.0,20.0,10.0,convex
17,256647,35318,1,0.703751,0.821917,1.0,20.0,10.0,convex
18,262259,28627,1,0.690179,0.851826,1.0,20.0,10.0,convex
19,273560,22027,1,0.703355,0.878696,1.0,20.0,10.0,convex
20,266779,16505,1,0.715353,0.908058,1.0,20.0,10.0,convex
21,272405,15787,1,0.729121,0.922664,1.0,20.0,10.0,convex
22,263494,12481,1,0.741548,0.939228,1.0,20.0,10.0,convex
23,258872,9135,1,0.761403,0.953334,1.0,20.0,10.0,convex
24,250330,6991,1,0.787189,0.963556,1.0,20.0,10.0,convex
25,239265,4936,1,0.813381,0.972276,1.0,20.0,10.0,convex
26,227432,3338,1,0.845063,0.980219,1.0,20.0,10.0,convex
27,215820,2215,1,0.878232,0.986203,1.0,20.0,10.0,convex
28,205925,1475,1,0.907412,0.990652,1.0,20.0,10.0,convex
29,198757,909,1,0.934266,0.994141,1.0,20.0,10.0,convex
30,192557,536,1,0.955018,0.996566,1.0,20.0,10.0,convex
31,188206,291,1,0.971149,0.998106,1.0,20.0,10.0,convex
32,185219,152,1,0.98218,0.999059,1.0,20.0,10.0,convex
33,183442,75,1,0.990019,0.999484,1.0,20.0,10.0,convex
34,182072,41,1,0.994709,0.999742,1.0,20.0,10.0,convex
35,180947,19,1,0.997425,0.999884,1.0,20.0,10.0,convex
36,180649,10,1,0.998658,0.999934,1.0,20.0,10.0,convex
37,180651,2,1,0.999344,0.999989,1.0,20.0,10.0,convex
38,181112,1,1,0.999694,0.999994,1.0,20.0,10.0,convex
39,180720,1,1,0.999823,0.999994,1.0,20.0,10.0,convex
40,180443,0,1,0.999922,1.0,1.0,20.0,10.0,convex

