generation,size,female_size,fertile_female_size,rate_dr,rate_has_drive,drive_efficiency,drop_ratio,low_density_growth_rate,density_growth_curve
1,78218,49298,1,0.0,0.0,1.0,9.75,10.0,linear
2,78227,49282,1,0.0,0.0,1.0,9.75,10.0,linear
3,81121,50983,1,0.0,0.0,1.0,9.75,10.0,linear
4,79968,50513,1,0.0,0.0,1.0,9.75,10.0,linear
5,75418,48579,1,0.0,0.0,1.0,9.75,10.0,linear
6,78066,49936,1,0.0,0.0,1.0,9.75,10.0,linear
7,82624,52130,1,0.0,0.0,1.0,9.75,10.0,linear
8,80081,50779,1,0.0,0.0,1.0,9.75,10.0,linear
9,72102,47003,1,0.0,0.0,1.0,9.75,10.0,linear
10,77627,49707,1,0.0,0.0,1.0,9.75,10.0,linear
11,144443,53568,1,0.352507,0.352507,1.0,9.75,10.0,linear
12,165577,49242,1,0.486636,0.499014,1.0,9.75,10.0,linear
13,154018,42754,1,0.502827,0.549124,1.0,9.75,10.0,linear
14,159648,41596,1,0.511929,0.592789,1.0,9.75,10.0,linear
15,166661,39670,1,0.530023,0.639395,1.0,9.75,10.0,linear
16,165629,34458,1,0.553325,0.697076,1.0,9.75,10.0,linear
17,163990,29536,1,0.576592,0.753055,1.0,9.75,10.0,linear
18,164908,25528,1,0.59464,0.793847,1.0,9.75,10.0,linear
19,165661,21875,1,0.608169,0.823877,1.0,9.75,10.0,linear
20,164074,18271,1,0.625098,0.851452,1.0,9.75,10.0,linear
21,161025,15012,1,0.641894,0.873906,1.0,9.75,10.0,linear
22,157040,12741,1,0.659345,0.891795,1.0,9.75,10.0,linear
23,151061,10524,1,0.677817,0.908345,1.0,9.75,10.0,linear
24,144517,8467,1,0.699284,0.925474,1.0,9.75,10.0,linear
25,137759,6424,1,0.723639,0.939762,1.0,9.75,10.0,linear
26,131510,4804,1,0.749899,0.951965,1.0,9.75,10.0,linear
27,124659,3559,1,0.779845,0.962662,1.0,9.75,10.0,linear
28,117176,2497,1,0.81181,0.971567,1.0,9.75,10.0,linear
29,110704,1692,1,0.848506,0.980226,1.0,9.75,10.0,linear
30,104376,1086,1,0.881204,0.987254,1.0,9.75,10.0,linear
31,100084,664,1,0.911326,0.99194,1.0,9.75,10.0,linear
32,96454,383,1,0.938007,0.995149,1.0,9.75,10.0,linear
33,93606,215,1,0.957973,0.996936,1.0,9.75,10.0,linear
34,91293,123,1,0.973111,0.998055,1.0,9.75,10.0,linear
35,90066,70,1,0.983704,0.998854,1.0,9.75,10.0,linear
36,89242,39,1,0.990584,0.999442,1.0,9.75,10.0,linear
37,88619,17,1,0.99464,0.999764,1.0,9.75,10.0,linear
38,88230,9,1,0.997057,0.999898,1.0,9.75,10.0,linear
39,88020,6,1,0.998212,0.999932,1.0,9.75,10.0,linear
40,87932,0,1,0.999164,1.0,1.0,9.75,10.0,linear

