generation,size,female_size,fertile_female_size,rate_dr,rate_has_drive,drive_efficiency,drop_ratio,low_density_growth_rate,density_growth_curve
1,78399,49414,1,0.0,0.0,1.0,9.75,10.0,linear
2,78394,49553,1,0.0,0.0,1.0,9.75,10.0,linear
3,79335,50156,1,0.0,0.0,1.0,9.75,10.0,linear
4,80644,50925,1,0.0,0.0,1.0,9.75,10.0,linear
5,76353,48961,1,0.0,0.0,1.0,9.75,10.0,linear
6,75729,48654,1,0.0,0.0,1.0,9.75,10.0,linear
7,81634,51348,1,0.0,0.0,1.0,9.75,10.0,linear
8,82209,51593,1,0.0,0.0,1.0,9.75,10.0,linear
9,74354,47958,1,0.0,0.0,1.0,9.75,10.0,linear
10,73264,47492,1,0.0,0.0,1.0,9.75,10.0,linear
11,141037,51979,1,0.340091,0.340091,1.0,9.75,10.0,linear
12,173138,52983,1,0.469362,0.481806,1.0,9.75,10.0,linear
13,160028,45507,1,0.512623,0.548778,1.0,9.75,10.0,linear
14,151596,39432,1,0.523458,0.60683,1.0,9.75,10.0,linear
15,161823,38126,1,0.53767,0.654799,1.0,9.75,10.0,linear
16,165913,33996,1,0.556761,0.704732,1.0,9.75,10.0,linear
17,165551,28734,1,0.576517,0.757031,1.0,9.75,10.0,linear
18,165069,24529,1,0.596606,0.799471,1.0,9.75,10.0,linear
19,165030,21150,1,0.612322,0.831573,1.0,9.75,10.0,linear
20,163697,17764,1,0.627386,0.854852,1.0,9.75,10.0,linear
21,159497,14685,1,0.643513,0.876241,1.0,9.75,10.0,linear
22,155569,12176,1,0.662575,0.896275,1.0,9.75,10.0,linear
23,149783,9868,1,0.68325,0.913429,1.0,9.75,10.0,linear
24,143047,7853,1,0.70537,0.929027,1.0,9.75,10.0,linear
25,136473,6011,1,0.730578,0.943545,1.0,9.75,10.0,linear
26,129276,4427,1,0.758251,0.955135,1.0,9.75,10.0,linear
27,122150,3221,1,0.78947,0.966027,1.0,9.75,10.0,linear
28,115195,2238,1,0.822308,0.975,1.0,9.75,10.0,linear
29,108931,1517,1,0.854496,0.981197,1.0,9.75,10.0,linear
30,103956,1058,1,0.885107,0.986288,1.0,9.75,10.0,linear
31,99520,723,1,0.912825,0.990234,1.0,9.75,10.0,linear
32,95823,454,1,0.934758,0.993849,1.0,9.75,10.0,linear
33,93772,275,1,0.956189,0.996471,1.0,9.75,10.0,linear
34,91769,156,1,0.970526,0.998018,1.0,9.75,10.0,linear
35,90005,73,1,0.982123,0.999009,1.0,9.75,10.0,linear
36,89230,28,1,0.989991,0.999565,1.0,9.75,10.0,linear
37,88781,13,1,0.994612,0.999798,1.0,9.75,10.0,linear
38,88505,6,1,0.997387,0.999932,1.0,9.75,10.0,linear
39,88236,2,1,0.998844,0.999977,1.0,9.75,10.0,linear
40,88053,2,1,0.999512,0.999977,1.0,9.75,10.0,linear
41,87686,0,1,0.999818,1.0,1.0,9.75,10.0,linear

