generation,size,female_size,fertile_female_size,rate_dr,rate_has_drive,drive_efficiency,drop_ratio,low_density_growth_rate,density_growth_curve
1,78405,49507,1,0.0,0.0,1.0,15.0,10.0,linear
2,78279,49477,1,0.0,0.0,1.0,15.0,10.0,linear
3,79364,50062,1,0.0,0.0,1.0,15.0,10.0,linear
4,79577,50250,1,0.0,0.0,1.0,15.0,10.0,linear
5,78090,49489,1,0.0,0.0,1.0,15.0,10.0,linear
6,77070,49215,1,0.0,0.0,1.0,15.0,10.0,linear
7,80545,50876,1,0.0,0.0,1.0,15.0,10.0,linear
8,81839,51538,1,0.0,0.0,1.0,15.0,10.0,linear
9,75067,48363,1,0.0,0.0,1.0,15.0,10.0,linear
10,73888,47819,1,0.0,0.0,1.0,15.0,10.0,linear
11,174527,52815,1,0.444562,0.444562,1.0,15.0,10.0,linear
12,218713,52337,1,0.582933,0.593637,1.0,15.0,10.0,linear
13,203917,43980,1,0.613319,0.649523,1.0,15.0,10.0,linear
14,199828,38800,1,0.619814,0.694577,1.0,15.0,10.0,linear
15,209180,36413,1,0.632073,0.736612,1.0,15.0,10.0,linear
16,211906,31731,1,0.646333,0.782174,1.0,15.0,10.0,linear
17,211148,25776,1,0.667193,0.829873,1.0,15.0,10.0,linear
18,209623,20937,1,0.684831,0.866782,1.0,15.0,10.0,linear
19,209813,17155,1,0.699886,0.891383,1.0,15.0,10.0,linear
20,206501,13620,1,0.717487,0.912924,1.0,15.0,10.0,linear
21,200975,10177,1,0.739239,0.931103,1.0,15.0,10.0,linear
22,193862,7770,1,0.762959,0.945718,1.0,15.0,10.0,linear
23,185274,5735,1,0.788952,0.958911,1.0,15.0,10.0,linear
24,176504,4111,1,0.816875,0.968747,1.0,15.0,10.0,linear
25,168799,2827,1,0.847023,0.977592,1.0,15.0,10.0,linear
26,161875,1900,1,0.877649,0.98452,1.0,15.0,10.0,linear
27,154457,1167,1,0.906246,0.989775,1.0,15.0,10.0,linear
28,148701,711,1,0.932375,0.993561,1.0,15.0,10.0,linear
29,144074,457,1,0.953758,0.995553,1.0,15.0,10.0,linear
30,141461,314,1,0.96921,0.997056,1.0,15.0,10.0,linear
31,139034,180,1,0.980122,0.998323,1.0,15.0,10.0,linear
32,137827,104,1,0.98695,0.99905,1.0,15.0,10.0,linear
33,137165,57,1,0.991796,0.999521,1.0,15.0,10.0,linear
34,136564,28,1,0.995055,0.999795,1.0,15.0,10.0,linear
35,135546,8,1,0.997494,0.999941,1.0,15.0,10.0,linear
36,135527,2,1,0.998757,0.999985,1.0,15.0,10.0,linear
37,135451,0,1,0.999457,1.0,1.0,15.0,10.0,linear

